Day_year ,Status,EacToday(kWh),EacTotal(kWh),Pac(W),EpvToday(kWh),EpvTotal(kWh),VacRS(V),VacST(V),VacTR(V),VacR(V),VacS(V),VacT(V),IacR(A),IacS(A),IacT(A),Fac(Hz),PF,INVTemp(℃),AMTemp1(℃),AMTemp2(℃),OUTTemp(℃),BTTemp(℃),FaultCode,WarnCode,FaultBit,WarnBit,Subcode(fault/warn),StrUnmatch,StrUnblance,StrBreak,PV ISO(KΩ),GFCI(mA),R_DCI(mA),S_DCI(mA),T_DCI(mA),Vpv1(V),Vpv2(V),Vpv3(V),Vpv4(V),Vpv5(V),Vpv6(V),Vpv7(V),Vpv8(V),Ipv1(A),Ipv2(A),Ipv3(A),Ipv4(A),Ipv5(A),Ipv6(A),Ipv7(A),Ipv8(A),Ppv1(W),Ppv2(W),Ppv3(W),Ppv4(W),Ppv5(W),Ppv6(W),Ppv7(W),Ppv8(W),Vstr1(V),Vstr2(V),Vstr3(V),Vstr4(V),Vstr5(V),Vstr6(V),Vstr7(V),Vstr8(V),Vstr9(V),Vstr10(V),Vstr12(V),Vstr13(V),Vstr14(V),Vstr16(V),Istr1(A),Istr2(A),Istr3(A),Istr4(A),Istr5(A),Istr6(A),Istr7(A),Istr8(A),Istr9(A),Istr10(A),Istr12(A),Istr13(A),Istr14(A),Istr16(A),QA_FLAG,Hora_SIN,HORA_COS
121,Waiting,18.2,107878.8,0,16.7,97917.3,225.9,222.6,225.8,131.4,128.9,129,0,0,0,60,1,30.4,39.7,31.7,0,29.6,0,0,0,0,0/0,0,0,0,3150,10,0,0,0,63.2,54.2,62,63.2,62.8,61.1,62.9,54.9,0,0,0,0,0,0,0,0,0,0,0,0,0,0,0,0,63.2,63.2,54.2,54.2,62,62,63.2,63.2,62.8,62.8,61.1,63,63,55,0,0,0,0,0,0,0,0,0,0,0,0,0,0,0,0,1
121,Waiting,0,107878.8,0,0,97917.3,225.8,222.4,225.7,131.3,128.9,128.9,0,0,0,60,1,30.3,39.6,31.6,0,29.4,0,0,0,0,0/0,0,0,0,3150,10,0,0,0,62.3,54.6,61.1,62.3,61.9,61.6,62.1,55,0,0,0,0,0,0,0,0,0,0,0,0,0,0,0,0,61.7,61.7,54.3,54.3,60.4,60.4,61.7,61.7,61.3,61.3,61,61.4,61.4,54.9,0,0,0,0,0,0,0,0,0,0,0,0,0,0,0,0,1
121,Waiting,0,107878.8,0,0,97917.3,226,222.7,225.8,131.5,129,129,0,0,0,60,1,30.2,39.5,31.5,0,29.3,0,0,0,0,0/0,0,0,0,3150,10,0,0,0,62.2,54,61,62.2,61.8,60.7,61.9,54.6,0,0,0,0,0,0,0,0,0,0,0,0,0,0,0,0,62.2,62.2,54,54,61,61,62.2,62.2,61.9,61.9,60.7,62,62,54.6,0,0,0,0,0,0,0,0,0,0,0,0,0,0,0,0,1
121,Waiting,0,107878.8,0,0,97917.3,226.1,222.9,226.1,131.5,129.1,129.1,0,0,0,60,1,30.1,39.4,31.4,0,29.2,0,0,0,0,0/0,0,0,0,3150,10,0,0,0,64.7,54.4,63.4,64.7,64.3,62.1,64.4,54.8,0,0,0,0,0,0,0,0,0,0,0,0,0,0,0,0,64.8,64.8,54.5,54.5,63.6,63.6,64.8,64.8,64.4,64.4,62.2,64.6,64.6,54.8,0,0,0,0,0,0,0,0,0,0,0,0,0,0,0,0,1
121,Waiting,0,107878.8,0,0,97917.3,226.4,223.2,226.2,131.6,129.3,129.2,0,0,0,60,1,30,39.3,31.3,0,29.1,0,0,0,0,0/0,0,0,0,3150,10,0,0,0,63.2,53.5,62,63.2,62.8,60.6,62.9,54.4,0,0,0,0,0,0,0,0,0,0,0,0,0,0,0,0,63.2,63.2,53.6,53.6,62,62,63.3,63.3,62.9,62.9,60.6,63,63,54.4,0,0,0,0,0,0,0,0,0,0,0,0,0,0,0,0,1
121,Waiting,0,107878.8,0,0,97917.3,226.4,223.2,226,131.6,129.3,129.2,0,0,0,60,1,30,39.2,31.2,0,29,0,0,0,0,0/0,0,0,0,3150,10,0,0,0,62.1,53.3,60.9,62.1,61.7,60.3,61.8,54.1,0,0,0,0,0,0,0,0,0,0,0,0,0,0,0,0,62.1,62.1,53.3,53.3,60.9,60.9,62.1,62.1,61.7,61.7,60.3,61.9,61.9,54.1,0,0,0,0,0,0,0,0,0,0,0,0,0,0,0,0,1
121,Waiting,0,107878.8,0,0,97917.3,226.7,223.5,226.5,131.8,129.4,129.4,0,0,0,60,1,29.8,39.1,31.1,0,29,0,0,0,0,0/0,0,0,0,3150,10,0,0,0,64.2,53.5,62.9,64.2,63.8,60.4,63.9,54.2,0,0,0,0,0,0,0,0,0,0,0,0,0,0,0,0,64.2,64.2,53.5,53.5,62.9,62.9,64.2,64.2,63.8,63.8,60.4,63.9,63.9,54.2,0,0,0,0,0,0,0,0,0,0,0,0,0,0,0,0,1
121,Waiting,0,107878.8,0,0,97917.3,227.5,224.5,227.6,132.4,129.9,130,0,0,0,60,1,29.8,39,31,0,28.9,0,0,0,0,0/0,0,0,0,3150,10,0,0,0,63.3,53,62.1,63.3,63,60.1,63.1,53.9,0,0,0,0,0,0,0,0,0,0,0,0,0,0,0,0,63.4,63.4,53.1,53.1,62.2,62.2,63.4,63.4,63,63,60.1,63.1,63.1,53.9,0,0,0,0,0,0,0,0,0,0,0,0,0,0,0,0,1
121,Waiting,0,107878.8,0,0,97917.3,227.6,224.6,227.6,132.4,130,130.1,0,0,0,60,1,29.6,38.9,31,0,28.8,0,0,0,0,0/0,0,0,0,3150,9,0,0,0,62.6,52.7,61.4,62.6,62.3,59.7,62.4,53.5,0,0,0,0,0,0,0,0,0,0,0,0,0,0,0,0,62.4,62.4,52.6,52.6,61.2,61.2,62.4,62.4,62,62,59.7,62.2,62.2,53.5,0,0,0,0,0,0,0,0,0,0,0,0,0,0,0,0,1
121,Waiting,0,107878.8,0,0,97917.3,227.7,224.6,228,132.6,130,130.2,0,0,0,60,1,29.5,38.8,30.9,0,28.7,0,0,0,0,0/0,0,0,0,3150,10,0,0,0,64.2,52.6,63,64.2,63.9,59.7,64,53.6,0,0,0,0,0,0,0,0,0,0,0,0,0,0,0,0,64.3,64.3,52.6,52.6,63,63,64.3,64.3,63.9,63.9,59.8,64,64,53.6,0,0,0,0,0,0,0,0,0,0,0,0,0,0,0,0,1
121,Waiting,0,107878.8,0,0,97917.3,228,225,228.1,132.6,130.2,130.3,0,0,0,60,1,29.4,38.7,30.8,0,28.6,0,0,0,0,0/0,0,0,0,3150,9,0,0,0,71.5,54.5,70.3,71.5,71.2,64.2,71.3,54.9,0,0,0,0,0,0,0,0,0,0,0,0,0,0,0,0,71.1,71.1,54.7,54.7,69.9,69.9,71.1,71.1,70.8,70.8,64.7,70.9,70.9,54.9,0,0,0,0,0,0,0,0,0,0,0,0,0,0,0,0,1
121,Waiting,0,107878.8,0,0,97917.3,228,225,228.1,132.7,130.2,130.4,0,0,0,60,1,29.3,38.6,30.8,0,28.5,0,0,0,0,0/0,0,0,0,3150,9,0,0,0,62.9,52.1,61.7,62.9,62.6,59.1,62.7,53,0,0,0,0,0,0,0,0,0,0,0,0,0,0,0,0,63,63,52.1,52.1,61.8,61.8,63,63,62.6,62.6,59.1,62.7,62.7,53,0,0,0,0,0,0,0,0,0,0,0,0,0,0,0,0,1
121,Waiting,0,107878.8,0,0,97917.3,227.3,224.4,227,132.1,129.9,129.8,0,0,0,60,1,29.3,38.6,30.7,0,28.5,0,0,0,0,0/0,0,0,0,3150,9,0,0,0,63.8,51.9,62.5,63.8,63.4,58.9,63.5,52.8,0,0,0,0,0,0,0,0,0,0,0,0,0,0,0,0,63.5,63.5,51.8,51.8,62.3,62.3,63.5,63.5,63.1,63.1,58.9,63.3,63.3,52.7,0,0,0,0,0,0,0,0,0,0,0,0,0,0,0,0.258819045,0.965925826
121,Waiting,0,107878.8,0,0,97917.3,227.3,224.4,227.1,132.1,129.9,129.9,0,0,0,60,1,29.2,38.5,30.7,0,28.4,0,0,0,0,0/0,0,0,0,3150,9,0,0,0,66.1,52.3,64.8,66.1,65.7,59.3,65.8,53.2,0,0,0,0,0,0,0,0,0,0,0,0,0,0,0,0,69.3,69.3,52.6,52.6,68,68,69.3,69.3,68.9,68.9,60,69,69,53.5,0,0,0,0,0,0,0,0,0,0,0,0,0,0,0,0.258819045,0.965925826
121,Waiting,0,107878.8,0,0,97917.3,227.5,224.5,227.1,132.2,130,129.9,0,0,0,60,1,29.1,38.5,30.6,0,28.4,0,0,0,0,0/0,0,0,0,3150,9,0,0,0,61.9,51.3,60.7,62,61.6,58.4,61.7,52.3,0,0,0,0,0,0,0,0,0,0,0,0,0,0,0,0,64.7,64.7,51.3,51.3,63.4,63.4,64.7,64.7,64.3,64.3,58.5,64.4,64.4,52.3,0,0,0,0,0,0,0,0,0,0,0,0,0,0,0,0.258819045,0.965925826
121,Waiting,0,107878.8,0,0,97917.3,227.5,224.6,227.4,132.3,130,130,0,0,0,60,1,29.1,38.4,30.5,0,28.3,0,0,0,0,0/0,0,0,0,3150,9,0,0,0,61.8,51.1,60.6,61.8,61.5,58,61.6,52,0,0,0,0,0,0,0,0,0,0,0,0,0,0,0,0,61.9,61.9,50.9,50.9,60.6,60.6,61.9,61.9,61.5,61.5,57.9,61.6,61.6,51.9,0,0,0,0,0,0,0,0,0,0,0,0,0,0,0,0.258819045,0.965925826
121,Waiting,0,107878.8,0,0,97917.3,227.6,224.6,227.3,132.3,130,130,0,0,0,60,1,29,38.3,30.5,0,28.2,0,0,0,0,0/0,0,0,0,3150,9,0,0,0,65,51.4,63.7,65,64.6,62.4,64.7,52.1,0,0,0,0,0,0,0,0,0,0,0,0,0,0,0,0,65,65,51.3,51.3,63.8,63.8,65,65,64.6,64.6,62.2,64.7,64.7,52.1,0,0,0,0,0,0,0,0,0,0,0,0,0,0,0,0.258819045,0.965925826
121,Waiting,0,107878.8,0,0,97917.3,227.9,225,227.3,132.3,130.3,130.1,0,0,0,60,1,28.9,38.3,30.4,0,28.2,0,0,0,0,0/0,0,0,0,3150,9,0,0,0,62.9,49.6,61.7,62.9,62.5,56.9,62.6,51,0,0,0,0,0,0,0,0,0,0,0,0,0,0,0,0,62.8,62.8,49.6,49.6,61.6,61.6,62.8,62.8,62.5,62.5,56.9,62.6,62.6,51,0,0,0,0,0,0,0,0,0,0,0,0,0,0,0,0.258819045,0.965925826
121,Waiting,0,107878.8,0,0,97917.3,228,225.1,227.4,132.4,130.4,130.2,0,0,0,60,1,28.9,38.2,30.4,0,28.1,0,0,0,0,0/0,0,0,0,3150,9,0,0,0,61.9,49.1,60.7,62,61.6,56.5,61.7,50.5,0,0,0,0,0,0,0,0,0,0,0,0,0,0,0,0,62,62,49.1,49.1,60.7,60.7,62,62,61.6,61.6,56.5,61.7,61.7,50.4,0,0,0,0,0,0,0,0,0,0,0,0,0,0,0,0.258819045,0.965925826
121,Waiting,0,107878.8,0,0,97917.3,228.9,226.1,228.8,133.1,130.8,130.9,0,0,0,60,1,28.8,38.1,30.3,0,28.1,0,0,0,0,0/0,0,0,0,3150,9,0,0,0,63.3,48.9,62.1,63.3,62.9,56.2,63,50.3,0,0,0,0,0,0,0,0,0,0,0,0,0,0,0,0,63.3,63.3,48.9,48.9,62.1,62.1,63.3,63.3,62.9,62.9,56.2,63,63,50.3,0,0,0,0,0,0,0,0,0,0,0,0,0,0,0,0.258819045,0.965925826
121,Waiting,0,107878.8,0,0,97917.3,228.9,226.1,228.7,133.1,130.8,130.8,0,0,0,60,1,28.8,38.1,30.3,0,28.1,0,0,0,0,0/0,0,0,0,3150,9,0,0,0,63.3,48.5,62.1,63.3,63,55.8,63,49.9,0,0,0,0,0,0,0,0,0,0,0,0,0,0,0,0,63.3,63.3,48.5,48.5,62.1,62.1,63.3,63.3,63,63,55.8,63.1,63.1,49.9,0,0,0,0,0,0,0,0,0,0,0,0,0,0,0,0.258819045,0.965925826
121,Waiting,0,107878.8,0,0,97917.3,229.1,226.3,228.9,133.2,131,131,0,0,0,60,1,28.8,38,30.3,0,28,0,0,0,0,0/0,0,0,0,3150,9,0,0,0,63.4,48.1,62.2,63.4,63,55.5,63.1,49.5,0,0,0,0,0,0,0,0,0,0,0,0,0,0,0,0,63.4,63.4,48.1,48.1,62.2,62.2,63.4,63.4,63,63,55.5,63.1,63.1,49.5,0,0,0,0,0,0,0,0,0,0,0,0,0,0,0,0.258819045,0.965925826
121,Waiting,0,107878.8,0,0,97917.3,228.2,225.3,228.1,132.7,130.4,130.5,0,0,0,60,1,28.7,38,30.2,0,28,0,0,0,0,0/0,0,0,0,3150,9,0,0,0,63.2,47.5,62,63.2,62.9,54.9,63,49,0,0,0,0,0,0,0,0,0,0,0,0,0,0,0,0,63.2,63.2,47.4,47.4,62,62,63.3,63.3,62.9,62.9,54.9,63,63,49,0,0,0,0,0,0,0,0,0,0,0,0,0,0,0,0.258819045,0.965925826
121,Waiting,0,107878.8,0,0,97917.3,228.3,225.4,228,132.7,130.4,130.4,0,0,0,60,1,28.7,37.9,30.2,0,27.9,0,0,0,0,0/0,0,0,0,3150,9,0,0,0,63.2,46.9,62,63.2,62.9,54.5,63,48.5,0,0,0,0,0,0,0,0,0,0,0,0,0,0,0,0,63.2,63.2,46.9,46.9,62,62,63.2,63.2,62.8,62.8,54.5,62.9,62.9,48.5,0,0,0,0,0,0,0,0,0,0,0,0,0,0,0,0.258819045,0.965925826
121,Waiting,0,107878.8,0,0,97917.3,228.4,225.8,228.3,132.8,130.6,130.6,0,0,0,60,1,28.6,37.9,30.1,0,27.9,0,0,0,0,0/0,0,0,0,3150,9,0,0,0,62.4,45.7,61.1,62.4,62,53.7,62.1,47.9,0,0,0,0,0,0,0,0,0,0,0,0,0,0,0,0,62.4,62.4,45.8,45.8,61.1,61.1,62.4,62.4,62,62,53.7,62.1,62.1,47.8,0,0,0,0,0,0,0,0,0,0,0,0,0,0,0,0.5,0.866025404
121,Waiting,0,107878.8,0,0,97917.3,228.6,225.7,228.4,132.9,130.7,130.7,0,0,0,60,1,28.6,37.8,30,0,27.8,0,0,0,0,0/0,0,0,0,3150,9,0,0,0,61.5,45.2,60.3,61.5,61.2,53.1,61.3,47.1,0,0,0,0,0,0,0,0,0,0,0,0,0,0,0,0,61.5,61.5,45.1,45.1,60.3,60.3,61.5,61.5,61.2,61.2,53,61.3,61.3,47.1,0,0,0,0,0,0,0,0,0,0,0,0,0,0,0,0.5,0.866025404
121,Waiting,0,107878.8,0,0,97917.3,228.8,226.1,228.5,132.9,130.8,130.8,0,0,0,60,1,28.5,37.8,30,0,27.8,0,0,0,0,0/0,0,0,0,3150,9,0,0,0,61.1,44.5,59.9,61.1,60.7,52.5,60.9,46.6,0,0,0,0,0,0,0,0,0,0,0,0,0,0,0,0,61.1,61.1,44.5,44.5,59.9,59.9,61.1,61.1,60.7,60.7,52.5,60.8,60.8,46.6,0,0,0,0,0,0,0,0,0,0,0,0,0,0,0,0.5,0.866025404
121,Waiting,0,107878.8,0,0,97917.3,228.4,225.6,228.2,132.7,130.6,130.5,0,0,0,60,1,28.5,37.7,29.9,0,27.8,0,0,0,0,0/0,0,0,0,3150,9,0,0,0,60.8,43.7,59.6,60.8,60.5,51.8,60.6,46,0,0,0,0,0,0,0,0,0,0,0,0,0,0,0,0,60.8,60.8,43.7,43.7,59.6,59.6,60.8,60.8,60.5,60.5,51.9,60.6,60.6,46,0,0,0,0,0,0,0,0,0,0,0,0,0,0,0,0.5,0.866025404
121,Waiting,0,107878.8,0,0,97917.3,228.4,225.6,228.4,132.8,130.5,130.6,0,0,0,60,1,28.4,37.7,29.9,0,27.7,0,0,0,0,0/0,0,0,0,3150,9,0,0,0,60.9,43.1,59.6,60.9,60.5,51.3,60.7,45.4,0,0,0,0,0,0,0,0,0,0,0,0,0,0,0,0,60.9,60.9,43.1,43.1,59.7,59.7,60.9,60.9,60.6,60.6,51.3,60.6,60.6,45.4,0,0,0,0,0,0,0,0,0,0,0,0,0,0,0,0.5,0.866025404
121,Waiting,0,107878.8,0,0,97917.3,228.8,226.2,228.6,133,130.9,130.9,0,0,0,60,1,28.4,37.6,29.8,0,27.7,0,0,0,0,0/0,0,0,0,3150,9,0,0,0,60.4,42.5,59.1,60.4,60,50.6,60.1,44.7,0,0,0,0,0,0,0,0,0,0,0,0,0,0,0,0,60.3,60.3,42.5,42.5,59.1,59.1,60.4,60.4,60,60,50.6,60.1,60.1,44.7,0,0,0,0,0,0,0,0,0,0,0,0,0,0,0,0.5,0.866025404
121,Waiting,0,107878.8,0,0,97917.3,228.9,226,228.7,133,130.8,130.8,0,0,0,60,1,28.3,37.5,29.8,0,27.6,0,0,0,0,0/0,0,0,0,3150,9,0,0,0,60.7,42.8,59.5,60.7,60.3,50.7,60.5,44.3,0,0,0,0,0,0,0,0,0,0,0,0,0,0,0,0,60.8,60.8,42.7,42.7,59.5,59.5,60.8,60.8,60.4,60.4,50.8,60.5,60.5,44.3,0,0,0,0,0,0,0,0,0,0,0,0,0,0,0,0.5,0.866025404
121,Waiting,0,107878.8,0,0,97917.3,228.7,226,228.8,133,130.7,130.9,0,0,0,60,1,28.3,37.5,29.7,0,27.6,0,0,0,0,0/0,0,0,0,3150,9,0,0,0,60.5,41.3,59.2,60.5,60.1,49.7,60.2,43.8,0,0,0,0,0,0,0,0,0,0,0,0,0,0,0,0,60.5,60.5,41.4,41.4,59.2,59.2,60.5,60.5,60.1,60.1,49.7,60.3,60.3,43.8,0,0,0,0,0,0,0,0,0,0,0,0,0,0,0,0.5,0.866025404
121,Waiting,0,107878.8,0,0,97917.3,229,226.1,228.9,133.1,130.9,130.9,0,0,0,60,1,28.2,37.4,29.7,0,27.5,0,0,0,0,0/0,0,0,0,3150,9,0,0,0,60.1,40.8,58.9,60.2,59.8,49.1,59.9,43.3,0,0,0,0,0,0,0,0,0,0,0,0,0,0,0,0,60.1,60.1,40.8,40.8,58.9,58.9,60.1,60.1,59.8,59.8,49.1,59.9,59.9,43.2,0,0,0,0,0,0,0,0,0,0,0,0,0,0,0,0.5,0.866025404
121,Waiting,0,107878.8,0,0,97917.3,228.9,226.2,228.8,133.1,130.9,130.9,0,0,0,60,1,28.2,37.4,29.6,0,27.5,0,0,0,0,0/0,0,0,0,3150,9,0,0,0,60.4,40.2,59.1,60.4,60,48.6,60.1,42.8,0,0,0,0,0,0,0,0,0,0,0,0,0,0,0,0,60.3,60.3,40.2,40.2,59.1,59.1,60.4,60.4,60,60,48.6,60.1,60.1,42.8,0,0,0,0,0,0,0,0,0,0,0,0,0,0,0,0.5,0.866025404
121,Waiting,0,107878.8,0,0,97917.3,229.2,226.5,229,133.2,131.1,131.1,0,0,0,60,1,28.1,37.3,29.6,0,27.5,0,0,0,0,0/0,0,0,0,3150,9,0,0,0,59.7,39.6,58.5,59.7,59.4,48,59.5,42.2,0,0,0,0,0,0,0,0,0,0,0,0,0,0,0,0,59.7,59.7,39.6,39.6,58.5,58.5,59.7,59.7,59.4,59.4,48,59.5,59.5,42.2,0,0,0,0,0,0,0,0,0,0,0,0,0,0,0,0.5,0.866025404
121,Waiting,0,107878.8,0,0,97917.3,229.3,226.6,229,133.2,131.1,131.1,0,0,0,60,1,28.1,37.3,29.5,0,27.4,0,0,0,0,0/0,0,0,0,3150,9,0,0,0,59.3,38.7,58.1,59.4,58.9,47.1,59.1,41.3,0,0,0,0,0,0,0,0,0,0,0,0,0,0,0,0,59.3,59.3,38.7,38.7,58.1,58.1,59.3,59.3,59,59,47.1,59.1,59.1,41.3,0,0,0,0,0,0,0,0,0,0,0,0,0,0,0,0.5,0.866025404
121,Waiting,0,107878.8,0,0,97917.3,229.5,226.7,229.2,133.3,131.2,131.2,0,0,0,60,1,28,37.2,29.5,0,27.4,0,0,0,0,0/0,0,0,0,3150,9,0,0,0,58.9,37.8,57.8,59.1,58.7,46.2,58.8,40.3,0,0,0,0,0,0,0,0,0,0,0,0,0,0,0,0,59,59,37.9,37.9,57.8,57.8,59.1,59.1,58.7,58.7,46.2,58.8,58.8,40.4,0,0,0,0,0,0,0,0,0,0,0,0,0,0,0,0.707106781,0.707106781
121,Waiting,0,107878.8,0,0,97917.3,229.5,226.9,229.3,133.3,131.3,131.3,0,0,0,60,1,28,37.2,29.4,0,27.3,0,0,0,0,0/0,0,0,0,3150,9,0,0,0,56.9,36.2,56.3,57.7,57.3,44.5,57.4,38.7,0,0,0,0,0,0,0,0,0,0,0,0,0,0,0,0,56.9,56.9,36.2,36.2,56.3,56.3,57.6,57.6,57.2,57.2,44.5,57.4,57.4,38.8,0,0,0,0,0,0,0,0,0,0,0,0,0,0,0,0.707106781,0.707106781
121,Waiting,0,107878.8,0,0,97917.3,229.7,227.3,229.5,133.4,131.4,131.4,0,0,0,60,1,27.9,37.1,29.4,0,27.3,0,0,0,0,0/0,0,0,0,3150,9,0,0,0,54.2,34.1,55.6,56.8,56.4,42.7,56.6,36.6,0,0,0,0,0,0,0,0,0,0,0,0,0,0,0,0,54.4,54.4,34.2,34.2,55.6,55.6,56.8,56.8,56.5,56.5,42.7,56.5,56.5,36.6,0,0,0,0,0,0,0,0,0,0,0,0,0,0,0,0.707106781,0.707106781
121,Waiting,0,107878.8,0,0,97917.3,230.3,226.4,229.9,134,131.3,131.2,0,0,0,60,1,27.9,37.1,29.3,0,27.2,0,0,0,0,0/0,0,0,0,3150,9,0,0,0,52,33.1,54.9,56.2,55.9,41.2,56,35.4,0,0,0,0,0,0,0,0,0,0,0,0,0,0,0,0,52,52,33.1,33.1,54.9,54.9,56.2,56.2,55.8,55.8,41.3,55.9,55.9,35.4,0,0,0,0,0,0,0,0,0,0,0,0,0,0,0,0.707106781,0.707106781
121,Waiting,0,107878.8,0,0,97917.3,229.9,227.3,229.5,133.5,131.5,131.4,0,0,0,60,1,27.8,37,29.2,0,27.2,0,0,0,0,0/0,0,0,0,3150,9,0,0,0,40.5,28.5,39.1,40.5,40.1,31.4,40.2,31.4,0,0,0,0,0,0,0,0,0,0,0,0,0,0,0,0,40.3,40.3,28.5,28.5,38.9,38.9,40.3,40.3,39.9,39.9,31.3,40,40,31.3,0,0,0,0,0,0,0,0,0,0,0,0,0,0,0,0.707106781,0.707106781
121,Waiting,0,107878.8,0,0,97917.3,230,227.6,229.6,133.5,131.7,131.5,0,0,0,60,1,27.8,36.9,29.2,0,27.1,0,0,0,0,0/0,0,0,0,3150,9,0,0,0,18.9,18,17.4,18.9,18.5,18.6,18.6,19.3,0,0,0,0,0,0,0,0,0,0,0,0,0,0,0,0,18.9,18.9,17.9,17.9,17.4,17.4,18.9,18.9,18.4,18.4,18.6,18.6,18.6,19.3,0,0,0,0,0,0,0,0,0,0,0,0,0,0,0,0.707106781,0.707106781
121,Waiting,0,107878.8,0,0,97917.3,228.8,226.2,228.4,132.9,130.9,130.8,0,0,0,60,1,27.7,36.9,29.2,0,27.1,0,0,0,0,0/0,0,0,0,3150,9,0,0,0,16.1,15.1,14.5,16,15.7,15.8,15.8,16.5,0,0,0,0,0,0,0,0,0,0,0,0,0,0,0,0,16.1,16.1,15.1,15.1,14.5,14.5,16.1,16.1,15.7,15.7,15.8,15.8,15.8,16.5,0,0,0,0,0,0,0,0,0,0,0,0,0,0,0,0.707106781,0.707106781
121,Waiting,0,107878.8,0,0,97917.3,228.9,226.5,228.6,132.9,131,131,0,0,0,60,1,27.6,36.8,29.1,0,27,0,0,0,0,0/0,0,0,0,3150,9,0,0,0,15.2,14.3,13.7,15.2,14.8,14.9,14.9,15.7,0,0,0,0,0,0,0,0,0,0,0,0,0,0,0,0,15.2,15.2,14.3,14.3,13.7,13.7,15.2,15.2,14.8,14.8,14.9,14.9,14.9,15.7,0,0,0,0,0,0,0,0,0,0,0,0,0,0,0,0.707106781,0.707106781
121,Waiting,0,107878.8,0,0,97917.3,229,226.6,228.6,132.9,131,131,0,0,0,60,1,27.6,36.8,29,0,27,0,0,0,0,0/0,0,0,0,3150,9,0,0,0,14.6,13.7,13.1,14.7,14.2,14.4,14.4,15.1,0,0,0,0,0,0,0,0,0,0,0,0,0,0,0,0,14.6,14.6,13.7,13.7,13.1,13.1,14.7,14.7,14.2,14.2,14.4,14.4,14.4,15.1,0,0,0,0,0,0,0,0,0,0,0,0,0,0,0,0.707106781,0.707106781
121,Waiting,0,107878.8,0,0,97917.3,229.2,226.8,228.7,133,131.2,131.1,0,0,0,60,1,27.5,36.7,29,0,26.9,0,0,0,0,0/0,0,0,0,3150,9,0,0,0,14.6,13.7,13.1,14.6,14.2,14.3,14.3,15,0,0,0,0,0,0,0,0,0,0,0,0,0,0,0,0,14.6,14.6,13.7,13.7,13.1,13.1,14.6,14.6,14.2,14.2,14.3,14.3,14.3,15.1,0,0,0,0,0,0,0,0,0,0,0,0,0,0,0,0.707106781,0.707106781
121,Waiting,0,107878.8,0,0,97917.3,229.4,227.1,228.9,133.1,131.4,131.2,0,0,0,60,1,27.4,36.7,28.9,0,26.9,0,0,0,0,0/0,0,0,0,3150,9,0,0,0,14.1,13.1,12.6,14.1,13.7,13.8,13.8,14.6,0,0,0,0,0,0,0,0,0,0,0,0,0,0,0,0,14.1,14.1,13.1,13.1,12.6,12.6,14.1,14.1,13.7,13.7,13.8,13.8,13.8,14.5,0,0,0,0,0,0,0,0,0,0,0,0,0,0,0,0.707106781,0.707106781
121,Waiting,0,107878.8,0,0,97917.3,229.4,226.9,228.9,133.1,131.3,131.1,0,0,0,60,1,27.4,36.6,28.9,0,26.8,0,0,0,0,0/0,0,0,0,3150,9,0,0,0,14.1,13.1,12.6,14.1,13.6,13.8,13.8,14.5,0,0,0,0,0,0,0,0,0,0,0,0,0,0,0,0,14.1,14.1,13.1,13.1,12.5,12.5,14.1,14.1,13.7,13.7,13.8,13.8,13.8,14.5,0,0,0,0,0,0,0,0,0,0,0,0,0,0,0,0.707106781,0.707106781
121,Waiting,0,107878.8,0,0,97917.3,229.3,227,228.8,133.1,131.3,131.1,0,0,0,60,1,27.3,36.6,28.8,0,26.8,0,0,0,0,0/0,0,0,0,3150,9,0,0,0,13.4,12.5,11.9,13.5,13,13.1,13.2,13.9,0,0,0,0,0,0,0,0,0,0,0,0,0,0,0,0,13.4,13.4,12.5,12.5,11.9,11.9,13.5,13.5,13,13,13.1,13.2,13.2,13.9,0,0,0,0,0,0,0,0,0,0,0,0,0,0,0,0.866025404,0.5
121,Waiting,0,107878.8,0,0,97917.3,229.3,227,228.9,133.1,131.3,131.2,0,0,0,60,1,27.3,36.5,28.7,0,26.7,0,0,0,0,0/0,0,0,0,3150,9,0,0,0,13.5,12.6,12,13.5,13.1,13.2,13.3,14,0,0,0,0,0,0,0,0,0,0,0,0,0,0,0,0,13.5,13.5,12.6,12.6,12,12,13.6,13.6,13.1,13.1,13.2,13.3,13.3,14,0,0,0,0,0,0,0,0,0,0,0,0,0,0,0,0.866025404,0.5
121,Waiting,0,107878.8,0,0,97917.3,229,226.6,228.6,132.9,131.1,131,0,0,0,60,1,27.2,36.5,28.7,0,26.7,0,0,0,0,0/0,0,0,0,3150,9,0,0,0,13.2,12.3,11.7,13.2,12.8,12.9,12.9,13.7,0,0,0,0,0,0,0,0,0,0,0,0,0,0,0,0,13.2,13.2,12.3,12.3,11.7,11.7,13.2,13.2,12.8,12.8,12.9,12.9,12.9,13.7,0,0,0,0,0,0,0,0,0,0,0,0,0,0,0,0.866025404,0.5
121,Waiting,0,107878.8,0,0,97917.3,229.3,227,228.8,133,131.3,131.2,0,0,0,60,1,27.2,36.4,28.7,0,26.6,0,0,0,0,0/0,0,0,0,3150,9,0,0,0,12.8,11.9,11.4,12.9,12.4,12.5,12.6,13.3,0,0,0,0,0,0,0,0,0,0,0,0,0,0,0,0,12.9,12.9,11.9,11.9,11.4,11.4,12.9,12.9,12.5,12.5,12.6,12.6,12.6,13.3,0,0,0,0,0,0,0,0,0,0,0,0,0,0,0,0.866025404,0.5
121,Waiting,0,107878.8,0,0,97917.3,229.3,227,228.6,133,131.4,131.1,0,0,0,60,1,27.2,36.4,28.6,0,26.6,0,0,0,0,0/0,0,0,0,3150,9,0,0,0,12.3,11.4,10.8,12.3,11.9,12,12,12.7,0,0,0,0,0,0,0,0,0,0,0,0,0,0,0,0,12.3,12.3,11.4,11.4,10.8,10.8,12.3,12.3,11.9,11.9,12,12.1,12.1,12.7,0,0,0,0,0,0,0,0,0,0,0,0,0,0,0,0.866025404,0.5
121,Waiting,0,107878.8,0,0,97917.3,229.5,227.1,228.9,133.1,131.4,131.2,0,0,0,60,1,27.1,36.3,28.6,0,26.6,0,0,0,0,0/0,0,0,0,3150,9,0,0,0,12,11.1,10.5,12,11.6,11.7,11.8,12.4,0,0,0,0,0,0,0,0,0,0,0,0,0,0,0,0,12,12,11.1,11.1,10.5,10.5,12.1,12.1,11.6,11.6,11.7,11.8,11.8,12.4,0,0,0,0,0,0,0,0,0,0,0,0,0,0,0,0.866025404,0.5
121,Waiting,0,107878.8,0,0,97917.3,229,228,228.5,132.7,131.6,131.5,0,0,0,60,1,27.1,36.3,28.6,0,26.5,0,0,0,0,0/0,0,0,0,3150,9,0,0,0,11.8,10.8,10.3,11.8,11.4,11.5,11.5,12.2,0,0,0,0,0,0,0,0,0,0,0,0,0,0,0,0,11.8,11.8,10.8,10.8,10.3,10.3,11.8,11.8,11.4,11.4,11.5,11.5,11.5,12.2,0,0,0,0,0,0,0,0,0,0,0,0,0,0,0,0.866025404,0.5
121,Waiting,0,107878.8,0,0,97917.3,229.6,227.3,229,133.2,131.5,131.3,0,0,0,60,1,27,36.2,28.5,0,26.5,0,0,0,0,0/0,0,0,0,3150,9,0,0,0,12.1,11.2,10.6,12.2,11.7,11.8,11.9,12.6,0,0,0,0,0,0,0,0,0,0,0,0,0,0,0,0,12.1,12.1,11.2,11.2,10.6,10.6,12.2,12.2,11.7,11.7,11.8,11.9,11.9,12.5,0,0,0,0,0,0,0,0,0,0,0,0,0,0,0,0.866025404,0.5
121,Waiting,0,107878.8,0,0,97917.3,229.7,227.5,229.1,133.2,131.6,131.4,0,0,0,60,1,26.9,36.2,28.4,0,26.4,0,0,0,0,0/0,0,0,0,3150,9,0,0,0,13.6,12.7,12.1,13.6,13.2,13.3,13.3,14.1,0,0,0,0,0,0,0,0,0,0,0,0,0,0,0,0,13.6,13.6,12.7,12.7,12.1,12.1,13.7,13.7,13.2,13.2,13.4,13.4,13.4,14.1,0,0,0,0,0,0,0,0,0,0,0,0,0,0,0,0.866025404,0.5
121,Waiting,0,107878.8,0,0,97917.3,229.8,227.6,229.2,133.3,131.7,131.4,0,0,0,60,1,26.9,36.1,28.4,0,26.3,0,0,0,0,0/0,0,0,0,3150,9,0,0,0,17.9,17,16.4,17.9,17.5,17.6,17.6,18.3,0,0,0,0,0,0,0,0,0,0,0,0,0,0,0,0,17.9,17.9,17,17,16.4,16.4,17.9,17.9,17.5,17.5,17.6,17.6,17.6,18.3,0,0,0,0,0,0,0,0,0,0,0,0,0,0,0,0.866025404,0.5
121,Waiting,0,107878.8,0,0,97917.3,229.9,227.7,229.4,133.4,131.7,131.5,0,0,0,60,1,26.8,36.1,28.3,0,26.3,0,0,0,0,0/0,0,0,0,3150,9,0,0,0,28.4,27.6,27,28.4,28,28.1,28.1,28.9,0,0,0,0,0,0,0,0,0,0,0,0,0,0,0,0,28,28,27.2,27.2,26.6,26.6,28,28,27.6,27.6,27.8,27.7,27.7,28.5,0,0,0,0,0,0,0,0,0,0,0,0,0,0,0,0.866025404,0.5
121,Waiting,0,107878.8,0,0,97917.3,229.9,227.7,229.3,133.3,131.7,131.5,0,0,0,60,1,26.8,36.1,28.3,0,26.3,0,0,0,0,0/0,0,0,0,3150,9,0,0,0,55.9,55,54.5,55.8,55.4,55.6,55.6,56.2,0,0,0,0,0,0,0,0,0,0,0,0,0,0,0,0,56.1,56.1,55.3,55.3,54.7,54.7,56.1,56.1,55.7,55.7,55.8,55.8,55.8,56.5,0,0,0,0,0,0,0,0,0,0,0,0,0,0,0,0.866025404,0.5
121,Waiting,0,107878.8,0,0,97917.3,230,227.9,229.4,133.4,131.8,131.6,0,0,0,60,1,26.7,36,28.3,0,26.2,0,0,0,0,0/0,0,0,0,3150,9,0,0,0,102.5,101.8,101.3,102.4,102.1,102.3,101.6,102.2,0,0,0,0,0,0,0,0,0,0,0,0,0,0,0,0,103.2,103.2,102.4,102.4,102,102,103,103,102.7,102.7,102.9,102.8,102.8,103.4,0,0,0,0,0,0,0,0,0,0,0,0,0,0,0,0.965925826,0.258819045
121,Waiting,0,107878.8,0,0,97917.3,230,228,229.4,133.4,131.9,131.6,0,0,0,60,1,26.7,36,28.2,0,26.2,0,0,0,0,0/0,0,0,0,3150,9,0,0,0,119.2,118.5,118.1,119.1,118.8,119,119.3,119.8,0,0,0,0,0,0,0,0,0,0,0,0,0,0,0,0,126.8,126.8,126.1,126.1,125.7,125.7,126.6,126.6,126.3,126.3,126.5,126.8,126.8,127.3,0,0,0,0,0,0,0,0,0,0,0,0,0,0,0,0.965925826,0.258819045
121,Waiting,0,107878.8,0,0,97917.3,228.8,227.7,228.1,132.5,131.6,131.3,0,0,0,60,1,26.7,36.1,28.2,0,26.2,0,0,0,0,0/0,0,0,0,3150,7,0,0,0,128,127.3,126.9,127.9,127.5,127.7,125.5,126,0,0,0,0,0,0,0,0,0,0,0,0,0,0,0,0,102.7,102.7,102,102,101.5,101.5,102.6,102.6,102.3,102.3,102.4,98.4,98.4,99,0,0,0,0,0,0,0,0,0,0,0,0,0,0,0,0.965925826,0.258819045
121,Waiting,0,107878.8,0,0,97917.3,229,227.9,228.4,132.6,131.7,131.4,0,0,0,60,1,26.7,36.9,28.2,0,26.2,0,0,0,0,0/0,0,0,0,3150,7,0,0,0,583.1,583.4,583.9,566.1,582.6,583,582.3,552.2,0,0,0,0,0,0,0,0,0,0,0,0,0,0,0,0,583.3,583.3,583.6,583.6,584.1,584.1,566.3,566.3,582.8,582.8,583.3,582.5,582.5,552.4,0,0,0,0,0,0,0,0,0,0,0,0,0,0,0,0.965925826,0.258819045
121,Normal,0,107878.8,312.2,0,97917.3,229.2,228.2,228.4,132.8,131.9,131.6,3.2,3.2,3,60,1,28,38,28.4,0,26.6,0,0,0,0,0/0,0,0,0,4406,6,0,0,0,404.2,407.7,441.4,405.1,444.5,446.6,412.3,399.7,0,0,0,0,0.1,0.1,0,0,0,0,0,0,44.4,44.6,0,0,415.4,415.4,428.4,428.4,449.1,449.1,419.7,419.7,454.2,454.2,455.7,419.9,419.9,408.9,0.6,0,0.4,0,0.1,0,0.2,0,0.1,0,0,0.2,0,0.1,0,0.965925826,0.258819045
121,Normal,0,107878.8,201.2,0,97917.3,229,228.2,228.3,132.5,131.9,131.4,2,1.6,1.7,60,1,28.8,38.8,28.5,0,27.4,0,0,0,0,0/0,0,0,0,4406,6,0,0,0,168.6,179.5,177.1,177.3,179.4,180.5,174.9,179.2,0,0,0,0.1,0.1,0.1,0.1,0.1,0,0,0,17.7,17.9,18,17.4,17.9,162.3,162.3,176.5,176.5,177,177,174.9,174.9,171.3,171.3,179,175.8,175.8,179.4,0.6,0,0.4,0,0.1,0,0.2,0,0.1,0,0,0.2,0,0.2,0,0.965925826,0.258819045
121,Normal,0,107878.8,268.3,0,97917.3,229.3,228.5,228.8,132.7,131.9,131.7,2.1,1.7,2.2,60,1,29.6,39.4,28.6,0,28.1,0,0,0,0,0/0,0,0,0,4406,7,0,0,0,179.4,179.4,180.4,180,178.9,179.9,178.5,179.4,0.2,0.1,0,0.2,0.2,0.2,0.1,0.2,35.8,17.9,0,36,35.7,35.9,17.8,35.8,180,180,179.8,179.8,181.1,181.1,179.9,179.9,178.9,178.9,180.4,180.1,180.1,178.7,0.7,0,0.5,0,0.1,0,0.2,0,0.2,0,0.1,0.3,0,0.2,0,0.965925826,0.258819045
121,Normal,0,107878.8,400.8,0,97917.3,229.5,228.8,228.8,132.8,132.2,131.7,1.7,1.3,1.8,60,1,30.3,39.8,28.7,0,28.7,0,0,0,0,0/0,0,0,0,4406,7,0,0,0,197.1,177.5,175.6,182.5,188.3,238.8,180.3,195.8,0.3,0.1,0.1,0.4,0.2,0.3,0.3,0.3,59.1,17.7,17.5,73,37.6,71.6,54,58.7,201.4,201.4,179.3,179.3,177.1,177.1,182.5,182.5,188.7,188.7,236.7,180.7,180.7,194.3,0.8,0,0.6,0,0.1,0,0.3,0,0.2,0,0.3,0.4,0,0.4,0,0.965925826,0.258819045
121,Normal,0.1,107878.9,559.2,0,97917.3,229.6,228.7,228.9,133,132.2,131.9,3,3.7,3.1,60,1,30.9,40.1,29,0,29.4,0,0,0,0,0/0,0,0,0,4406,7,0,0,0,251.5,179.8,181.2,240.5,192.1,279.6,177.6,422.9,0.4,0.1,0.2,0.4,0.2,0.4,0.3,0.2,100.6,17.9,36.2,96.2,38.4,111.8,53.2,84.5,247.4,247.4,180.7,180.7,180.6,180.6,234.1,234.1,188.1,188.1,280.6,178.7,178.7,498.2,0.8,0,0.6,0,0.1,0.1,0.4,0.1,0.3,0,0.4,0.4,0,0.3,0,0.965925826,0.258819045
121,Normal,0.1,107878.9,961.5,0,97917.3,229.5,228.7,228.7,133.1,132.4,132.1,4.7,4.4,4.5,60,1,32.2,40.5,29.2,0,30.7,0,0,0,0,0/0,0,0,0,4406,7,570.4,8.6,0,287.6,179.2,197.8,304.9,563.3,517.1,179.8,504.9,0.4,0.2,0.2,0.5,0.2,0.4,0.4,0.3,115,35.8,39.5,152.4,112.6,206.8,71.9,151.4,285.3,285.3,178.2,178.2,196.6,196.6,295.1,295.1,553,553,518.2,179.5,179.5,504.6,0.8,0,0.7,0,0.1,0.2,0.4,0,0.3,0,0.3,0.4,0,0.3,0,0.965925826,0.258819045
121,Normal,0.2,107879,1490.3,0.1,97917.4,229.6,228.9,228.7,133.1,132.5,132.1,6.6,7,6.6,60,1,33.3,40.8,29.4,0,31.8,0,0,0,0,0/0,0,0,0,4406,8,0,0,0,648.2,213,274.2,384.4,574.1,476.8,178.3,422.8,0.6,0.2,0.4,0.8,0.4,0.6,0.5,0.5,388.9,42.6,109.6,307.5,229.6,286,89.1,211.4,647.7,647.7,218.6,218.6,265.8,265.8,387.8,387.8,565.2,565.2,484.2,178.2,178.2,423.3,0.9,0,0.8,0,0.1,0.2,0.5,0.2,0.4,0,0.6,0.5,0,0.6,0,0.965925826,0.258819045
121,Normal,0.4,107879.2,1977,0.3,97917.6,229.8,229,229.1,133.3,132.5,132.3,6.1,5.5,6.2,60,1,34.4,41.1,29.7,0,33,0,0,0,0,0/0,0,0,0,4406,7,0,0,0,591.9,235.6,264.9,419.7,489.9,485.1,179.4,436.2,1.1,0.3,0.5,1,0.4,0.7,0.6,0.6,651,70.6,132.4,419.7,195.9,339.5,107.6,261.7,592.5,592.5,227.4,227.4,267.5,267.5,421.8,421.8,496.6,496.6,486.6,179.8,179.8,435.1,1,0,0.9,0,0.1,0.4,0.6,0.4,0.5,0,0.6,0.6,0,0.6,0,0.965925826,0.258819045
121,Normal,0.6,107879.4,3068.8,0.5,97917.8,229.7,229.2,229,133.2,132.5,132.3,5.4,6,5.6,60,1,35.9,41.2,29.9,0,34.3,0,0,0,0,0/0,0,0,0,4406,8,804,39.6,598.2,598.4,249.4,335.3,463,492.9,491.3,572.4,457.8,1.5,0.5,0.6,1.4,0.5,1,0.6,0.8,897.6,124.7,201.1,648.2,246.4,491.3,343.4,366.2,595,595,249.7,249.7,333.2,333.2,461.5,461.5,492,492,484.5,586.4,586.4,462.1,1.2,0.2,1.1,0,0.1,0.5,0.7,0.7,0.6,0,0.9,0.6,0,0.8,0,1,6.12574E-17
121,Normal,0.9,107879.7,3780,0.8,97918.1,229.8,229.1,229,133.2,132.6,132.2,13.1,14.3,12.5,60,1,37.7,41.5,30.3,0,36,0,0,0,0,0/0,0,0,0,4406,8,66.9,99.1,125.2,613.4,267,395.5,496,468.9,496.3,569.2,427.7,1.9,0.6,0.7,1.8,0.6,1.3,0.7,0.8,1165.4,160.2,276.8,892.8,281.3,645.1,398.4,342.1,635.6,635.6,264.9,264.9,406,406,505.9,505.9,479.5,479.5,498.1,569.8,569.8,427.2,1.2,0.5,1.2,0,0.1,0.5,0.8,0.9,0.7,0,1.3,0.7,0,0.8,0,1,6.12574E-17
121,Normal,1.2,107880,4492,1.1,97918.4,229.9,229.2,229,133.3,132.7,132.3,6.6,7.3,6.5,60,1,39.7,41.9,30.7,0,37.7,0,0,0,0,0/0,0,0,0,4406,8,318.3,292.5,172.3,634.5,303.8,433.1,544.5,439.2,503.2,531.2,429.1,2.1,0.6,0.7,2,0.8,1.5,0.7,1,1332.4,182.2,303.1,1089,351.3,754.8,371.8,429.1,604.4,604.4,296.6,296.6,431.2,431.2,531.5,531.5,437.6,437.6,486.9,527.1,527.1,427.7,1.4,0.8,1.3,0,0.1,0.6,0.9,1.1,0.9,0,1.4,0.8,0,1,0,1,6.12574E-17
121,Normal,1.6,107880.4,6232.3,1.5,97918.8,229.8,229.1,229,133.4,132.4,132.3,29.7,30.1,29.9,60,1,42.1,42.2,31.1,0,39.6,0,0,0,0,0/0,0,0,0,4406,7,171.4,152.2,74.5,623.7,307.7,460.5,537,435.8,535.8,483.2,445.7,2.8,1.1,0.9,2.6,0.9,1.8,0.9,1.2,1746.3,338.4,414.4,1396.2,392.2,964.4,434.8,534.8,626.5,626.5,307.8,307.8,459.4,459.4,533.7,533.7,441.6,441.6,539.1,490.1,490.1,458.3,1.5,1,1.8,0,0.1,0.7,1.1,1.4,1.1,0,1.7,1,0,1.3,0,1,6.12574E-17
121,Normal,2.2,107881,7331,1.8,97919.1,230,229.2,229,133.4,132.6,132.3,19.4,17.9,21.4,60,1,45,42.6,31.6,0,41.8,0,0,0,0,0/0,0,0,0,4406,7,402.2,263.8,275.9,628.8,337.8,513.3,581.4,438,569.6,471.6,516.4,3.2,1.6,0.9,2.9,1.1,2.1,1.2,1.5,2012.1,540.4,461.9,1686,481.8,1196.1,565.9,774.6,607.4,607.4,337.5,337.5,505.2,505.2,569.9,569.9,436.6,436.6,563.7,471.9,471.9,510.4,1.6,1.3,2.2,0,0.1,0.8,1.1,1.8,1.2,0,2,1.1,0,1.5,0,1,6.12574E-17
121,Normal,2.9,107881.7,8472.1,2.6,97919.9,230.1,229.5,229.3,133.5,132.8,132.6,28.5,27.5,31.5,60,1,48.3,43,32.1,0,44.4,0,0,0,0,0/0,0,0,0,4406,8,262.7,41.5,304.2,661,426.3,550.2,616.2,432,579.7,495.4,547.6,3.2,1.8,1,3.2,1.1,2.4,1.2,1.6,2115.2,767.3,550.2,1971.8,475.2,1391.2,594.4,876.1,668.6,668.6,425.7,425.7,557.4,557.4,616.8,616.8,436.8,436.8,574.6,492,492,544,1.7,1.5,2.5,0,0.1,0.8,1.2,2,1.2,0,2.2,1.2,0,1.6,0,1,6.12574E-17
121,Normal,3.6,107882.4,9295.1,3,97920.3,230,229.5,229.3,133.4,132.8,132.6,23.7,23.7,23.7,60,1,51.2,43.5,32.6,0,46.9,0,0,0,0,0/0,0,0,0,4406,9,4.8,19.7,40.5,654.3,429.6,542.5,604.2,460.5,577.1,506.1,605,3.5,2.1,0.9,3.4,1.1,2.6,1.2,1.7,2290,902.1,488.2,2054.2,506.5,1500.4,607.3,1028.5,656.1,656.1,434.6,434.6,544.9,544.9,604.7,604.7,458.5,458.5,577.4,506.9,506.9,605.2,1.7,1.6,2.7,0,0.1,0.8,1.2,2.3,1.2,0,2.5,1.2,0,1.8,0,1,6.12574E-17
121,Normal,4.5,107883.3,10620.2,3.9,97921.2,230.3,229.7,229.3,133.5,133,132.5,27.6,27.5,27.6,60,1,54.6,44,33.2,0,49.6,0,0,0,0,0/0,0,0,0,4406,10,29.7,5.7,35.4,650.4,452.9,504.4,599,461.9,590.6,502.7,611.7,3.8,2.4,1,3.8,1.8,2.9,1.2,2,2471.5,1086.9,504.4,2276.2,831.4,1712.7,603.2,1223.4,647.5,647.5,453.2,453.2,504.2,504.2,600.6,600.6,459.9,459.9,590.3,503,503,610.9,1.8,1.8,2.9,0,0.1,1,1.3,2.5,1.9,0,2.8,1.3,0,2,0,1,6.12574E-17
121,Normal,5.4,107884.2,11754.1,4.7,97922,230.3,229.7,229.3,133.5,133,132.6,30,29.8,29.9,60,1,50.8,42.4,33.8,0,45.4,0,0,0,0,0/0,0,0,0,4406,9,1.7,27.8,29.5,656.9,481.8,510.5,602.7,474.4,574.3,458.6,618,3.9,2.7,1,4,2.4,3.2,1.8,2.1,2561.9,1300.8,510.5,2410.8,1138.5,1837.7,825.4,1297.8,650.4,650.4,475.3,475.3,510.2,510.2,603.7,603.7,475.6,475.6,574,459.8,459.8,619.3,1.8,2.1,3.2,0,0.1,0.8,1.2,2.8,2.4,0,3.1,2,0,2.1,0,1,6.12574E-17
121,Normal,6.5,107885.3,13168.8,5.6,97922.9,230.5,229.8,229.6,133.7,133.1,132.6,33.7,33.7,33.5,60,1,55.1,42.5,34.4,0,49.3,0,0,0,0,0/0,0,0,0,4406,8,8.6,66.2,33.7,655.1,527.6,497.5,629.2,465.9,607.1,485.1,619.9,4.4,3.1,1.3,4.3,2.8,3.3,1.7,2.3,2882.4,1635.5,646.7,2705.5,1304.5,2003.4,824.6,1425.7,652.5,652.5,531.1,531.1,499.6,499.6,629.3,629.3,470.8,470.8,601.5,490.4,490.4,618.9,1.8,2.4,3.5,0,0.1,1.1,1.2,3.1,2.8,0,3.2,1.9,0,2.3,0,1,6.12574E-17
121,Normal,7.6,107886.4,15283,6.6,97923.9,230.6,229.9,229.6,133.7,133.1,132.7,38.7,38.6,38.7,60,1,53.7,43.4,34.9,0,47.4,0,0,0,0,0/0,0,0,0,4406,9,22.4,10.2,12.1,656.4,589.1,438.4,632,504.2,616.6,494.7,619.1,4.7,3.3,2.9,4.6,3,3.7,2.1,2.6,3085,1944,1271.3,2907.2,1512.6,2281.4,1038.8,1609.6,656.3,656.3,582.9,582.9,440.5,440.5,625.5,625.5,503,503,608.9,491.4,491.4,622.9,1.9,2.6,3.8,0,0.1,2.9,1.3,3.3,3.1,0,3.6,2.2,0,2.5,0,1,6.12574E-17
121,Normal,9,107887.8,17497.6,7.8,97925.1,230.7,230.1,229.6,133.7,133.3,132.7,44.2,44.2,44.2,60,1,52.6,42.9,35.5,0,45.5,0,0,0,0,0/0,0,0,0,4406,9,7.1,27.2,23.4,647.7,625.6,434.7,629.6,508.6,590.3,486.5,616.5,5.3,3.9,3.4,5.1,3.4,4.2,2.5,3,3432.8,2439.8,1477.9,3210.9,1729.2,2479.2,1216.2,1849.5,654.2,654.2,627.6,627.6,433.8,433.8,631.3,631.3,505.8,505.8,584.8,486.2,486.2,616.5,2,3.1,4.1,0,0.1,3.4,1.4,3.8,3.5,0,4.1,2.6,0,3.1,0,1,6.12574E-17
121,Normal,10.6,107889.4,18265.5,9.2,97926.5,230.5,230,229.4,133.6,133.2,132.7,46.1,45.9,46,60,1,52.3,42.9,36.1,0,44.6,0,0,0,0,0/0,0,0,0,4406,8,73.4,24.5,4.7,648.5,642.7,465.3,635.8,506.6,598.3,475.3,605.6,5.3,3.8,3.4,5,3.5,4.2,3.4,3.4,3437,2442.2,1582,3179,1773.1,2512.8,1616,2059,649.9,649.9,642.9,642.9,465.4,465.4,636.1,636.1,509.4,509.4,598.2,475.2,475.2,606.8,2,3.1,4.1,0,0.1,3.3,1.3,3.7,3.6,0,4.1,3.4,0,3.3,0,0.965925826,-0.258819045
121,Normal,12.1,107890.9,21335.5,10.6,97927.9,230.7,230,229.6,133.8,133.2,132.7,53.5,53.5,53.7,60,1,50.4,41.6,36.8,0,43.1,0,0,0,0,0/0,0,0,0,4406,9,26.1,46.8,21.8,646.4,639.3,491,638.3,513.1,622.9,480.1,601,7.1,4.4,3.9,5.5,4,4.6,3.9,4.2,4589.4,2812.9,1914.9,3510.6,2052.4,2865.3,1872.3,2524.2,645,645,642,642,492.1,492.1,634.8,634.8,515.6,515.6,624,476.3,476.3,598.1,3.4,3.5,4.6,0,0.1,3.8,1.4,4.2,4,0,4.4,4,0,4.1,0,0.965925826,-0.258819045
121,Normal,14,107892.8,22126.3,12.2,97929.5,230.5,229.9,229.4,133.6,133.1,132.6,55.9,55.8,55.8,60,1,44.1,40.8,37.5,0,37.8,0,0,0,0,0/0,0,0,0,4406,8,7.3,41.1,42.5,644.1,639.9,520.1,587.8,510.8,637.8,497.2,589.6,7.3,4.4,3.8,7,3.9,4.5,4.1,4.3,4701.9,2815.5,1976.3,4114.6,1992.1,2870.1,2038.5,2535.2,646.9,646.9,647.2,647.2,507.7,507.7,589.6,589.6,509.5,509.5,632.9,492.3,492.3,589.6,3.4,3.5,4.5,0,0.1,3.7,2.7,4.3,4,0,4.3,4,0,4.2,0,0.965925826,-0.258819045
121,Normal,15.9,107894.7,23745,13.9,97931.2,230.5,229.9,229.4,133.6,133.2,132.6,60.4,60.2,60.4,60,1,44.5,41,38,0,37.6,0,0,0,0,0/0,0,0,0,4406,8,10.9,31.7,1.3,656.1,637.9,520.7,594.1,533.9,620,519.5,596.6,8,4.5,4.1,7.3,4.1,4.8,4.2,4.4,5248.8,2870.5,2134.8,4336.9,2188.9,2976,2181.9,2625,656,656,642.2,642.2,516.4,516.4,598.4,598.4,533.7,533.7,617.8,517.1,517.1,598.5,4.2,3.6,4.8,0,0.1,4.1,2.8,4.6,4.2,0,4.7,4.2,0,4.4,0,0.965925826,-0.258819045
121,Normal,15.9,107894.7,23745,13.9,97931.2,230.5,229.9,229.4,133.6,133.2,132.6,60.4,60.2,60.4,60,1,44.5,41,38,0,37.6,0,0,0,0,0/0,0,0,0,4406,8,10.9,31.7,1.3,656.1,637.9,520.7,594.1,533.9,620,519.5,596.6,8,4.5,4.1,7.3,4.1,4.8,4.2,4.4,5248.8,2870.5,2134.8,4336.9,2188.9,2976,2181.9,2625,656,656,642.2,642.2,516.4,516.4,598.4,598.4,533.7,533.7,617.8,517.1,517.1,598.5,4.2,3.6,4.8,0,0.1,4.1,2.8,4.6,4.2,0,4.7,4.2,0,4.4,0,0.965925826,-0.258819045
121,Normal,19.1,107897.9,28061.4,16.9,97934.2,230.6,230,229.5,133.7,133.2,132.7,71,70.7,71,60,1,46.6,41.3,38.5,0,38.3,0,0,0,0,0/0,0,0,0,4406,9,66,47.8,18.2,638.6,638.8,545.6,604.8,535.8,629.4,538.6,593.4,10.2,5.1,4.7,8.9,4.7,5.4,4.8,4.9,6513.7,3257.8,2564.3,5382.7,2518.2,3398.7,2585.2,2907.6,641.6,641.6,630.6,630.6,541.1,541.1,602.3,602.3,529.9,529.9,634.5,535.8,535.8,601.9,5,4,4.8,0,0.1,4.2,3.9,4.6,4.6,0,5.2,4.5,0,4.9,0,0.965925826,-0.258819045
121,Normal,21.7,107900.5,32092.8,19.2,97936.5,231.3,229.4,230.1,134.3,133.1,132.6,81,81,80.9,60,1,49.4,41.9,39.4,0,39.7,0,0,0,0,0/0,0,0,0,4406,9,9.1,26.4,17.2,640.4,640.6,538.5,588.4,545.8,617.4,542.2,585,11.6,5.8,5.5,10.9,5.4,6.2,5.4,5.7,7428.6,3715.4,2961.7,6413.5,2947.3,3827.8,2927.8,3334.5,637.1,637.1,632.2,632.2,540.5,540.5,592.5,592.5,547,547,615.9,540.9,540.9,588.5,6.2,5.1,6,0,0.1,5.4,5,5.8,5.4,0,5.9,5.3,0,5.6,0,0.965925826,-0.258819045
121,Normal,24.4,107903.2,34920.9,21.6,97938.9,230.7,230.4,229.7,133.7,133.4,132.9,88.1,88,87.9,60,1,50.6,42.7,40.1,0,40.8,0,0,0,0,0/0,0,0,0,4406,9,58.1,34.1,24,615.6,638.7,549.2,565.8,559.8,613.6,566,586.5,12.9,6.3,5.8,12.2,5.7,6.7,5.9,6.2,7941.2,4023.8,3185.3,6902.7,3190.8,4111.1,3339.4,3636.3,618.9,618.9,640.4,640.4,553.7,553.7,566.1,566.1,556,556,612.5,562,562,587.8,6.9,5.7,6.5,0,0.1,5.8,5.8,6.5,5.9,0,6.6,5.8,0,6.1,0,0.965925826,-0.258819045
121,Normal,27,107905.8,39260.7,23.9,97941.2,231,230.6,229.9,133.9,133.5,132.9,99.9,99.7,99.6,60,1,52.1,43.2,40.5,0,40.6,0,0,0,0,0/0,0,0,0,4406,9,54.3,110,3,636,636.2,563.6,577.8,531.6,621.4,564.4,582.7,14.5,7.2,6.5,13.5,6.5,7.6,6.7,7,9222,4580.6,3663.4,7800.3,3455.4,4722.6,3781.4,4078.9,629,629,635,635,565.4,565.4,574.7,574.7,533.3,533.3,616,566.2,566.2,578.4,7.6,6.6,7.3,0,0.1,6.4,6.5,7.1,6.7,0,7.4,6.5,0,6.9,0,0.965925826,-0.258819045
121,Normal,30.1,107909,39578.8,26.7,97944,230.8,230.2,229.8,133.8,133.3,132.8,99.9,99.6,99.6,60,1,54.7,44.1,41.4,0,42.4,0,0,0,0,0/0,0,0,0,4406,9,26,20.3,110.6,621.5,634.3,566.1,602.6,576.3,615.7,557.5,585.5,14.5,7.2,6.4,13.1,6.5,7.1,6.7,7,9011.7,4566.9,3623,7894,3745.9,4371.4,3735.2,4098.5,626.3,626.3,631.7,631.7,565.1,565.1,600.1,600.1,581.3,581.3,618.1,558.6,558.6,588.6,7.6,6.4,7.3,0,0.1,6.4,6.3,7,6.6,0,7.5,6.6,0,6.9,0,0.965925826,-0.258819045
121,Normal,33.6,107912.4,43135.3,29.8,97947.1,231.1,230.5,230.1,134.1,133.5,133,108.9,108.7,108.9,60,1,58.6,45.2,42.5,0,44.7,0,0,0,0,0/0,0,0,0,4406,11,48.9,38.3,13.4,632.3,632.5,601.7,594.1,582.3,615.8,597.8,574.2,15.3,7.7,6.6,14.5,7.1,8.3,7,7.7,9674.1,4870.2,3971.2,8614.4,4134.3,5111.1,4184.6,4421.3,633,633,633.2,633.2,603.6,603.6,591.4,591.4,582.1,582.1,614.8,596.9,596.9,577.9,8.2,6.9,7.8,0,0,6.6,6.9,7.5,7.2,0,8.1,6.9,0,7.6,0,0.965925826,-0.258819045
121,Normal,37,107915.8,47852.5,33,97950.3,231,230.5,230,134,133.5,133,120.4,120.2,120.4,60,1,58.2,46.4,43.5,0,44.7,0,0,0,0,0/0,0,0,0,4406,10,20.8,38.1,56.7,612.5,635.8,589.7,584.8,588.6,608.3,585.7,576.2,17.2,8.6,7.4,16.4,8,9.4,7.8,8.8,10535,5467.8,4363.7,9590.7,4708.8,5718,4568.4,5070.5,616.4,616.4,638.6,638.6,595.6,595.6,588.2,588.2,587.5,587.5,606.4,585.9,585.9,576.1,9.2,7.8,8.5,0,0,7.3,7.8,8.4,7.9,0.1,9.2,7.7,0,8.6,0,0.965925826,-0.258819045
121,Normal,40.5,107919.3,22044.7,35.9,97953.2,229.6,229.2,228.5,133,132.7,132.2,55.7,55.4,55.5,60,1,56.9,47.3,44.4,0,45.8,0,0,0,0,0/0,0,0,0,4406,10,14.9,20.1,24.2,633.1,620.5,584.4,577.1,582.9,621.1,597.8,567.9,7.7,3.9,3.2,7.3,3.8,4.4,3.3,4.4,4874.8,2419.9,1870,4212.8,2215,2732.8,1972.7,2498.7,631.6,631.6,625.5,625.5,589.6,589.6,576.4,576.4,586.7,586.7,622.5,602.5,602.5,569.2,4.5,3.4,4.6,0,0,3.5,4,4.7,3.9,0.2,4.6,3.7,0,4.5,0,0.866025404,-0.5
121,Normal,44.5,107923.3,50525,39.6,97956.9,230.9,230.7,229.8,133.8,133.6,133,128.3,128.1,128.4,60,1,61.7,48.5,45.5,0,46.2,0,0,0,0,0/0,0,0,0,4406,11,1.1,11.8,95.1,632.8,628,566.6,596.3,605.3,632.6,587.6,575.3,17.9,9.1,8.2,17.1,8.4,9.7,8.3,9,11327.1,5714.8,4646.1,10196.7,5084.5,6136.2,4877,5177.7,618.3,618.3,617.4,617.4,570.1,570.1,593.1,593.1,597.8,597.8,635.2,590.4,590.4,572,9.7,8.4,9.3,0,0,8.3,8.2,9.1,8.6,0,9.4,8.4,0,9.1,0,0.866025404,-0.5
121,Normal,48.9,107927.7,57551.6,43.6,97960.9,231,230.7,229.8,133.8,133.7,132.9,145,144.8,145,60,1,61.2,50,46.6,0,45.7,0,0,0,0,0/0,0,0,0,4406,11,35.3,26.4,39.9,622.7,623.5,601.2,594.1,616.1,630.1,613,575,20.6,10.2,9.3,19.4,9.2,10.7,9.4,10.1,12827.6,6359.7,5591.1,11525.5,5668.1,6742,5762.2,5807.5,627.2,627.2,622.7,622.7,602.9,602.9,587.9,587.9,611.8,611.8,634.5,614.5,614.5,569.5,10.6,9.4,10.2,0,0,9.3,9.1,10.1,9.4,0,10.3,9.2,0,9.8,0,0.866025404,-0.5
121,Normal,53.8,107932.6,60767,48,97965.3,231,230.6,229.7,133.8,133.6,132.8,153.2,153,153.4,60,1,60.6,51.5,47.9,0,45,0,0,0,0,0/0,0,0,0,4406,12,36.4,140,103.5,618.1,614.6,603.5,585.6,600.5,637.7,615.1,577.3,21.9,10.8,10,21,9.8,11.1,9.9,10.8,13536.3,6637.6,6035,12297.6,5884.9,7078.4,6089.4,6234.8,618.1,618.1,616.2,616.2,607.1,607.1,585.3,585.3,600.7,600.7,637.6,616.3,616.3,576.9,11.3,10.2,10.9,0,0,10,9.8,10.9,10.2,0,10.8,9.8,0,10.7,0,0.866025404,-0.5
121,Normal,58.2,107937,50893.8,52,97969.3,230.6,230.3,229.2,133.5,133.5,132.6,147.3,147.2,147.5,60,1,62.6,52.5,48.9,0,46.2,0,0,0,0,0/0,0,0,25624,4406,13,29.4,112.2,108,626.8,619.4,610.4,586.1,607.1,604.9,583.1,539.4,20.2,11.2,9.6,20.6,9.5,10.3,10,10.6,12661.3,6937.2,5859.8,12073.6,5767.4,6230.4,5831,5717.6,623.4,623.4,617.3,617.3,609.1,609.1,587.5,587.5,604.3,604.3,607.1,582.6,582.6,535.6,10.9,8.9,10.8,0,0,9,8.8,11.1,8.9,0,9.1,9.1,0,10.5,0,0.866025404,-0.5
121,Normal,62.9,107941.7,67400.5,56.3,97973.6,231.1,230.6,229.9,134,133.6,132.9,168.5,168.3,168.6,60,1,61.7,53.3,49.5,0,44.7,0,0,0,0,0/0,0,0,25624,4406,12,114.2,0.5,74.3,619.2,611.7,596.7,587,600.4,599.7,618.3,555.6,24.1,12.3,11,22.6,11,12.5,11,11.9,14922.7,7523.9,6563.7,13266.2,6604.4,7496.2,6801.3,6611.6,617.1,617.1,617.1,617.1,600.1,600.1,584.1,584.1,604.7,604.7,602.1,615.9,615.9,557,10.8,8.4,10.5,0,0,8.3,8.5,10.5,8.3,0,10,8.1,0.1,9.4,0,0.866025404,-0.5
121,Normal,68.2,107947,62157.6,61,97978.3,230.7,230.4,229.5,133.7,133.5,132.7,156.5,157.1,157.7,60,1,62.5,54.7,50.8,0,46.5,0,0,0,0,0/0,0,0,25624,4406,15,37.8,38.6,0.8,611.6,611.6,596.7,576.9,599.8,600.3,601.1,564.3,22.4,11.5,10.1,21.4,10.4,12,10.5,11.2,13699.8,7033.4,6026.6,12345.6,6237.9,7203.6,6311.5,6320.1,610.3,610.3,606,606,596.6,596.6,583,583,598.7,598.7,599.2,599.6,599.6,558.5,11.7,10.3,11.3,0.1,0,10.2,10,11,10.5,0,11.8,10.3,0,11.2,0,0.866025404,-0.5
121,Normal,73.6,107952.4,66603.3,65.8,97983.1,230.7,230.4,229.4,133.7,133.5,132.6,167.8,167.5,168.1,60,1,64.7,56.1,52,0,47.2,0,0,0,0,0/0,0,0,25624,4406,14,88.9,18.8,113.5,613.1,604.6,600.4,586,599.3,596.9,603.7,554.7,24,12.4,11,22.7,11,12.9,11.3,12.1,14714.4,7497,6604.4,13302.2,6592.3,7700,6821.8,6711.8,613,613,607.8,607.8,594.4,594.4,586.1,586.1,599.3,599.3,600,608.5,608.5,558.4,12.4,11.2,12,0.1,0,11.2,10.5,11.9,11.2,0,12.5,10.9,0.1,11.8,0,0.866025404,-0.5
121,Normal,78.5,107957.3,67133.6,70.3,97987.6,230.8,230.2,229.4,133.7,133.5,132.6,169.8,169.3,169.9,60,1,63.7,57,52.7,0,46.8,0,0,0,0,0/0,0,0,25624,4406,15,86.6,69.8,39,609.8,609.8,599.5,590,589.5,597,598.4,568,24.4,12.3,11.3,22.8,11.2,13.1,11.5,12,14879.1,7500.5,6774.3,13452,6602.4,7820.7,6881.6,6816,612.4,612.4,612.4,612.4,596.6,596.6,590.3,590.3,590.1,590.1,597.5,600.8,600.8,565.1,12.6,11.4,12,0.1,0,11.4,10.5,12,11.5,0,12.8,11.2,0.1,11.9,0,0.866025404,-0.5
121,Normal,84.3,107963.1,70695.3,75.5,97992.8,230.7,230.3,229.3,133.6,133.5,132.5,177,176.6,177.2,60,1,67,58.5,54.2,0,48.7,0,0,0,0,0/0,0,0,25624,4406,15,129.6,105.9,23.7,611,611,605.2,587.6,596.6,591.9,600.4,559.7,26,12.8,11.9,24.1,11.5,13.4,11.9,13,15886,7820.8,7201.8,14161.1,6860.9,7931.4,7144.7,7276.1,610.6,610.6,610.5,610.5,605.5,605.5,582.9,582.9,598.9,598.9,594.5,594.7,594.7,556.7,13.2,12.3,12.7,0,0,12.2,11.5,13.1,12.1,0,13.7,12.1,0.1,13,0,0.866025404,-0.5
121,Normal,89.4,107968.2,76135.9,80.1,97997.4,231,230.7,229.5,133.8,133.7,132.8,191.9,191.5,192.1,60,1,65.1,59.9,55.3,0,46.7,0,0,0,0,0/0,0,0,25624,4406,14,92.2,56.4,35.7,597.6,613.3,614,579.6,603,595.2,590.9,556.8,28.1,13.8,12.5,26.6,12.6,14.8,13.2,14.1,16792.5,8463.5,7675,15417.3,7597.8,8808.9,7799.8,7850.8,602,602,613.3,613.3,614,614,579.6,579.6,601.5,601.5,595.1,594,594,558,14.4,13.3,13.5,0.1,0,12.7,12.5,13.8,12.9,0,14.7,12.9,0.1,13.9,0,0.866025404,-0.5
121,Normal,94.9,107973.7,73637,85.2,98002.5,230.8,230.2,229.2,133.7,133.5,132.4,185.1,185.7,186.5,60,1,62.4,60.9,56.1,0,47,0,0,0,0,0/0,0,0,25624,4406,15,91.7,44.7,47,571.8,566,564.8,553.5,579.6,588.6,576.9,540.9,27.9,14,13,26.9,12.9,14.7,13.3,14.2,15953.2,7924,7342.4,14889.1,7476.8,8652.4,7672.7,7680.7,569,569,565.7,565.7,564.6,564.6,553.7,553.7,583.5,583.5,588,579.5,579.5,545.2,14.4,13.1,13.9,0,0,13.1,13,13.6,13,0,14.3,12.9,0.1,13.9,0,0.866025404,-0.5
121,Normal,100.6,107979.5,70828.9,90.3,98007.6,230.5,229.9,229.2,133.6,133.3,132.4,183.9,183.4,183.9,59.9,1,64.5,61.8,57,0,48.7,0,0,0,0,0/0,0,0,25624,4406,14,116.9,137.5,1.6,599.4,599.2,584.7,551.2,571.2,584.8,584.5,536.5,27,13.6,12.6,26.3,12.7,14,12.9,13.8,16183.8,8149.1,7367.2,14496.5,7254.2,8187.2,7540,7403.7,600.4,600.4,600.2,600.2,587.8,587.8,554.7,554.7,571.3,571.3,586.9,587.8,587.8,541.5,13.9,12.4,13.2,0.1,0,12.6,12.5,13.1,12.8,0,13.8,12.5,0,13.6,0,0.707106781,-0.707106781
121,Normal,106,107984.8,52232.6,95.2,98012.5,230.2,228.5,228.8,133.5,132.7,131.8,136.8,136.5,136.7,60,1,64.6,62.2,57.6,0,48.4,0,0,0,0,0/0,0,0,25624,4406,12,75.7,46,30.9,607.6,592,574.3,546.6,567.4,583.5,594.5,559.1,18.3,9.7,8.7,20.8,9.3,10.3,9.1,10.7,11119,5742.4,4996.4,11369.2,5276.8,6010,5409.9,5982.3,602,602,593.4,593.4,572.4,572.4,548.1,548.1,568.5,568.5,591.1,593.6,593.6,564.6,11.8,9.2,11.5,0.1,0,9.7,9.6,12.1,9.4,0,10,9.3,0,13,0,0.707106781,-0.707106781
121,Normal,111.8,107990.6,56012.6,100.5,98017.8,228.7,228.3,227.4,132.4,132.3,131.5,144.3,143.3,143.4,60,1,68.6,63,58.3,0,51.2,0,0,0,0,0/0,0,0,25624,4406,16,19.1,6.5,50.6,600.2,600.3,591.8,577.1,595.4,589.8,588.4,557.3,19,11.5,8.8,22.3,9.4,10.1,9.5,11.9,11403.8,6903.4,5207.8,12869.3,5596.7,5956.9,5589.8,6631.8,604.7,604.7,604.8,604.8,598.7,598.7,571.8,571.8,589.7,589.7,601.4,582.9,582.9,553.5,12.1,10.2,12.4,0.1,0,10.1,9.5,13.4,10.1,0,9.7,10.2,0.1,12.9,0,0.707106781,-0.707106781
121,Normal,117.5,107996.3,74713.4,105.5,98022.8,230.2,229.6,228.8,133.4,133.1,132.2,189.4,189.1,189.4,60,1,70.4,63.6,58.8,0,51.4,0,0,0,0,0/0,0,0,25624,4406,16,142.2,57.7,200,604.8,593.8,591,582.7,592.3,577.1,589.5,557.5,27.3,13.9,13,25.9,12.5,14.6,13.1,13.7,16511,8253.8,7683,15091.9,7403.7,8425.6,7722.4,7637.7,600.5,600.5,595.3,595.3,592.2,592.2,585.4,585.4,595.4,595.4,575.6,588.8,588.8,556.3,14.2,12.9,13.6,0.1,0,13.1,12,13.6,12.9,0,14.5,12.9,0.1,13.6,0,0.707106781,-0.707106781
121,Normal,123.6,108002.4,74333.4,111.1,98028.4,230.2,229.6,228.6,133.3,133.1,132.2,189.2,188.8,189.2,60,1,72.1,64.8,59.8,0,53,0,0,0,0,0/0,0,0,25624,4406,16,101.9,49.4,97.5,609.2,594.8,592.2,572.8,591.4,569.9,597,557.9,27.3,13.9,13.2,26.4,12.5,14.8,13.1,13.8,16631.1,8267.7,7817,15121.9,7392.5,8434.5,7820.7,7699,607.2,607.2,593.3,593.3,590.4,590.4,574,574,589,589,573.4,595.6,595.6,555.1,14.1,13.2,13.7,0.1,0,13.4,12.4,13.7,13,0,14.7,12.8,0.2,13.8,0,0.707106781,-0.707106781
121,Normal,129.7,108008.5,69752.5,116.8,98034.1,229.7,229.3,228.5,133.1,132.9,132.1,176.4,176,176.6,60,1,71.3,66,60.6,0,53.3,0,0,0,0,0/0,0,0,26136,4406,17,28.9,80.4,51.5,598.6,598.6,588.4,579.7,587.2,581.5,584.8,553.3,25.9,12.9,12.3,24.1,11.9,13.9,12.4,13.2,15503.7,7721.9,7237.3,13970.7,6987.6,8082.8,7251.5,7303.5,595.7,595.7,595.6,595.6,594,594,576.9,576.9,590.9,590.9,580.3,588,588,553.5,13.1,12.3,12.5,0.1,0,12.4,11.4,12.5,12,0,13.6,11.9,0.2,13,0,0.707106781,-0.707106781
121,Normal,135.7,108014.5,74020.5,122.3,98039.6,230.2,229.7,228.9,133.4,133.2,132.3,187.1,186.8,187.3,60,1,71.5,66.3,60.8,0,51.7,0,0,0,0,0/0,0,0,26136,4406,16,106.6,140.2,20.1,619.9,619.8,620.6,619.2,619.1,619.4,618.8,618,27.9,13.7,12.9,23.1,12.5,13.8,13,10.1,17295.2,8491.2,8005.7,14303.5,7738.7,8547.7,8044.4,6241.8,620.1,620.1,620.1,620.1,620.8,620.8,619.4,619.4,619.3,619.3,619.7,619.2,619.2,618.3,14.1,13.4,13.3,0.2,0,13.1,9.5,13.4,12.7,0,13.5,12.6,0.2,9.9,0,0.707106781,-0.707106781
121,Normal,141.9,108020.7,69027.8,127.9,98045.2,229.5,229.2,228.3,133,132.8,132.1,175.8,175.5,175.9,60,1,70.1,67,61.6,0,52.7,0,0,0,0,0/0,0,0,26136,4406,17,43.7,44.6,0.9,596.8,596.7,590,556.5,573.3,560.6,585.1,559.4,26,12.9,12.2,24.9,12.4,14.2,12.4,12.9,15516.8,7697.4,7198,13856.8,7108.9,7960.5,7255.2,7216.2,600,600,599.9,599.9,593.4,593.4,552.6,552.6,576.1,576.1,561.6,584.4,584.4,562.2,13.2,12.4,12.6,0.1,0,12.3,12.1,12.8,12.3,0,14,12,0.2,12.7,0,0.707106781,-0.707106781
121,Normal,147.6,108026.4,73258,132.9,98050.2,229.3,228.7,228,132.9,132.6,131.8,186.2,185.9,186.4,60,1,65.8,67.4,62,0,51.3,0,0,0,0,0/0,0,0,26136,4406,16,74.6,31.2,15.2,634,634,634.9,633.2,633.2,633.6,632.9,632,27.7,13.6,12.7,21.2,12.3,14.6,12.7,8.4,17561.8,8622.4,8063.2,13423.8,7788.3,9250.5,8037.8,5308.8,635.1,635.1,635.2,635.2,636,636,634.4,634.4,634.4,634.4,634.8,634.1,634.1,633.2,13.6,13.6,13.1,0.2,0,12.8,7.8,13.3,12.7,0,13.7,12.6,0.2,8,0,0.707106781,-0.707106781
121,Normal,148.5,108027.3,30398.4,133.9,98051.2,227.5,227.2,226.5,131.8,131.6,131,78.5,78.7,78.2,60,1,54.1,67,61.7,0,48.2,0,0,0,0,0/0,0,0,26136,4406,16,1.4,52.9,73.4,565.2,536.9,577.9,533.1,541.2,479.2,552.6,512.2,12.4,6.4,5.5,12.3,5.7,7,5.6,6.5,7008.4,3436.1,3178.4,6557.1,3084.8,3354.4,3094.5,3329.3,567,567,535.3,535.3,580.2,580.2,536.4,536.4,544.6,544.6,483.5,555.6,555.6,512.9,6.8,5.7,6.8,0,0,5.6,5.7,6.7,5.6,0.1,7.1,5.4,0.2,7.3,0,0.707106781,-0.707106781
121,Normal,148.5,108027.3,30398.4,133.9,98051.2,227.5,227.2,226.5,131.8,131.6,131,78.5,78.7,78.2,60,1,54.1,67,61.7,0,48.2,0,0,0,0,0/0,0,0,26136,4406,16,1.4,52.9,73.4,565.2,536.9,577.9,533.1,541.2,479.2,552.6,512.2,12.4,6.4,5.5,12.3,5.7,7,5.6,6.5,7008.4,3436.1,3178.4,6557.1,3084.8,3354.4,3094.5,3329.3,567,567,535.3,535.3,580.2,580.2,536.4,536.4,544.6,544.6,483.5,555.6,555.6,512.9,6.8,5.7,6.8,0,0,5.6,5.7,6.7,5.6,0.1,7.1,5.4,0.2,7.3,0,0.707106781,-0.707106781
121,Normal,148.5,108027.3,30398.4,133.9,98051.2,227.5,227.2,226.5,131.8,131.6,131,78.5,78.7,78.2,60,1,54.1,67,61.7,0,48.2,0,0,0,0,0/0,0,0,26136,4406,16,1.4,52.9,73.4,565.2,536.9,577.9,533.1,541.2,479.2,552.6,512.2,12.4,6.4,5.5,12.3,5.7,7,5.6,6.5,7008.4,3436.1,3178.4,6557.1,3084.8,3354.4,3094.5,3329.3,567,567,535.3,535.3,580.2,580.2,536.4,536.4,544.6,544.6,483.5,555.6,555.6,512.9,6.8,5.7,6.8,0,0,5.6,5.7,6.7,5.6,0.1,7.1,5.4,0.2,7.3,0,0.707106781,-0.707106781
121,Normal,160.6,108039.4,73903.6,145.1,98062.4,229.3,229.1,228,132.8,132.7,131.9,187.5,187.2,187.7,60,1,73.3,67.2,62.2,0,53.2,0,0,0,0,0/0,0,0,26136,4406,18,46.5,26.9,73.5,627.5,627.4,628.2,626.7,626.7,627,626.5,625.5,28.1,13.5,12.9,21.7,12.9,14.6,13.1,8.3,17632.7,8469.9,8103.7,13599.3,8084.4,9154.2,8207.1,5191.6,627.3,627.3,627.2,627.2,628,628,626.5,626.5,626.5,626.5,626.8,626,626,625.1,14.1,13.6,13.3,0.1,0,13.1,8.2,13.4,12.9,0,14.4,12.7,0.3,8.3,0,0.707106781,-0.707106781
121,Normal,160.6,108039.4,73903.6,145.1,98062.4,229.3,229.1,228,132.8,132.7,131.9,187.5,187.2,187.7,60,1,73.3,67.2,62.2,0,53.2,0,0,0,0,0/0,0,0,26136,4406,18,46.5,26.9,73.5,627.5,627.4,628.2,626.7,626.7,627,626.5,625.5,28.1,13.5,12.9,21.7,12.9,14.6,13.1,8.3,17632.7,8469.9,8103.7,13599.3,8084.4,9154.2,8207.1,5191.6,627.3,627.3,627.2,627.2,628,628,626.5,626.5,626.5,626.5,626.8,626,626,625.1,14.1,13.6,13.3,0.1,0,13.1,8.2,13.4,12.9,0,14.4,12.7,0.3,8.3,0,0.707106781,-0.707106781
121,Normal,169.1,108047.9,73897.2,152.9,98070.2,229.4,228.8,227.9,132.9,132.7,131.7,187.5,187.1,187.8,60,1,69.2,68.2,63.1,0,51.9,0,0,0,0,0/0,0,0,26136,4406,17,88.2,166.3,52.1,627.9,627.9,628.7,627.2,627.1,627.5,627,626.1,28,13.6,12.8,21.6,12.8,14.7,13.2,8.1,17581.2,8539.4,8047.3,13547.5,8026.8,9224.2,8276.4,5071.4,627.9,627.9,627.9,627.9,628.7,628.7,627.2,627.2,627.1,627.1,627.5,627,627,626,14,13.7,13.1,0.2,0,12.9,8.1,13.3,12.9,0,14.6,12.8,0.2,8.1,0,0.5,-0.866025404
121,Normal,176.1,108054.9,73833.4,159.1,98076.4,229.3,228.9,228,132.9,132.7,131.8,187.3,187,187.4,60,1,73.9,68.9,63.9,0,53.8,0,0,0,0,0/0,0,0,26136,4406,16,44,27.7,18.2,628.8,628.8,629.5,628,628,628.4,627.9,625.5,28.1,13.5,13,21.5,12.7,14.7,13.2,8.2,17669.2,8488.8,8183.5,13502,7975.6,9237.4,8288.2,5129.1,629.8,629.8,629.8,629.8,630.6,630.6,629,629,629,629,629.4,628.9,628.9,622.3,13.9,13.6,13,0.2,0,13,7.7,13.2,12.9,0,14.4,12.7,0.2,8.7,0,0.5,-0.866025404
121,Normal,182.4,108061.2,73996.6,165,98082.3,229.3,228.8,227.7,132.7,132.8,131.7,187.9,187.5,188.1,60,1,73.9,69.8,64.5,0,54.2,0,0,0,0,0/0,0,0,26136,4406,17,117.4,100.6,10.7,625.7,625.6,626.4,624.9,624.9,625.3,619.6,586,27.6,13.1,12.7,21.1,12.4,14.6,13.2,13.2,17269.3,8195.3,7955.2,13185.3,7748.7,9129.3,8178.7,7735.2,628.4,628.4,624,624,623.5,623.5,627.6,627.6,614.2,614.2,628,619,619,583.1,13.4,13.2,12.8,0.2,0,13,7.3,12.8,13.3,0,14,12.8,0.2,13.2,0,0.5,-0.866025404
121,Normal,188.6,108067.4,73429.3,170.7,98088,229.1,228.6,227.7,132.7,132.5,131.6,186.5,186.1,186.6,59.9,1,73.1,70.3,64.8,0,53.7,0,0,0,0,0/0,0,0,26136,4406,17,25.7,80.9,106.6,632.4,632.4,633.3,631.7,631.7,632.1,631.1,603.4,27.4,13.1,12.7,20.1,12.2,14.5,12.8,11.6,17327.7,8284.4,8042.9,12697.1,7706.7,9165.4,8078,6999.4,630.2,630.2,630.2,630.2,631.1,631.1,629.4,629.4,629.5,629.5,629.8,629,629,612.2,13.7,13.8,13,0.1,0,13,7.1,13.4,12.7,0,14.4,12.6,0.2,10.2,0,0.5,-0.866025404
121,Normal,194.9,108073.7,73828.5,176.5,98093.8,227.8,227.4,226.8,132.1,131.8,131.1,188.5,188.4,188.8,60,1,73.8,70.3,64.6,0,53.6,0,0,0,0,0/0,0,0,26136,4406,17,87.9,165.3,24.8,628.8,628.8,629.6,628,628,628.4,627.1,622,28.2,13.5,13,21.1,12.5,14.6,13.2,8.6,17732.1,8488.8,8184.8,13250.8,7850,9174.6,8277.7,5349.2,629.6,629.6,629.6,629.6,630.4,630.4,628.8,628.8,628.8,628.8,629.2,628.3,628.3,616.6,13.9,13.9,13.2,0.1,0,13.1,7,13.6,12.8,0,14.4,12.7,0.2,9.4,0,0.5,-0.866025404
121,Normal,201,108079.8,73831.8,181.9,98099.2,228.3,227.9,227.1,132.3,132.1,131.2,188.1,187.8,188.4,60,1,72.7,70.4,64.7,0,53.3,0,0,0,0,0/0,0,0,26136,4406,17,77.6,36.7,84.7,628.1,628.1,628.9,627.4,627.4,627.8,627.1,626.1,28.6,13.6,13.2,21.3,12.6,14.9,13.2,8,17963.6,8542.1,8301.4,13363.6,7905.2,9354.2,8277.7,5008.8,628.7,628.7,628.7,628.7,629.5,629.5,627.8,627.8,627.9,627.9,628.3,627.6,627.6,626.7,14.1,14,13.4,0.1,0,13.3,7.2,13.9,12.9,0,14.7,12.9,0.2,7.8,0,0.5,-0.866025404
121,Normal,207.1,108085.9,74016.4,187.6,98104.9,228.9,228.4,227.6,132.7,132.4,131.5,188.3,188,188.4,60,1,75,70.7,65.1,0,55.1,0,0,0,0,0/0,0,0,26136,4406,17,102.9,44.7,63.6,625.1,625,625.9,624.3,624.3,624.7,624,623,28.8,13.6,13.3,21.6,12.8,14.9,13.4,8,18002.8,8500,8324.4,13484.8,7991,9308,8361.6,4984,625.9,625.9,625.9,625.9,626.7,626.7,625.1,625.1,625.1,625.1,625.5,624.8,624.8,620.2,14.1,14.2,13.3,0.1,0,13.4,7.4,13.7,13,0,14.7,12.9,0.2,8.5,0,0.5,-0.866025404
121,Normal,211,108089.8,27524.5,191.3,98108.6,226.2,225.8,225,131,130.8,130.1,65.6,65.6,65.5,60,1,67.9,71.2,65.8,0,55.6,0,0,0,0,0/0,0,0,26136,4406,18,45.7,9,8.6,582.3,582.3,591.3,581.8,601.7,602.1,590.4,559.6,10.9,5.5,4.5,8.8,4,5.2,4.3,4.9,6347,3202.6,2660.8,5119.8,2406.8,3130.9,2538.7,2742,587.3,587.3,582.3,582.3,596.7,596.7,585.5,585.5,596.9,596.9,599.2,593.1,593.1,560.3,5.1,4.7,5,0,0,4.4,3.2,5.2,4.1,0,5.1,4.2,0.1,5.2,0,0.5,-0.866025404
121,Normal,217.3,108096.1,18063.3,196.9,98114.2,225.9,225.3,224.7,130.9,130.6,129.9,47.7,47.5,47.5,60,1,64.6,71.5,66.4,0,55.2,0,0,0,0,0/0,0,0,26136,4406,17,32.4,14.5,5,553.1,567.9,607.1,597.7,596.7,601.1,597.6,592,8.2,3.8,3.3,5.9,3.3,4.1,3.5,2.8,4535.4,2158,2003.4,3526.4,1969.1,2464.5,2091.6,1657.6,546.8,546.8,566.1,566.1,609.3,609.3,597.1,597.1,602.9,602.9,612.2,596.5,596.5,589.8,7.6,6.7,7.3,0,0,7.1,4.1,6.9,6.2,0,5,7,0.1,5.2,0,0.5,-0.866025404
121,Normal,223.8,108102.6,73705.2,202.8,98120.1,228.8,228.5,227.5,132.6,132.4,131.6,187.2,186.9,187.4,60,1,74.8,71.6,66.4,0,55.3,0,0,0,0,0/0,0,0,26136,4406,17,28.4,142.5,42.6,631.4,631.3,632.1,630.5,630.6,631,630.4,629.4,28.8,13.5,13.3,21,12.8,14.7,13.2,7.6,18184.3,8522.5,8406.9,13240.5,8071.6,9275.7,8321.2,4783.4,632,632,632,632,632.8,632.8,631.2,631.2,631.2,631.2,631.6,630.9,630.9,629.9,14.1,14.2,13.2,0.1,0,13.5,7,13.7,13,0,14.6,12.9,0.2,7.4,0,0.5,-0.866025404
121,Normal,230.5,108109.3,73881.7,209.2,98126.5,228.7,228.4,227.3,132.4,132.4,131.5,188,187.8,188.3,60,1,75.2,71.9,66.7,0,55.5,0,0,0,0,0/0,0,0,26136,4406,18,114.6,6.9,0.4,627.5,627.4,628.2,626.7,626.7,627,626.8,625.8,28.8,13.7,13.4,21.4,13,14.8,13.4,7.9,18072,8595.3,8417.8,13411.3,8147.1,9279.6,8399.1,4943.8,627.3,627.3,627.3,627.3,628.1,628.1,626.5,626.5,626.5,626.5,626.9,626.3,626.3,625.3,14.1,14.2,13.3,0.1,0,13.5,7.3,13.9,13.1,0,14.6,13,0.1,7.8,0,0.5,-0.866025404
121,Normal,236.7,108115.5,73983.7,214.9,98132.2,228.7,228.2,227.4,132.5,132.3,131.4,188,187.8,188.3,60,1,75.8,72.2,66.9,0,55.9,0,0,0,0,0/0,0,0,26136,4406,18,53,11.1,9.6,626.9,626.8,627.7,626.1,626.1,626.5,625.9,624.9,28.9,13.6,13.3,21.4,13.1,15,13.4,7.7,18117.4,8524.4,8348.4,13398.5,8201.9,9397.5,8387,4811.7,627,627,626.9,626.9,627.7,627.7,626.2,626.2,626.2,626.2,626.5,625.9,625.9,624.9,14.1,14.3,13.2,0.1,0,13.5,7.4,13.7,13.2,0,14.8,13.1,0.1,7.7,0,0.5,-0.866025404
121,Normal,243,108121.8,73832.1,220.7,98138,228.8,228.3,227.3,132.5,132.4,131.4,187.3,187.1,187.6,60,1,74.8,72.4,66.9,0,55.4,0,0,0,0,0/0,0,0,26136,4406,18,106.4,32.2,138.6,629.4,629.4,630.2,628.6,628.6,629,629.3,619.3,28.8,13.5,13.3,20.8,12.9,15,13.1,8.8,18126.7,8496.9,8381.6,13074.8,8108.9,9435,8243.8,5449.8,628.2,628.2,628.2,628.2,629.1,629.1,627.4,627.4,627.5,627.5,627.8,627.2,627.2,626.1,14.2,14.3,13.3,0.1,0,13.5,7,13.8,13.1,0,14.9,13,0.1,7.4,0,0.258819045,-0.965925826
121,Normal,249.1,108127.9,74029.2,226.2,98143.5,228.8,228.4,227.4,132.5,132.4,131.5,188.3,188,188.6,60,1,74.7,72.5,67,0,55.4,0,0,0,0,0/0,0,0,26136,4406,19,62.4,124.2,99.3,626.1,626,626.8,625.3,625.3,625.7,625.1,624.1,29.1,13.7,13.4,21.2,13.1,15,13.3,7.6,18219.5,8576.2,8399.1,13256.3,8191.4,9385.5,8313.8,4743.1,626.1,626.1,626,626,626.9,626.9,625.3,625.3,625.3,625.3,625.7,625.1,625.1,624.1,14.2,14.4,13.3,0.1,0,13.5,7,14,13.2,0,14.9,13,0.1,7.6,0,0.258819045,-0.965925826
121,Normal,255.4,108134.2,73939.4,232.2,98149.5,228.7,228.1,227.4,132.5,132.3,131.4,188.1,187.8,188.5,60,1,75.7,72.9,67.4,0,56,0,0,0,0,0/0,0,0,26136,4406,18,56,107.3,210.8,625.5,625.4,626.3,624.7,624.7,625.1,624.3,623.2,29.2,13.8,13.3,21.1,13.2,15.1,13.4,7.5,18264.6,8630.5,8329.7,13181.1,8246,9439,8365.6,4674,625.5,625.5,625.4,625.4,626.3,626.3,624.7,624.7,624.7,624.7,625.1,624.5,624.5,623.5,14.2,14.4,13.4,0.2,0,13.5,7,13.8,13.2,0,14.9,13.1,0.1,7.4,0,0.258819045,-0.965925826
121,Normal,261.5,108140.3,74008.7,237.6,98154.9,228.7,228.3,227.3,132.5,132.3,131.4,188.5,188.2,188.6,60,1,76.1,73.2,67.8,0,56.3,0,0,0,0,0/0,0,0,26136,4406,18,98.8,33,89.3,625.8,625.7,626.6,625,625,625.3,624.6,623.6,29,13.9,13.2,21.2,13.2,15,13.4,7.5,18148.2,8697.2,8271.1,13250,8250,9379.5,8369.6,4677,625.6,625.6,625.5,625.5,626.3,626.3,624.7,624.7,624.8,624.8,625.1,624.4,624.4,623.4,14.3,14.3,13.5,0.2,0,13.4,7,14,13.3,0,14.8,12.9,0.1,7.5,0,0.258819045,-0.965925826
121,Normal,267.8,108146.6,73849.6,243.5,98160.8,228.5,228,227.2,132.4,132.2,131.3,188.3,187.9,188.5,60,1,76.7,73.6,68.2,0,56.9,0,0,0,0,0/0,0,0,26136,4406,18,9.8,3.3,2.5,627.4,627.4,628.2,626.6,626.6,627,626.5,612.6,29,13.8,13.1,20.8,12.9,14.9,11.7,9.5,18194.6,8658.1,8229.4,13033.2,8083.1,9342.3,7330,5819.7,629.1,629.1,629.1,629.1,629.9,629.9,628.3,628.3,628.3,628.3,628.7,628,628,603.9,14,14.2,13.1,0.2,0,13.1,6.4,13.7,13,0,14.6,11.3,0,10.9,0,0.258819045,-0.965925826
121,Normal,274.1,108152.9,74010.4,249,98166.3,228.7,228.2,227.1,132.4,132.4,131.3,188.3,188.1,188.6,60,1,77,74,68.6,0,57.3,0,0,0,0,0/0,0,0,26136,4406,18,71.1,89.1,53.2,622.5,622.4,623.2,621.7,621.7,622,621.5,620.5,29.3,14.1,13.2,21.6,13.3,15.2,12.1,7.7,18239.2,8775.8,8226.2,13428.7,8268.6,9454.4,7520.1,4777.8,622.4,622.4,622.4,622.4,623.2,623.2,621.6,621.6,621.6,621.6,622,621.3,621.3,620.3,14.4,14.4,13.5,0.3,0,13.4,7.3,14,13.5,0,15.1,11.9,0.1,7.7,0,0.258819045,-0.965925826
121,Normal,280.3,108159.1,74018,255,98172.3,228.5,228.1,227.1,132.4,132.2,131.3,188.9,187.9,188.2,60,1,76.1,74.1,68.6,0,56.5,0,0,0,0,0/0,0,0,26136,4406,17,12.7,32.7,45.5,624.8,624.7,625.6,624,624,624.4,623.7,622.8,29.3,14.2,13.3,21.6,13.1,15.1,12,7.6,18306.6,8870.7,8320.4,13478.4,8174.4,9428.4,7484.4,4733.2,624.9,624.9,624.8,624.8,625.7,625.7,624.1,624.1,624.1,624.1,624.5,623.8,623.8,622.8,14.5,14.4,13.6,0.3,0,13.4,7.2,14.2,13.4,0,15,11.8,0.1,7.5,0,0.258819045,-0.965925826
121,Normal,286.5,108165.3,74023.4,260.6,98177.9,228.6,228,227.1,132.4,132.3,131.2,188.7,188.3,188.8,60,1,76.4,74,68.2,0,56.6,0,0,0,0,0/0,0,0,26136,4406,19,26.4,21.7,4.7,623.8,623.8,624.6,623,623.1,623.4,622.8,621.8,29.5,14.2,13.3,21.6,13.2,15.2,12,7.5,18402.1,8857.9,8307.1,13456.8,8224.9,9475.6,7473.6,4663.5,623.9,623.9,623.8,623.8,624.7,624.7,623.1,623.1,623.1,623.1,623.5,622.8,622.8,621.9,14.5,14.6,13.6,0.4,0,13.5,7.2,14.2,13.4,0,15.1,11.7,0,7.5,0,0.258819045,-0.965925826
121,Normal,292.7,108171.6,74012.7,266.3,98183.6,228.5,228.2,227.1,132.3,132.3,131.4,188.6,188.1,188.9,60,1,76.8,74.3,68.7,0,57.2,0,0,0,0,0/0,0,0,26136,4406,18,60.4,28.1,88.5,622.4,622.4,623.2,621.6,621.6,622,621.3,620.3,29.4,14.2,13.3,21.7,13.2,15.2,11.9,7.7,18298.5,8838,8288.5,13488.7,8205.1,9454.4,7393.4,4776.3,622.4,622.4,622.4,622.4,623.2,623.2,621.7,621.7,621.7,621.7,622.1,621.3,621.3,620.4,14.5,14.5,13.6,0.3,0,13.5,7.2,14.3,13.5,0,15.1,11.7,0,7.6,0,0.258819045,-0.965925826
121,Normal,299,108177.8,73935.1,272,98189.3,228.7,227.9,227.1,132.5,132.2,131.2,187.8,187.4,188,60,1,77.1,74.3,68.6,0,57.1,0,0,0,0,0/0,0,0,26136,4406,18,105.2,92.8,4.1,630.1,629.9,626.3,629.3,623.5,629.7,623.6,590.9,27.6,13.2,12.8,18.9,13,14.4,12.8,12.4,17390.7,8314.6,8016.6,11893.7,8105.5,9067.6,7982,7327.1,630.5,630.5,629.5,629.5,625.8,625.8,629.7,629.7,622.4,622.4,630.1,608.2,608.2,584.1,13.4,13.7,12.7,0.4,0,13.1,5.4,13.2,13.3,0,14.1,13,0,13.2,0,0.258819045,-0.965925826
121,Normal,305.3,108184.1,73994.7,277.8,98195.1,228.4,227.9,226.9,132.3,132.1,131.2,188.4,188.1,188.8,60,1,76.4,74.4,68.6,0,56.8,0,0,0,0,0/0,0,0,26136,4406,18,26.1,77.8,49.4,621.6,621.5,622.4,620.8,620.8,621.2,620.6,615,29.1,14,13.1,21.2,12.9,15.3,13.1,8.1,18088.5,8701,8153.4,13160.9,8008.3,9504.3,8129.8,4981.5,622.1,622.1,622.1,622.1,622.9,622.9,621.3,621.3,621.3,621.3,621.7,621.1,621.1,613.2,14.2,14.4,13.4,0.3,0,13.2,6.7,14,13.1,0,15,12.8,0.1,8.6,0,0.258819045,-0.965925826
121,Normal,311.5,108190.3,74020.7,283.6,98200.9,228.6,227.7,226.9,132.4,132.2,131.1,188.8,188.5,188.9,60,1,76.8,74.5,68.9,0,57.1,0,0,0,0,0/0,0,0,26136,4406,17,74.8,122.7,47.9,620.8,620.7,621.5,620,619.9,620.3,618,618.7,29.5,14.2,13.3,21.5,13.1,15.3,12.6,7.4,18313.6,8813.9,8265.9,13330,8120.6,9490.5,7786.8,4578.3,620.7,620.7,620.6,620.6,621.4,621.4,619.9,619.9,619.9,619.9,620.2,619.6,619.6,618.6,14.5,14.5,13.6,0.3,0,13.4,7.1,14.2,13.4,0,15.2,12.2,0.1,7.4,0,0.258819045,-0.965925826
121,Normal,317.7,108196.5,73980.2,289.3,98206.6,228.6,228,227.2,132.5,132.2,131.3,188.3,188.1,188.6,60,1,76.5,74.7,69,0,57,0,0,0,0,0/0,0,0,26136,4406,18,26.8,91.6,118.5,624.7,624.7,625.6,623.9,624,624.4,621.6,590.6,28.6,13.6,12.9,20.2,12.6,14.7,12.4,12.3,17866.4,8495.9,8070.2,12602.7,7862.4,9178.6,7707.8,7264.3,626.3,626.3,626.3,626.3,627.2,627.2,625.5,625.5,621.5,621.5,625.9,597.1,597.1,584,13.7,14.1,12.9,0.4,0,12.8,6,13.4,13.3,0,14.3,13,0,13.3,0,1.22515E-16,-1
121,Normal,323.9,108202.7,74002.8,294.8,98212.1,228.5,227.9,227,132.4,132.1,131.2,188.6,188.4,188.8,60,1,78.8,75,69.4,0,58.8,0,0,0,0,0/0,0,0,26136,4406,19,8.2,136.6,108.4,619,618.9,619.8,618.2,618.2,618.5,618,616.9,29.6,14.2,13.3,21.8,13.2,15.2,12.5,7.7,18322.4,8788.3,8243.3,13476.7,8160.2,9401.2,7725,4750.1,619,619,618.8,618.8,619.7,619.7,618.2,618.2,618.1,618.1,618.5,617.9,617.9,616.9,14.5,14.7,13.5,0.4,0,13.4,7.4,14.2,13.6,0,15.1,12.2,0.1,7.6,0,1.22515E-16,-1
121,Normal,330.2,108209,74012.1,300.6,98217.9,228.1,227.7,226.8,132.2,132,131.1,188.9,188.4,189,60,1,79.3,75.8,70.3,0,59,0,0,0,0,0/0,0,0,26136,4406,19,97.9,131.2,48.2,618.9,618.8,619.7,618.1,618,618.4,617.8,616.8,29.8,14.3,13.4,22.2,12.5,15.2,12.3,7.8,18443.2,8848.8,8303.9,13721.8,7725,9399.6,7598.9,4811,618.9,618.9,618.8,618.8,619.6,619.6,618.1,618.1,618,618,618.4,617.8,617.8,616.8,14.5,14.8,13.6,0.4,0,13.7,7.6,14.4,12.9,0,15,12.1,0.1,7.8,0,1.22515E-16,-1
121,Normal,336.4,108215.2,74001.1,306.4,98223.7,228,227.3,226.7,132.2,131.8,130.9,188.9,188.6,189.2,60,1,79.1,76.3,70.8,0,59.1,0,0,0,0,0/0,0,0,26136,4406,19,25.3,117.6,2.5,622,621.9,622.8,621.2,621.2,621.6,621.1,606.6,29,13.9,13.2,21.2,12.7,14.7,13.5,9.6,18038,8644.4,8220.9,13169.4,7889.2,9137.5,8384.8,5823.3,624.5,624.5,624.5,624.5,625.4,625.4,623.7,623.7,623.8,623.8,624.1,623.5,623.5,591.5,13.8,14.3,13,0.4,0,13,6.4,13.7,12.8,0,14.3,12.8,0.2,12,0,1.22515E-16,-1
121,Normal,342.6,108221.5,74002.8,312.1,98229.4,228.2,227.6,226.7,132.3,132,131,188.8,188.5,189,60,1,79.8,76.8,71.3,0,59.5,0,0,0,0,0/0,0,0,26136,4406,20,51.4,71.5,24.8,620.2,620.2,621,619.4,619.4,619.8,619.3,614.3,29.3,13.9,13.3,21.5,13,14.8,13.8,8.1,18171.8,8620.7,8259.3,13317.1,8052.2,9173,8546.3,4975.8,620.4,620.4,620.3,620.3,621.1,621.1,619.6,619.6,619.6,619.6,619.9,619.3,619.3,613.8,14.3,14.6,13.4,0.3,0,13.5,7.2,14.2,13.2,0,14.6,13.2,0.2,9.2,0,1.22515E-16,-1
121,Normal,348.8,108227.6,74008,317.8,98235.1,228.1,227.3,226.8,132.3,131.8,131,188.9,188.6,189,60,1,80.4,77.4,72,0,59.9,0,0,0,0,0/0,0,0,26136,4406,19,49.3,29.2,48.8,620.8,620.7,621.5,620,620,620.3,619.9,600.3,28.9,13.6,13.2,20.8,13.1,14.7,13.8,10.6,17941.1,8441.5,8203.8,12896,8122,9118.4,8554.6,6363.1,620.7,620.7,620.6,620.6,621.4,621.4,619.8,619.8,619.9,619.9,620.2,619.2,619.2,604.5,14,14.5,13.1,0.3,0,13.4,7,13.8,13.2,0,14.6,13.3,0.4,9.3,0,1.22515E-16,-1
121,Normal,355.1,108233.9,74013.9,323.5,98240.8,227.8,227.2,226.7,132.1,131.7,130.9,188.9,188.6,189.1,60,1,78.5,77.8,72.3,0,58.8,0,0,0,0,0/0,0,0,26136,4406,20,62.4,149.7,27.1,622.1,621.9,620.7,621.3,617.5,621.7,620.3,579.6,28.2,13.4,13,19.9,13.2,14.5,13.3,13.5,17543.2,8333.4,8069.1,12363.8,8151,9014.6,8249.9,7824.6,622.9,622.9,620,620,623.2,623.2,622.2,622.2,614.4,614.4,622.5,617.5,617.5,577.3,13.5,14,13.1,0.3,0,12.8,6.1,13.3,13.4,0,14.1,13.1,0.3,13.6,0,1.22515E-16,-1
121,Normal,360.3,108239.1,73101.6,328.5,98245.8,226.9,226.4,225.9,131.7,131.2,130.5,187.9,186.8,187.1,60,1,69.9,77.1,71.7,0,55.5,0,0,0,0,0/0,0,0,26136,4406,19,63.9,48.8,117.2,638.7,638.6,639.5,637.8,637.9,638.2,637.5,636.5,29.4,13.8,13.2,19.7,12.9,14.7,13.6,5.8,18777.7,8812.6,8441.4,12564.6,8228.9,9381.5,8670,3691.7,561.6,561.6,576.4,576.4,553.6,553.6,560.4,560.4,536.1,536.1,561.1,571,571,533.9,9.4,9.5,10.4,0.3,0,10.2,11.9,14.3,11.5,0.1,17.7,10.5,0.3,19,0,1.22515E-16,-1
121,Normal,366.5,108245.3,74011.2,334,98251.3,227.1,226.2,226.1,131.8,131.1,130.5,189.6,189.3,189.9,60,1,76.7,75.9,70.4,0,56.9,0,0,0,0,0/0,0,0,26136,4406,19,54.3,67.3,46.1,621.6,621.5,622.4,620.8,620.8,621.2,620.6,603.1,29.1,14,13.1,21.4,11.2,15.1,13.6,10.2,18088.5,8701,8153.4,13285.1,6952.9,9380.1,8440.1,6151.6,624.1,624.1,624.1,624.1,625,625,623.4,623.4,615.5,615.5,623.8,622.5,622.5,594.1,13.9,14.3,13.2,0.3,0,13.1,6.6,14,11.7,0,14.7,12.9,0.2,11.6,0,1.22515E-16,-1
121,Normal,372.6,108251.4,74014.7,339.8,98257.1,227.3,226.3,226.1,131.9,131.3,130.5,189.6,189.2,189.7,60,1,78.4,75.7,69.9,0,58.5,0,0,0,0,0/0,0,0,26136,4406,19,83.6,79.3,59.1,622.4,622.4,623.3,621.7,621.6,622.1,621.5,592.2,28.7,13.8,12.9,20.8,11.4,15,13.4,11.9,17862.8,8589.1,8040.5,12931.3,7086.2,9331.5,8328.1,7047.1,624.8,624.8,624.5,624.5,620.1,620.1,624,624,624,624,624.4,619.8,619.8,581.1,13.7,14,13,0.4,0,13.4,6.1,13.6,11.7,0,14.5,13.1,0.2,13.3,0,1.22515E-16,-1
121,Normal,378.8,108257.6,74027,345.5,98262.8,227.1,226,226.2,132,131,130.4,189.8,189.4,189.9,59.9,1,78.1,75.4,69.4,0,58.2,0,0,0,0,0/0,0,0,26136,4406,20,58.7,178.2,54.6,616.1,616,616.9,615.4,615.3,615.7,615.1,614.1,29.5,14.4,13.4,22.1,11.5,15.5,13.8,8,18174.9,8870.4,8266.4,13600.3,7075.9,9543.3,8488.3,4912.8,615.9,615.9,615.8,615.8,616.7,616.7,615.2,615.2,615.1,615.1,615.5,614.9,614.9,613.9,14.4,14.7,13.7,0.4,0,13.6,7.5,14.4,11.8,0,15.3,13.4,0.2,8,0,1.22515E-16,-1
121,Normal,385.2,108264,73653.4,351.3,98268.6,227.3,226.3,226.2,131.9,131.2,130.5,188.4,188.2,188.9,60,1,78,75.5,69.5,0,58.3,0,0,0,0,0/0,0,0,26136,4406,17,59.7,116.5,99.7,614.8,614.8,615.6,614.1,614,614.5,614,599.2,28.9,14.1,13.3,21.7,11.2,15.1,13.6,10.4,17767.7,8668.6,8187.4,13325.9,6876.8,9278.9,8350.4,6231.6,612.9,612.9,612.8,612.8,613.7,613.7,612.2,612.2,612.1,612.1,612.5,612,612,611,14.4,14.5,13.7,0.4,0,13.5,7.7,14.4,11.8,0,15.2,13.4,0.2,8.2,0,1.22515E-16,-1
121,Normal,391.3,108270.1,74564.9,357.1,98274.4,227.1,226.2,226.1,131.9,131.1,130.4,191.6,191.2,191.8,60,1,81,76.2,70.4,0,60,0,0,0,0,0/0,0,0,26136,4406,18,80.1,73.3,75.9,616.2,612.9,617,615.4,579.1,615.7,610.3,572.9,28.3,13.9,12.9,21.1,13.5,14.6,14,14.1,17438.4,8519.3,7959.3,12984.9,7817.8,8989.2,8544.2,8077.8,620.5,620.5,600.3,600.3,621.3,621.3,619.7,619.7,581.4,581.4,611.4,596.2,596.2,562.9,13.3,13.8,14.6,0.3,0,12.6,6.1,13.5,13.7,0,15,14.5,0.3,15,0,-0.258819045,-0.965925826
121,Normal,397.6,108276.4,76165,362.8,98280.1,227.1,226.2,226,131.8,131.1,130.4,195.3,195,195.4,60,1,79.8,77,71.1,0,59.8,0,0,0,0,0/0,0,0,26136,4406,18,8.9,117.9,101.1,614.4,614.4,615.2,613.7,606.6,614,613.4,585.7,29.5,14.2,13.5,22.2,12.4,15.4,13.9,12.7,18124.8,8724.4,8305.2,13624.1,7521.8,9455.6,8526.2,7438.3,612.3,612.3,612.2,612.2,613.1,613.1,611.6,611.6,611.5,611.5,611.9,611.7,611.7,591.9,14.5,14.9,13.8,0.3,0,13.8,7.8,14.7,12,0,15.5,13.5,0.3,11.6,0,-0.258819045,-0.965925826
121,Normal,404.2,108283,76251.1,369,98286.3,227.3,226.3,226,131.9,131.3,130.4,195.4,195,195.6,60,1,79.2,77,70.8,0,58.9,0,0,0,0,0/0,0,0,26136,4406,19,57.3,0.1,106.4,605.9,605.8,606.7,605.3,605.1,605.5,604.9,604,30.3,14.7,13.9,24.1,12.2,16,14.3,9.7,18358.7,8905.2,8433.1,14587.7,7382.2,9688,8650,5858.8,605.9,605.9,605.8,605.8,606.7,606.7,605.2,605.2,605.1,605.1,605.5,604.9,604.9,604,14.7,15.1,14.2,0.3,0,14,8.9,14.9,12.3,0,15.8,13.7,0.3,9.5,0,-0.258819045,-0.965925826
121,Normal,410.5,108289.3,74013.3,374.8,98292.1,226.9,225.8,225.8,131.7,130.9,130.2,190,189.6,190.2,60,1,80,76.9,70.5,0,59.9,0,0,0,0,0/0,0,0,26136,4406,20,30.2,101.1,52.4,614.4,614.4,615.2,613.7,613.7,614,613.5,612.5,29.4,14.1,13.4,22.4,12.7,15.3,13.8,8.3,18063.3,8663,8243.6,13746.8,7793.9,9394.2,8466.3,5083.7,615.1,615.1,615.1,615.1,615.9,615.9,614.4,614.4,614.3,614.3,614.7,614.1,614.1,613.1,14.2,14.7,13.6,0.3,0,13.5,7.8,14.3,12.9,0,15.2,13.3,0.3,8.1,0,-0.258819045,-0.965925826
121,Normal,415.4,108294.2,76211.1,379.3,98296.6,226.9,226.1,226,131.8,131,130.4,195.3,195.1,195.6,60,1,75.2,75.8,69.9,0,55.2,0,0,0,0,0/0,0,0,26136,4406,17,61.1,136.7,78.2,613.4,613.4,614.1,612.7,612.5,613,612.3,611.4,29.8,14.5,13.6,23.9,11.8,15.8,14,9.6,18279.3,8894.3,8351.7,14643.5,7227.5,9685.4,8572.2,5869.4,614,614,613.9,613.9,614.7,614.7,613.3,613.3,613.1,613.1,613.6,612.9,612.9,611.9,14.6,14.7,14,0.3,0,13.7,8.8,14.8,12.1,0,15.7,13.5,0.2,9.4,0,-0.258819045,-0.965925826
121,Normal,421.6,108300.4,73983.8,384.9,98302.2,226.8,226,225.9,131.7,130.9,130.4,189.7,189.4,190,60,1,78.9,75.3,69.5,0,59,0,0,0,0,0/0,0,0,26136,4406,19,90.1,85.4,4.6,618.4,618.4,615.2,617.6,554.1,618,616.5,582.5,27.8,13.7,13,21.3,13.3,14.7,13.2,13.4,17191.5,8472,7997.6,13154.8,7369.5,9084.6,8137.8,7805.5,617,617,616.9,616.9,617.7,617.7,616.2,616.2,587.4,587.4,616.6,616,616,587.9,13.8,13.8,13.2,0.4,0,13,7.5,13.9,12.8,0,14.7,12.8,0.3,12.6,0,-0.258819045,-0.965925826
121,Normal,428,108306.8,76125.2,390.9,98308.2,226.8,225.9,225.9,131.7,130.9,130.3,195.5,195.1,195.6,60,1,79.4,75.4,69.3,0,58.5,0,0,0,0,0/0,0,0,26136,4406,20,18,138.7,120.7,602.3,602.1,602.9,601.6,601.3,601.8,601.2,600.3,30,14.7,13.8,24.9,10.8,16.1,14.1,10.6,18069,8850.8,8320,14979.8,6494,9688.9,8476.9,6363.1,602.5,602.5,602.3,602.3,603.1,603.1,601.8,601.8,601.6,601.6,602,601.5,601.5,600.6,14.8,14.8,14.2,0.4,0,14,9.7,14.8,11.2,0,15.9,13.7,0.2,10.4,0,-0.258819045,-0.965925826
121,Normal,433.8,108312.7,76106.8,396.1,98313.4,226.8,225.9,226,131.7,130.9,130.3,195.2,195,195.6,60,1,69.1,75.5,69.2,0,57.8,0,0,0,0,0/0,0,0,26136,4406,18,111.1,144,32.9,611.1,611,611.9,610.4,610.3,610.7,610.2,609.3,29.5,14.3,13.8,23.8,11.9,15.9,14.2,9.8,18027.4,8737.3,8444.2,14527.5,7262.5,9710.1,8664.8,5971.1,611.4,611.4,611.3,611.3,612.1,612.1,610.7,610.7,610.5,610.5,611,610.4,610.4,609.4,14.6,14.8,13.7,0.4,0,13.9,9.2,14.2,12.3,0,15.8,13.6,0.3,9.7,0,-0.258819045,-0.965925826
121,Normal,440.4,108319.2,76140.4,402.2,98319.5,227.3,225.1,226.2,132.2,130.7,130,195.2,195,195.5,60,1,80.8,75.9,69.9,0,59.8,0,0,0,0,0/0,0,0,26136,4406,18,86.1,18,104.2,606.6,606.5,607.3,605.9,590.9,606.2,605.6,589,29.4,14.4,13.5,24.1,12.1,15.4,13.9,12.4,17834,8733.6,8198.5,14602.1,7149.8,9335.4,8417.8,7303.6,602.5,602.5,602.4,602.4,603.2,603.2,601.9,601.9,601.6,601.6,602.1,601.5,601.5,600.6,14.8,14.7,14.1,0.4,0,13.9,9.9,14.9,11.5,0,15.6,13.7,0.3,10.5,0,-0.258819045,-0.965925826
121,Normal,446.7,108325.5,73481.7,408.1,98325.4,226.7,225.8,225.9,131.7,130.9,130.3,189.6,189.4,189.9,60,1,81.1,76.8,70.7,0,61.5,0,0,0,0,0/0,0,0,26136,4406,19,80.8,7.8,72.9,626.8,567.4,562.2,621.9,626.1,566.7,574.8,530.2,25.3,15.5,15.4,19.4,10.5,17.3,15.1,16.6,15858,8794.7,8657.8,12064.8,6574,9803.9,8679.4,8801.3,630.9,630.9,569.3,569.3,564.4,564.4,620.2,620.2,630.2,630.2,569,577.1,577.1,532.7,11.9,12.2,15.2,0.1,0,15.4,6.8,13,10.5,0,17.1,14.5,0.3,16.3,0,-0.258819045,-0.965925826
121,Normal,452.8,108331.6,76084.3,413.8,98331.1,226.7,225.8,225.7,131.6,130.9,130.2,195.3,195,195.6,60,1,81.3,77.1,71.1,0,60.1,0,0,0,0,0/0,0,0,26136,4406,18,25.5,46.6,21.1,597.9,597.7,598.6,597.3,597,597.5,596.9,596.1,29.9,14.5,13.8,25.3,11.6,15.7,14.2,11.2,17877.2,8666.6,8260.6,15111.6,6925.2,9380.7,8475.9,6676.3,597.9,597.9,597.8,597.8,598.6,598.6,597.3,597.3,597,597,597.5,596.8,596.8,595.9,14.8,14.7,14.1,0.2,0,14,10.3,14.7,11.6,0,15.6,13.7,0.3,11.1,0,-0.258819045,-0.965925826
121,Normal,459.3,108338.1,70260.9,419.6,98336.9,226.6,225.6,225.5,131.5,130.8,130.1,180.8,180.5,181,60,1,81.1,77.6,71.6,0,60.5,0,0,0,0,0/0,0,0,26136,4406,19,104.5,32.1,17.5,611.7,611.6,612.4,610.9,610.8,611.3,610.5,609.6,27.8,13.4,12.9,22.3,10.3,14.5,13.3,8.8,17005.2,8195.4,7899.9,13623,6291.2,8863.8,8119.6,5364.4,595.3,595.3,595.1,595.1,596,596,594.7,594.7,594.4,594.4,594.8,594.1,594.1,593.3,14.7,14.7,14,0.4,0,14,10.6,14.6,11.8,0,15.6,13.7,0.4,11.2,0,-0.258819045,-0.965925826
121,Normal,465.5,108344.3,76063.6,425.5,98342.8,226.5,225.7,225.5,131.5,130.8,130.1,195.2,194.9,195.6,60,1,81.4,78,72,0,60.4,0,0,0,0,0/0,0,0,26136,4406,18,77.4,5.5,139.6,596.1,596,596.8,595.5,595.2,595.7,595,594.2,29.8,14.5,13.8,25.3,11.8,15.8,14.2,11.3,17763.7,8642,8235.8,15066.1,7023.3,9412,8449,6714.4,596,596,595.9,595.9,596.7,596.7,595.4,595.4,595.1,595.1,595.6,595,595,594.2,14.7,14.6,14,0.2,0,13.9,10.6,14.5,11.8,0.1,15.6,13.7,0.3,11.2,0,-0.5,-0.866025404
121,Normal,471.7,108350.5,74871.4,431.1,98348.4,226.6,225.6,225.6,131.6,130.8,130.1,192.9,192.7,193.2,60,1,81.2,78.3,72.3,0,60.9,0,0,0,0,0/0,0,0,26136,4406,18,54,128,73.9,595.1,594.9,595.8,594.5,594.2,594.7,594.1,593.3,29.3,14.4,13.6,25.2,11.9,15.5,14.1,11.3,17436.4,8566.5,8102.8,14981.4,7070.9,9217.8,8376.8,6704.2,593.8,593.8,593.7,593.7,594.5,594.5,593.2,593.2,593,593,593.4,592.8,592.8,592.1,14.6,14.4,13.8,0.4,0,13.8,10.8,14.3,11.9,0.1,15.4,13.6,0.3,11.3,0,-0.5,-0.866025404
121,Normal,478,108356.8,75109.6,436.8,98354.1,226.6,225.6,225.8,131.7,130.7,130.2,194,193.7,194.2,60,1,81.2,78.6,72.7,0,60.9,0,0,0,0,0/0,0,0,26136,4406,18,30.2,49.4,46.2,590.5,590.3,591.1,589.8,589.6,590.1,589.1,588.4,29.6,14.5,13.8,24.5,12.3,15.7,14.3,11.8,17478.8,8559.3,8157.1,14450.1,7252,9264.5,8424.1,6943.1,599.8,599.8,599.7,599.7,600.6,600.6,599.2,599.2,599,599,599.4,598.7,598.7,597.9,14.3,14.1,13.5,0.3,0,13.5,10.2,13.6,11.5,0.1,15.1,13.3,0.3,10.5,0,-0.5,-0.866025404
121,Normal,484,108362.9,67190.1,442.5,98359.8,226.2,225.3,225.2,131.1,130.5,129.8,173.7,173.5,174,60,1,78.6,78.7,73,0,61.1,0,0,0,0,0/0,0,0,26136,4406,17,75.8,24.2,100,479.7,481.7,449.7,492,460.3,479.8,474.3,469.9,30.4,15.3,14.6,29.1,14.6,16.2,14.9,15.6,14582.8,7370,6565.6,14317.2,6720.3,7772.7,7067,7330.4,479.2,479.2,480.5,480.5,462.2,462.2,491.3,491.3,457.6,457.6,479.3,475.4,475.4,475.2,15.3,14.5,14.7,0.2,0,14.6,14.1,14.7,14.2,0.2,16.1,14.3,0.3,15.6,0,-0.5,-0.866025404
121,Normal,489.9,108368.7,71994.7,447.7,98365,226.3,225.4,225.3,131.4,130.7,130,186.1,185.8,186.3,60,1,80.8,78.8,73,0,62,0,0,0,0,0/0,0,0,26136,4406,19,61.2,26.6,34.5,592,591.9,592.7,591.3,590.3,591.6,590.9,590.1,28.6,14.2,13.2,22.3,11.5,15.2,13.7,11.6,16931.2,8404.9,7823.6,13185.9,6788.4,8992.3,8095.3,6845.1,589.2,589.2,589.1,589.1,589.9,589.9,588.6,588.6,588.4,588.4,588.9,588.1,588.1,587.3,14.4,14,13.7,0.4,0,13.5,9.7,12.6,11.3,0,15.3,13.4,0.3,11.8,0,-0.5,-0.866025404
121,Normal,496,108374.8,73360.1,453.3,98370.6,226.2,225.2,225.1,131.3,130.6,129.9,178.8,178.3,178.9,60,1,81.4,79,73.2,0,62.3,0,0,0,0,0/0,0,0,26136,4406,20,75.6,22,22.8,614.4,614.4,615.3,613.7,613.7,614.1,613.5,612.6,25.8,12.6,11.9,19.5,10.8,13.7,12.4,8.4,15851.5,7741.4,7322,11967.1,6627.9,8413.1,7607.4,5145.8,613.9,613.9,613.9,613.9,614.8,614.8,613.2,613.2,610.4,610.4,613.6,612.9,612.9,612,13,12.5,12.1,0.3,0,12.1,8.2,11.2,10.9,0,13.4,12,0.3,8.5,0,-0.5,-0.866025404
121,Normal,502,108380.8,72285.5,458.8,98376.1,226.3,225.2,225.3,131.4,130.6,129.9,186.2,185.8,186.4,60,1,81.3,79.2,73.4,0,62.6,0,0,0,0,0/0,0,0,26136,4406,19,24.6,62.3,37.6,568.9,557.7,558.1,545.7,540.8,528.7,575.5,483.2,28.8,14.5,13.6,26.3,13.3,15.7,13.7,15.3,16384.3,8086.6,7590.1,14351.9,7192.6,8300.5,7884.3,7392.9,571.8,571.8,557.7,557.7,561.7,561.7,541.8,541.8,544.3,544.3,531.9,569.5,569.5,484.6,14.4,13.8,14,0.4,0,13.7,11.9,14.2,13.1,0.1,15.7,13.4,0.3,15.1,0,-0.5,-0.866025404
121,Normal,508,108386.8,71790.1,464.4,98381.7,226,225,225.1,131.3,130.4,129.8,184.8,184.5,184.9,60,1,81.4,79.3,73.7,0,62.9,0,0,0,0,0/0,0,0,26136,4406,19,53,150.9,95.8,570.2,571.1,553.4,512.3,515.9,575.8,556,540.3,28.2,14.1,13.5,27.1,13.5,15,13.9,14.6,16079.6,8052.5,7470.9,13883.3,6964.6,8637,7728.4,7888.3,570.9,570.9,568.8,568.8,552,552,513,513,519.2,519.2,575.7,556.3,556.3,534.3,14.2,13.5,13.6,0.4,0,13.7,12.7,14.1,13.2,0.1,15,13.4,0.3,14.6,0,-0.5,-0.866025404
121,Normal,513.8,108392.6,69980.5,469.7,98387,226.2,225.1,225.1,131.3,130.5,129.8,180.3,179.7,180.5,60,1,80.9,79.5,74,0,62.9,0,0,0,0,0/0,0,0,26136,4406,21,102.6,51.8,62.7,576.2,572.7,577.5,523.9,522.9,581.5,554.5,522.4,27.2,13.7,12.7,25.6,12.9,14.7,13.5,14.7,15672.6,7845.9,7334.2,13411.8,6745.4,8548,7485.7,7679.2,571.5,571.5,570.7,570.7,566.7,566.7,534.1,534.1,518.1,518.1,583.6,556.2,556.2,522.1,13.8,13.2,13.2,0.3,0,13.1,11.4,13.6,12.9,0,14.4,13,0.2,14.5,0,-0.5,-0.866025404
121,Normal,519.8,108398.6,69057.8,475.3,98392.6,226.3,225.1,225.4,131.5,130.4,130,177.6,177.5,177.8,60,1,81,79.4,74,0,63.3,0,0,0,0,0/0,0,0,26136,4406,18,71.4,136.9,41.6,573.4,573.5,567,530,516.4,576.8,570.2,538.7,27,13.6,12.8,24.7,12.9,14.7,13.1,14.1,15481.8,7799.6,7257.6,13091,6661.5,8478.9,7469.6,7595.6,577.9,577.9,573.4,573.4,564.2,564.2,532.7,532.7,521.3,521.3,580.4,572.1,572.1,541.4,13.5,12.9,13,0.4,0,13,11.2,13.1,12.7,0.1,14.4,12.6,0.3,13.9,0,-0.5,-0.866025404
121,Normal,525.5,108404.3,67207,480.6,98397.9,226,225,225.2,131.4,130.4,129.8,172.9,172.8,173.2,60,1,79.9,79.2,73.8,0,62.7,0,0,0,0,0/0,0,0,26136,4406,18,37.6,74.7,84.8,577.1,577.5,580.3,531.6,525.7,581.8,574.6,534.4,26.1,13,12.1,23.9,12.4,14.1,12.7,13.8,15062.3,7507.5,7021.6,12705.2,6518.6,8203.3,7297.4,7374.7,575.8,575.8,571.5,571.5,583.3,583.3,533,533,524.3,524.3,581.8,574.8,574.8,533,13.2,12.7,12.6,0.3,0,12.1,10.8,12.8,12.3,0.1,13.9,12.2,0.3,13.7,0,-0.5,-0.866025404
121,Normal,531.2,108410,66051.8,485.7,98403,226,224.8,225,131.3,130.3,129.7,170,169.5,170.2,60,1,78.5,78.9,73.5,0,61.8,0,0,0,0,0/0,0,0,26136,4406,19,26.1,2,24,577.4,575,574.8,503.5,521.3,582.4,572.9,539.7,25.7,12.8,12,24.8,12.3,13.8,12.5,13.5,14839.1,7360,6897.6,12486.8,6411.9,8037.1,7161.2,7285.9,580.2,580.2,569,569,578,578,504.2,504.2,520.4,520.4,581.9,571.2,571.2,541,13,12.5,12.6,0.2,0,12.2,11.8,13.1,12.3,0.2,13.8,12.2,0.3,13.4,0,-0.5,-0.866025404
121,Normal,536.5,108415.3,63983.1,490.6,98407.9,225.6,224.5,224.7,131.1,130.1,129.5,165,164.7,165.3,60,1,75.8,77.9,72.6,0,60,0,0,0,0,0/0,0,0,26136,4406,19,41.9,60.9,82,579,580.3,572.6,507.6,536.8,587.7,577.7,537.4,25,12.3,11.7,23.9,12,13.4,12,13.2,14475,7137.6,6699.4,12131.6,6441.6,7875.1,6932.4,7093.6,582.5,582.5,578.6,578.6,570.6,570.6,506.1,506.1,534,534,579,571.6,571.6,540.2,12.4,12.2,11.9,0.3,0,11.8,11.2,12.5,11.7,0.2,13.2,11.7,0.3,13,0,-0.707106781,-0.707106781
121,Normal,541.9,108420.7,62378.3,495.6,98412.9,225.3,224.2,224.4,130.9,129.9,129.4,161.1,160.8,161.2,60,1,75.6,76.9,71.7,0,60,0,0,0,0,0/0,0,0,26136,4406,18,81.3,8,130.6,584.7,582.7,565.4,542.7,534.2,589.9,578.8,541.9,24.3,11.8,11.6,22,11.6,13,11.7,12.9,14208.2,6875.8,6558.6,11939.4,6196.7,7668.7,6771.9,6990.5,578.5,578.5,584.4,584.4,569.7,569.7,536.6,536.6,534.4,534.4,588.2,580.6,580.6,541.6,12.1,12,11.4,0.2,0,11.7,10.1,11.6,11.3,0.2,12.9,11.2,0.3,12.8,0,-0.707106781,-0.707106781
121,Normal,547.1,108425.9,61531.8,500.5,98417.8,225.5,224.3,224.5,131,130.1,129.4,158.6,158.4,158.6,60,1,75.7,76.3,71.3,0,60.2,0,0,0,0,0/0,0,0,26136,4406,19,103.2,63.3,74.3,581.8,579.8,571.9,537,538.4,589.6,582.5,540.3,23.9,11.7,11.2,22.2,11.2,12.7,11.4,12.7,13905,6783.6,6405.2,11921.4,6030,7487.9,6640.5,6861.8,586.3,586.3,581.6,581.6,576.6,576.6,542,542,538.8,538.8,586.9,582.5,582.5,541.5,11.8,11.6,11.3,0.2,0,11.3,10.2,11.5,11.1,0.1,12.6,10.9,0.3,12.5,0,-0.707106781,-0.707106781
121,Normal,552.3,108431.1,58383.8,505.2,98422.5,224.8,223.8,224.1,130.7,129.6,129.2,151,150.8,151.1,60,1,74,75.7,71,0,59.7,0,0,0,0,0/0,0,0,26136,4406,18,69.9,68.4,28,588.8,612.2,572.6,539.1,542.9,594.1,578.9,545.5,22.5,10.1,10.6,21.1,10.5,12.2,10.9,12.1,13248,6183.2,6069.5,11375,5700.4,7248,6310,6600.5,591.9,591.9,612.1,612.1,578.6,578.6,536,536,535.1,535.1,589.6,583,583,540.7,11.3,11,9.8,0.3,0,10.7,9.8,11.4,10.7,0,12.2,10.6,0.1,12.1,0,-0.707106781,-0.707106781
121,Normal,557,108435.8,55388.7,509.4,98426.7,224.7,223.5,224,130.7,129.5,129.1,143.8,143.6,143.9,60,1,71.4,74.4,69.8,0,58.2,0,0,0,0,0/0,0,0,26136,4406,19,53.8,21.7,10.8,590,627.9,574.1,529.7,538.7,599.1,583.6,548.1,21.3,8.9,10.1,20.6,10.2,11.7,10.3,11.6,12567,5588.3,5798.4,10911.8,5494.7,7009.4,6011,6357.9,588.2,588.2,627.7,627.7,573.8,573.8,529.3,529.3,538.6,538.6,596.4,584,584,548,10.8,10.2,8.5,0.4,0,10.3,9.4,10.8,10.2,0,11.7,10,0,11.4,0,-0.707106781,-0.707106781
121,Normal,561.8,108440.6,57135.6,513.9,98431.2,224.7,223.5,223.9,130.7,129.5,129,148.1,148,148.2,60,1,72.8,73.4,69.2,0,58.9,0,0,0,0,0/0,0,0,26136,4406,17,26.9,44.8,120.9,591.5,624.9,575.1,538.8,545,600.8,576,552.9,22,9.2,10.4,20.4,10.4,12,10.7,11.8,13013,5749,5981,10991.5,5668,7209.6,6163.2,6524.2,586.2,586.2,628,628,576.7,576.7,540.9,540.9,546.5,546.5,594.6,580.3,580.3,546.9,11.1,10.6,8.8,0.2,0,10.3,9.2,10.9,10.3,0,11.9,10.4,0.1,11.7,0,-0.707106781,-0.707106781
121,Normal,566.6,108445.4,54110.7,518.5,98435.8,224.3,223.2,223.8,130.5,129.3,129,140.9,140.6,140.9,60,1,72.2,72.7,68.6,0,58.9,0,0,0,0,0/0,0,0,26136,4406,17,20.6,43.4,42.2,594,632.3,578,543.9,532.5,596.8,591.5,551.4,21,8.3,9.9,18.9,10.3,11.7,9.9,11.4,12474,5248,5722.2,10279.7,5484.7,6982.5,5855.8,6285.9,588.5,588.5,630.8,630.8,583.5,583.5,543.5,543.5,538.7,538.7,601.2,593.2,593.2,550.6,10.7,10.2,8.3,0,0,9.9,8.4,10.4,10,0.2,11.3,9.7,0,11.4,0,-0.707106781,-0.707106781
121,Normal,570.9,108449.7,47955.9,522.4,98439.7,224,222.9,223.4,130.3,129.1,128.7,126.6,126.4,126.7,60,1,69.2,71.8,67.7,0,57.8,0,0,0,0,0/0,0,0,26136,4406,17,50.3,5.9,44.4,586.6,629.3,582.5,513.1,547.6,601.4,574.8,548.2,19,7.1,9,18.4,9.1,10.5,9.2,10.3,11145.4,4468,5242.5,9441,4983.1,6314.7,5288.1,5646.4,583.6,583.6,633,633,585.5,585.5,516.4,516.4,546,546,604.8,574.9,574.9,553.9,9.7,9.3,7.1,0,0,8.9,8.5,9.5,8.9,0.2,10.2,9,0,10.2,0,-0.707106781,-0.707106781
121,Normal,575,108453.9,47325.8,526.2,98443.5,223.9,222.7,223.2,130.2,129.1,128.6,123.3,123.1,123.3,59.9,1,67.1,70.8,67,0,56.5,0,0,0,0,0/0,0,0,26136,4406,16,35.2,16.5,67,586.1,637.7,581.8,530.3,550,601.5,581.9,554.2,18.8,6.2,8.9,17.7,8.8,10.2,8.9,10,11018.6,3953.7,5178,9386.3,4840,6135.3,5178.9,5542,584.2,584.2,639,639,583.3,583.3,533.6,533.6,553.9,553.9,600.3,583.5,583.5,555.6,9.5,9.1,6.3,0,0,9,8.2,9.2,8.6,0.1,10.1,8.7,0.1,10,0,-0.707106781,-0.707106781
121,Normal,576.5,108455.3,49029.1,527.7,98445,223.9,222.8,223.4,130.2,129,128.8,127.5,127.3,127.6,60,1,67.7,70.4,66.6,0,56.4,0,0,0,0,0/0,0,0,26136,4406,16,59.3,38.8,46.8,588.9,642.1,578.3,549.1,544,593.7,583.4,553.4,19.4,6.2,9.4,17.8,9.1,10.6,9.2,10.4,11424.6,3981,5436,9773.9,4950.4,6293.2,5367.2,5755.3,589.6,589.6,640.2,640.2,582.3,582.3,542.6,542.6,541.5,541.5,597.8,581.7,581.7,551.2,9.7,9.4,6.3,0,0,9.4,8.3,9.4,9,0.1,10.4,9,0.1,10.3,0,-0.707106781,-0.707106781
121,Normal,580.5,108459.3,45727.7,531.4,98448.7,223.4,222.4,222.9,129.9,128.7,128.5,118.7,118.5,118.7,60,1,66.3,69.1,65.6,0,55.8,0,0,0,0,0/0,0,0,26136,4406,15,62,42.1,45.4,592.9,644.7,581,538.4,543.8,601.1,586.2,557.7,17.9,5.8,8.6,16.6,8.4,9.8,8.6,9.4,10612.9,3739.2,4996.6,8937.4,4567.9,5890.7,5041.3,5242.3,590.2,590.2,643.3,643.3,580.3,580.3,538.9,538.9,548.3,548.3,599.8,591.1,591.1,554.8,9,8.6,5.8,0,0,8.6,7.8,8.6,8.3,0,9.6,8.2,0.1,9.3,0,-0.707106781,-0.707106781
121,Normal,584.1,108462.9,43754.4,534.7,98452,223.5,222.5,223,130,128.8,128.5,114.1,113.8,114.1,60,1,65.2,68,64.7,0,55.3,0,0,0,0,0/0,0,0,26136,4406,16,54.1,21.4,30.3,602.9,646.3,580.3,546.1,547.6,602.5,586.9,558.5,16.5,5.6,8.1,15.9,8.2,9.4,8.2,9.1,9947.8,3619.2,4700.4,8682.9,4490.3,5663.5,4812.5,5082.3,604.2,604.2,644.7,644.7,579.8,579.8,545.7,545.7,546.1,546.1,606.2,584.6,584.6,562.1,8.3,7.8,5.5,0,0,8.2,7.5,8.1,8,0.2,9.2,8,0.1,8.9,0,-0.707106781,-0.707106781
121,Normal,587.9,108466.7,42571.3,538,98455.3,223.3,222.3,222.8,129.9,128.7,128.5,111.1,110.9,111,60,1,63,66.8,63.7,0,53.7,0,0,0,0,0/0,0,0,26136,4406,14,106.3,6,30.3,596.3,648.6,580.4,539.9,561.8,606.5,593.9,563,16.1,5.4,7.8,15.2,7.9,9,7.9,8.7,9600.4,3502.4,4527.1,8206.4,4438.2,5458.5,4691.8,4898.1,591.7,591.7,642.6,642.6,582.9,582.9,540,540,563.7,563.7,605.1,594,594,563.3,8.3,7.8,5.4,0,0,7.8,7.4,7.7,7.7,0.2,8.9,7.7,0.1,8.7,0,-0.707106781,-0.707106781
121,Normal,591.1,108469.9,25827.9,541,98458.3,222,221.2,221.5,129,128,127.8,68.6,68.5,68.5,60,1,57.5,65.5,62.4,0,52.7,0,0,0,0,0/0,0,0,26136,4406,15,28.7,56.3,33.6,586.4,642.1,591.3,533.7,554.6,609,582.1,552.4,10.3,4.1,5.2,10,5,4.5,5.1,5.6,6039.9,2632.6,3074.7,5337,2773,2740.5,2968.7,3093.4,588.7,588.7,642.5,642.5,591.7,591.7,534,534,557.5,557.5,609.5,580.8,580.8,551.1,6,4.3,4.3,0,0,5.4,4.6,5.9,4.9,0.3,4.5,5.1,0.1,5.7,0,-0.866025404,-0.5
121,Normal,593.8,108472.6,39392.4,543.6,98460.9,222.8,221.7,222.3,129.6,128.4,128.1,102.9,102.7,102.7,60,1,60.8,64,61.2,0,51.6,0,0,0,0,0/0,0,0,26136,4406,15,38.7,19.3,34.5,601.9,601.9,592,543,560.9,617.1,582.8,565.5,14.8,5.7,7.2,13.3,7,7.8,7.3,7.8,8908.1,3430.8,4262.4,7221.9,3926.3,4813.3,4254.4,4410.9,602.1,602.1,598.1,598.1,594.1,594.1,537.4,537.4,565.9,565.9,611.9,588.7,588.7,567.7,7.4,7.1,6.3,0,0,7.2,6.5,7,6.9,0,7.6,6.9,0.1,7.7,0,-0.866025404,-0.5
121,Normal,597.1,108475.9,34720.5,546.4,98463.7,222.5,221.1,221.9,129.4,128.1,127.8,90.7,90.2,90.2,59.9,1,59.1,63,60.2,0,51.1,0,0,0,0,0/0,0,0,26136,4406,15,22.2,7.7,35.6,594.4,599.9,588.1,532.6,565.2,615.4,588.7,557,13.4,5.1,6.2,11.3,6.1,6.9,6.4,7.2,7964.9,3059.4,3646.2,6018.3,3447.7,4246.2,3767.6,4010.4,590.9,590.9,602.3,602.3,590,590,533.6,533.6,558.5,558.5,609.6,585.4,585.4,561.2,6.2,6.6,5,0,0,6,5.9,5.1,6.2,0,6.6,6.1,0,6.9,0,-0.866025404,-0.5
121,Normal,600.1,108478.9,36633.4,549.2,98466.5,222.7,221.5,222.1,129.5,128.3,128,95.7,95.5,95.4,60,1,59.8,62.2,59.4,0,51.2,0,0,0,0,0/0,0,0,26136,4406,14,19.4,4.3,38,596.9,602.3,595,532.3,572.1,615.2,594.4,568.5,13.8,5.7,6.5,12.6,6.2,7,6.6,7.3,8237.2,3433.1,3867.5,6706.9,3547,4306.4,3923,4150,598.6,598.6,604,604,592.7,592.7,526.6,526.6,569.4,569.4,619.8,591.5,591.5,562.6,7,6.3,5.7,0,0,6.6,6.4,6.5,6.5,0,6.9,6.5,0,7.3,0,-0.866025404,-0.5
121,Normal,602.3,108481.1,10511.8,551.3,98468.6,220.8,219.8,220.4,128.4,127.2,127.1,27.9,28,27.7,60,1,50.3,61.3,58.3,0,48.4,0,0,0,0,0/0,0,0,26136,4406,14,47.4,45.2,2.1,579.5,586.1,565,529.9,562.4,592.9,568,540.8,4,2,1.8,3.8,1.8,2,1.9,2.2,2318,1172.2,1017,2013.6,1012.3,1185.8,1079.2,1189.7,581,581,592.2,592.2,565.1,565.1,529.8,529.8,558.9,558.9,591.8,561.2,561.2,544.1,2.4,1.5,2.1,0,0.1,1.7,1.9,1.8,1.8,0,2,1.9,0,2.2,0,-0.866025404,-0.5
121,Normal,605,108483.8,35953.1,553.7,98471,222.3,221.2,221.9,129.4,128,127.9,94.2,94.1,94.1,60,1,58,60.2,57.6,0,49.3,0,0,0,0,0/0,0,0,26136,4406,11,34.4,28.4,47.7,596.7,579.4,589.6,516.7,564.7,596.5,592.9,571.4,13.6,6,6.2,12.3,6.3,7,6.5,7.3,8115.1,3476.4,3655.5,6355.4,3557.6,4175.5,3853.8,4171.2,602.2,602.2,578.1,578.1,590.3,590.3,517.6,517.6,568,568,601.9,600.1,600.1,575.1,6.9,6.4,6.1,0,0,6.2,6.5,5.9,6.4,0,6.9,6.3,0,7.2,0,-0.866025404,-0.5
121,Normal,608,108486.8,32680.7,556.3,98473.6,222.6,221.5,222.3,129.6,128.2,128.1,85.5,85.3,85,60,1,57.7,59.7,57.1,0,49.7,0,0,0,0,0/0,0,0,26136,4406,13,71,98.5,25,597,575.7,587,535,573.1,609.3,590.5,568.1,12.4,5.5,5.7,10.4,5.9,6.3,6,6.8,7402.8,3166.3,3345.9,5564,3381.2,3838.5,3543,3863,595,595,579.9,579.9,586.4,586.4,534.3,534.3,570.8,570.8,608.3,593.1,593.1,569.6,6.4,5.7,5.6,0,0,5.7,5.8,4.6,5.8,0,6.2,5.9,0,6.7,0,-0.866025404,-0.5
121,Normal,610.6,108489.4,30979.2,558.7,98476,224.1,222.5,224.3,130.7,128.7,129,80.5,80,80.3,60,1,56.1,59.1,56.7,0,48.9,0,0,0,0,0/0,0,0,26136,4406,13,43,23.5,6.5,602.4,571.5,579.2,529.5,584,602.1,587.9,575.6,11.9,5.2,5.5,9.9,5.3,6.1,5.7,6.3,7168.5,2971.8,3185.6,5242,3095.2,3672.8,3351,3626.2,603.4,603.4,567.8,567.8,584.7,584.7,526.3,526.3,586.9,586.9,600.1,593.3,593.3,572.6,5.9,5.6,5.4,0,0,5.4,5.5,4.6,5.4,0,5.9,5.6,0,6.3,0,-0.866025404,-0.5
121,Normal,613.1,108491.9,27537.2,560.8,98478.1,223.4,222,223.4,130.2,128.5,128.6,72,71.6,71.9,59.9,1,53,58.1,55.7,0,46.9,0,0,0,0,0/0,0,0,26136,4406,14,25.9,14.9,10.9,601.7,585.8,602.5,529.5,580.6,588.1,590.5,566.4,10.6,4.4,4.9,8.9,4.7,5.5,5.1,5.8,6378,2577.5,2952.2,4712.5,2728.8,3234.5,3011.5,3285.1,601,601,590.3,590.3,601.7,601.7,522.8,522.8,584.9,584.9,589.5,588.8,588.8,563.1,5.3,5,4.5,0,0,4.9,4.9,4.1,4.9,0,5.4,5,0,5.7,0,-0.866025404,-0.5
121,Normal,615.2,108494,24592.7,562.9,98480.2,223.2,222.1,223.1,130,128.5,128.5,64.2,64.1,64,60,1,51.9,56.9,54.3,0,46.4,0,0,0,0,0/0,0,0,26136,4406,12,4.7,3,6.9,589.1,601.4,597.2,517,581.8,582.2,595.2,573.9,9.6,3.5,4.5,8.2,4.3,5,4.6,5.2,5655.3,2104.9,2687.4,4239.4,2501.7,2911,2737.9,2984.2,590.7,590.7,602.9,602.9,600.5,600.5,521.5,521.5,584.9,584.9,582.6,596.7,596.7,567.8,4.9,4.4,3.6,0,0,4.5,4.5,3.6,4.4,0,4.9,4.6,0,5.2,0,-0.866025404,-0.5
121,Normal,617.3,108496.1,22397.2,564.7,98482,223,221.8,223,129.9,128.3,128.5,58.9,58.4,58.6,60,1,50.2,55.8,53.3,0,45.2,0,0,0,0,0/0,0,0,25616,4406,13,10.1,28.7,28.6,593.5,580,594.3,529.2,572.6,589.7,583.2,570.2,8.7,3.2,4,7.2,4.1,4.4,4.4,4.8,5163.4,1856,2377.2,3810.2,2347.6,2594.6,2566,2736.9,592.7,592.7,584.7,584.7,591.6,591.6,526.6,526.6,566.3,566.3,584.6,582.9,582.9,570.2,4.5,4,3.4,0,0,4,4.2,3.1,4.2,0,4.3,4.3,0.1,4.7,0,-0.866025404,-0.5
121,Normal,619.1,108497.9,20860.1,566.2,98483.5,222.6,221.4,222.6,129.6,128.1,128.3,54.5,54.5,54.5,60,1,49.7,54.6,52.1,0,44.9,0,0,0,0,0/0,0,0,17408,4406,12,34.7,25.8,22.3,594.2,603.9,587.5,536.9,577.6,565.4,598.8,568.2,8,2.9,3.5,6.3,4.1,4.4,4,4.6,4753.6,1751.3,2056.2,3382.4,2368.1,2487.7,2395.2,2613.7,598.6,598.6,605.6,605.6,581.6,581.6,538.6,538.6,577.9,577.9,569.8,598.4,598.4,569.8,4.2,3.5,2.9,0,0,3.6,3.9,2.4,4,0,4.3,4,0,4.5,0,-0.866025404,-0.5
121,Normal,620.8,108499.6,19017.1,567.8,98485.1,222.6,221.5,222.6,129.6,128.1,128.3,49.9,49.6,49.7,60,1,52.1,53.8,51.3,0,46.5,0,0,0,0,0/0,0,0,0,4406,11,57.1,18.9,27,595,567.5,522.3,557.8,605.5,559.8,584.5,570.8,7.2,3,3,5.5,3.6,4.1,3.8,4.2,4284,1702.5,1566.9,3067.9,2179.8,2295.1,2221.1,2397.3,599.9,599.9,568.6,568.6,524,524,563.8,563.8,604,604,561.1,588.3,588.3,567.7,3.8,3.1,3.2,0,0,2.9,3.4,2.1,3.5,0.1,4,3.7,0,4.2,0,-0.965925826,-0.258819045
121,Normal,622.3,108501.1,16740.7,569.1,98486.4,222.6,221.4,222.5,129.6,128.1,128.2,43.9,43.6,43.8,60,1,52.5,53.2,50.5,0,47.2,0,0,0,0,0/0,0,0,0,4406,11,26.8,7.5,37.5,594.4,566.4,522.5,566.9,582.6,568.7,585.9,572.2,6.6,2.7,2,4.8,3.4,3.6,3.3,3.8,3923,1529.2,1045,2721.1,1980.8,2047.3,1933.4,2174.3,593.9,593.9,570.6,570.6,521.4,521.4,570.8,570.8,584.8,584.8,571.3,582.7,582.7,575.4,3.5,2.8,2.8,0,0,1.9,3,1.8,3.2,0.1,3.5,3.3,0,3.8,0,-0.965925826,-0.258819045
121,Normal,623.6,108502.4,15048.6,570.4,98487.7,222.2,221.1,222.1,129.3,127.9,128,39.3,39.3,39.2,60,1,51.8,52.9,50.1,0,46.8,0,0,0,0,0/0,0,0,0,4406,11,12.4,45.2,13.2,599,570.1,456.2,554.1,543.5,566.4,588.5,576.4,5.8,2.3,2.4,4.5,3.2,3.1,3,3.4,3474.2,1311.2,1094.8,2493.4,1739.2,1755.8,1765.5,1959.7,599,599,566.8,566.8,457.3,457.3,550.6,550.6,543.6,543.6,569.3,586.1,586.1,576.5,3.1,2.5,2.5,0,0.1,2.3,2.9,1.7,3,0.2,3,3,0,3.4,0,-0.965925826,-0.258819045
121,Normal,624.5,108503.3,13847,571.3,98488.6,222.7,221.6,222.4,129.5,128.3,128.2,36.4,36.3,36.2,60,1,50.8,52.6,49.9,0,46.4,0,0,0,0,0/0,0,0,0,4406,12,18.9,0.6,18.3,616.5,519.6,469.1,546.2,556.9,540.9,590.7,569.8,5.1,2.4,2.1,4.3,3,3,2.8,3.2,3144.1,1247,985.1,2348.6,1670.7,1622.7,1653.9,1823.3,615.1,615.1,520.1,520.1,466.3,466.3,548.9,548.9,558.3,558.3,544.2,588.9,588.9,563.4,2.8,2.1,2.6,0,0,2,2.7,1.6,2.7,0.2,2.9,2.7,0,3.2,0,-0.965925826,-0.258819045
121,Normal,625.6,108504.5,12162.8,572.2,98489.5,222.1,221,221.9,129.3,127.9,127.9,32,31.9,32.1,60,1,50.3,52.2,49.6,0,46.2,0,0,0,0,0/0,0,0,0,4406,12,21.2,49.6,29.9,605.7,498.7,454.6,548.3,569.8,546.3,590.1,574.1,4.6,2.1,1.8,3.9,2.5,2.6,2.5,2.9,2786.2,1047.2,818.2,2138.3,1424.5,1420.3,1475.2,1664.8,606.7,606.7,497.3,497.3,451.4,451.4,547.9,547.9,563.4,563.4,543.4,583.2,583.2,576,2.4,1.9,2.5,0,0.1,1.8,2.4,1.4,2.4,0,2.5,2.4,0,2.7,0,-0.965925826,-0.258819045
121,Normal,626.7,108505.5,10638.5,573.2,98490.5,222,220.8,221.8,129.1,127.8,127.9,28.1,28.1,28,60,1,49,51.9,49.3,0,45.6,0,0,0,0,0/0,0,0,0,4406,11,72.7,57.4,94.3,601.2,497.8,447.7,546.6,558.7,539.1,571.7,570.7,4,1.9,1.7,3.3,2.2,2.4,2.2,2.5,2404.8,945.8,761,1803.7,1229.1,1293.8,1257.7,1426.7,603.6,603.6,498.6,498.6,449,449,550,550,563.1,563.1,541.3,575.5,575.5,565.4,2.2,1.7,2.2,0,0.1,1.5,2.2,1.1,2.1,0,2.3,2.2,0,2.5,0,-0.965925826,-0.258819045
121,Normal,627.5,108506.3,8833.6,574,98491.3,221.9,220.9,221.7,129.1,127.8,127.8,23,22.9,23.1,60,1,47.2,51.4,48.8,0,44.6,0,0,0,0,0/0,0,0,0,4406,11,60.7,53.1,48.5,580.2,508.4,456.5,527.3,593.8,551.4,544.7,566.9,3.5,1.4,1.2,2.9,1.6,1.9,1.8,2,2030.7,711.7,547.8,1529.1,950,1047.6,980.4,1133.8,584.1,584.1,508.6,508.6,454.6,454.6,530.3,530.3,589.1,589.1,549.5,550,550,568.3,2,1.3,1.8,0,0,1.2,1.8,1,1.7,0,1.8,1.8,0,2.1,0,-0.965925826,-0.258819045
121,Normal,628.1,108506.9,5005.5,574.4,98491.7,221.3,220.6,221.2,128.7,127.4,127.7,15.8,13.7,17.2,60,1,44.8,50.8,48.1,0,43.3,0,0,0,0,0/0,0,0,0,4406,10,261.1,6.6,364.9,581.2,536.1,459.7,521.5,543.7,515.1,515.8,531.8,2.1,0.8,0.5,1.9,1,1,1.1,1.2,1220.5,428.8,229.8,990.8,543.7,515.1,567.3,638.1,554.5,554.5,517.8,517.8,448.9,448.9,500.5,500.5,526.9,526.9,507.1,516.3,516.3,523,1.5,0.8,1.2,0,0.1,0.6,1.2,0.8,1.1,0,1.1,1.2,0,1.3,0,-0.965925826,-0.258819045
121,Normal,628.6,108507.4,5453.8,574.9,98492.2,221.6,220.4,221.5,128.9,127.4,127.6,7.8,7.1,7.6,60,1,44,50.2,47.5,0,42.5,0,0,0,0,0/0,0,0,0,4406,11,129.6,200.1,6.8,551,526.1,456.5,504.2,501.3,468.3,503.7,575.6,2.5,0.9,0.7,2.1,1.1,1.4,1.2,1.3,1377.5,473.4,319.5,1058.8,551.4,655.6,604.4,748.2,556.8,556.8,528.2,528.2,462.6,462.6,504.3,504.3,513.1,513.1,472.4,496.4,496.4,560.5,1.5,0.9,1.2,0,0.1,0.6,1.2,0.8,1.2,0,1.4,1.2,0,1.4,0,-0.965925826,-0.258819045
121,Normal,629,108507.8,4302.7,575.3,98492.6,221.6,220.6,221.4,128.9,127.5,127.7,7.6,6.8,7.9,60,1,43.3,49.7,47,0,42,0,0,0,0,0/0,0,0,0,4406,12,301.8,27.5,329.3,548.6,565.6,445.7,531.6,517.1,465.9,496.1,510.5,2,0.6,0.4,1.6,0.9,1.2,0.9,1.1,1097.2,339.3,178.2,850.5,465.3,559,446.4,561.5,535,535,541.7,541.7,442.8,442.8,514.8,514.8,503.3,503.3,471.2,498.4,498.4,517.3,1.4,0.6,1,0,0.1,0.3,1,0.7,1,0,1.1,1,0,1.2,0,-0.965925826,-0.258819045
121,Normal,629.3,108508.1,3347.9,575.5,98492.8,221.7,220.8,221.5,128.9,127.7,127.7,9.4,10.4,9,60,1,42.9,49.6,46.6,0,41.9,0,0,0,0,0/0,0,0,0,4406,10,176.5,133.2,309.8,584.8,556.6,448.2,545.2,527.1,467.8,492.8,512.6,1.4,0.4,0.2,1.3,0.7,1,0.7,0.9,818.7,222.6,89.6,708.7,368.9,467.8,344.9,461.3,575.5,575.5,540.4,540.4,456.1,456.1,533.7,533.7,523.3,523.3,460.9,504.9,504.9,517.4,1.1,0.3,0.9,0,0.1,0.1,0.8,0.4,0.8,0,0.9,0.8,0,0.9,0,-0.965925826,-0.258819045
121,Normal,629.6,108508.4,2489.4,575.6,98492.9,221.4,220.4,221.3,128.8,127.4,127.5,12.8,13,12.3,60,1,42.8,49.3,46.1,0,41.9,0,0,0,0,0/0,0,0,0,4406,11,0,0,628.7,580.1,595.3,440.3,544.6,449.5,463.8,475.1,505.2,1.1,0.4,0.1,1,0.7,0.8,0.6,0.8,638.1,238.1,44,544.6,314.6,371,285,404.1,575.7,575.7,594.8,594.8,437,437,540.4,540.4,453,453,459.9,472.8,472.8,500,1,0.1,0.7,0,0.1,0,0.6,0.3,0.6,0,0.7,0.6,0,0.9,0,-0.965925826,-0.258819045
121,Normal,629.7,108508.5,1848.4,575.8,98493.1,221.6,220.7,221.5,128.9,127.6,127.7,10,10.1,10.3,60,1,42.5,49.2,45.7,0,41.7,0,0,0,0,0/0,0,0,0,4406,11,0,0,0,592.8,595.1,180.1,546.5,517.5,452.7,494.8,477.9,0.8,0.3,0.1,0.7,0.5,0.6,0.4,0.6,474.2,178.5,18,382.5,258.7,271.6,197.9,286.7,602.9,602.9,577.5,577.5,180.2,180.2,546,546,513.1,513.1,455.2,485.6,485.6,465.5,0.9,0,0.7,0,0,0,0.5,0.3,0.4,0,0.5,0.5,0,0.7,0,-1,-1.83772E-16
121,Normal,629.9,108508.7,1304.5,576.1,98493.4,221.4,221.7,221.3,128.5,127.9,128,6,5.2,5.8,59.9,1,42.3,49.3,45.3,0,41.5,0,0,0,0,0/0,0,0,0,4406,10,0,0,0,578.1,549.4,173.3,516.5,504.5,458.2,483.5,476.5,0.6,0.2,0,0.5,0.4,0.4,0.4,0.5,346.8,109.8,0,258.2,201.8,183.2,193.4,238.2,589.7,589.7,557.6,557.6,175.4,175.4,524.3,524.3,514.7,514.7,463.9,478.3,478.3,479.8,0.7,0,0.6,0,0.1,0,0.4,0.1,0.3,0,0.4,0.4,0,0.6,0,-1,-1.83772E-16
121,Normal,630,108508.8,932.1,576.1,98493.4,221.7,220.8,221.6,128.9,127.7,127.8,2.7,2.6,2.9,59.9,1,42.1,49.7,45.2,0,41.2,0,0,0,0,0/0,0,0,0,4406,10,0,0,0,552.7,579.7,64.9,540.5,462.8,454.9,488.2,482.2,0.3,0.1,0,0.3,0.4,0.3,0.3,0.3,165.8,57.9,0,162.1,185.1,136.4,146.4,144.6,561.4,561.4,595.9,595.9,596.6,596.6,546.2,546.2,460.5,460.5,455,489.5,489.5,474.2,0.7,0,0.4,0,0.1,0,0.3,0,0.3,0,0.3,0.3,0,0.4,0,-1,-1.83772E-16
121,Normal,630,108508.8,571.8,576.1,98493.4,221.6,220.7,221.5,128.9,127.6,127.7,3,3.4,3.2,60,1,41.9,49.2,44.8,0,41.1,0,0,0,0,0/0,0,0,0,4406,11,0,0,0,528.4,455.4,529.1,510.7,452.3,443.1,497.8,444.4,0.2,0.1,0,0.2,0.3,0.2,0.2,0.2,105.6,45.5,0,102.1,135.6,88.6,99.5,88.8,521.5,521.5,452.6,452.6,522.2,522.2,491.7,491.7,447.5,447.5,438.2,491.4,491.4,441.6,0.6,0,0.4,0,0.1,0,0.2,0,0.2,0.1,0.2,0.3,0,0.3,0,-1,-1.83772E-16
121,Normal,630.1,108508.9,359.9,576.1,98493.4,221.7,220.9,221.7,129,127.7,127.8,4,3.8,3.9,60,1,41.7,48.9,44.5,0,41,0,0,0,0,0/0,0,0,0,4406,11,0,0,0,516.4,179.5,546.7,430.8,461.3,484.7,476.2,468.9,0,0,0,0,0.3,0.1,0.1,0.1,0,0,0,0,138.3,48.4,47.6,46.8,510.8,510.8,179.8,179.8,548.7,548.7,436.3,436.3,470.6,470.6,489.7,467.5,467.5,470.8,0.6,0,0.4,0,0.1,0,0.2,0,0.1,0.2,0.1,0.2,0,0.2,0,-1,-1.83772E-16
121,Normal,630.1,108508.9,216.6,576.1,98493.4,221.5,220.5,221.6,128.8,127.5,127.6,2.8,2.7,2.7,59.9,1,41.2,48.6,44.3,0,40.6,0,0,0,0,0/0,0,0,0,4406,11,0,0,0,82.3,260.7,73.7,114.6,497,469.2,446.3,426.2,0,0,0,0,0.3,0.1,0.1,0.1,0,0,0,0,149.1,46.9,44.6,42.6,59.8,59.8,135.3,135.3,40.9,40.9,127.5,127.5,491.3,491.3,481.3,441.8,441.8,423.3,0.5,0,0.4,0,0.1,0,0.1,0,0.1,0.1,0,0.2,0,0.2,0,-1,-1.83772E-16
121,Normal,630.1,108508.9,153.3,576.1,98493.4,221.3,220.4,221.2,128.7,127.3,127.6,2.7,2.8,2.7,60,1,41.5,48.7,44.1,0,40.5,0,0,0,0,0/0,0,0,0,4406,11,0,0,0,558.3,274.9,4.1,86.2,552.7,469.2,179.1,479.3,0,0,0,0,0.2,0,0.1,0,0,0,0,0,110.5,0,17.9,0,210.1,210.1,248.8,248.8,555.1,555.1,50.8,50.8,552.5,552.5,475.2,179.5,179.5,472,0.5,0,0.3,0,0.1,0,0.1,0,0,0.2,0,0.2,0,0.1,0,-1,-1.83772E-16
121,Normal,630.1,108508.9,121.9,576.1,98493.4,221.1,220.3,221.2,128.6,127.3,127.5,2.2,2.6,2.3,60,1,41.1,48.9,43.8,0,40.3,0,0,0,0,0/0,0,0,0,4406,10,0,0,0,55.1,151.9,4.3,20.5,490.1,143.6,179,463.5,0,0,0,0,0.2,0,0.1,0.1,0,0,0,0,98,0,17.9,46.3,50.7,50.7,223.7,223.7,4.6,4.6,36,36,498.7,498.7,177.7,179.3,179.3,471.5,0.5,0,0.3,0,0.1,0,0.1,0,0,0.2,0,0.1,0,0.1,0,-1,-1.83772E-16
121,Normal,630.1,108508.9,145.2,576.2,98493.5,222,220.9,222,128.9,127.6,127.7,1.8,2.3,2.2,59.9,1,40.5,49.9,43.8,0,39.8,0,0,0,0,0/0,0,0,0,4406,10,0,0,0,3.7,217.5,436,431,441.5,42.7,379.9,283.6,0,0,0,0,0.2,0,0,0.1,0,0,0,0,88.3,0,0,28.3,448.4,448.4,178.2,178.2,2.7,2.7,9.9,9.9,441.3,441.3,184.2,381.3,381.3,280.6,0.4,0,0.3,0,0.1,0,0.1,0,0,0.2,0,0.1,0,0.2,0,-1,-1.83772E-16
121,Normal,630.2,108509,155.8,576.2,98493.5,222.1,221.3,222.2,129.1,127.9,128.1,2.2,2.4,2.6,60,1,40.1,49,43.4,0,39.5,0,0,0,0,0/0,0,0,0,4406,10,0,0,0,202.9,4.2,67.5,191.2,311.1,7.4,58.2,215.5,0,0,0,0,0.2,0,0.1,0.1,0,0,0,0,62.2,0,5.8,21.5,295,295,51.1,51.1,140.2,140.2,274.2,274.2,310.4,310.4,88.2,131,131,178.7,0.4,0,0.3,0,0.1,0,0,0,0,0.1,0,0.1,0,0.1,0,-1,-1.83772E-16
121,Normal,630.2,108509,113.5,576.2,98493.5,223.3,222.1,223.4,129.5,128.3,128.2,1.8,1.9,1.9,60,1,40,50,43.2,0,39.4,0,0,0,0,0/0,0,0,0,4406,10,0,0,0,2.9,179.6,195.3,2.6,191.3,191.3,189.3,187.4,0,0,0,0,0.2,0,0.1,0,0,0,0,0,38.2,0,18.9,0,170.8,170.8,182,182,188.5,188.5,184.6,184.6,193.4,193.4,187.8,175.3,175.3,188.7,0.5,0,0.3,0,0.1,0,0.1,0,0,0.1,0,0.1,0,0.1,0,-1,-1.83772E-16
121,Waiting,630.2,108509,0,576.2,98493.5,222.7,221.6,222.7,129.2,127.9,128,0,0,0,60,1,37.9,50.7,42.7,0,38.1,0,0,0,0,0/0,0,0,0,4406,12,0,0,0,57.8,56.9,56.5,57.8,57.4,57.6,57.6,58.2,0,0,0,0,0,0,0,0,0,0,0,0,0,0,0,0,57.7,57.7,56.8,56.8,56.4,56.4,57.7,57.7,57.3,57.3,57.4,57.5,57.5,58.1,0,0,0,0,0,0,0,0,0,0,0,0,0,0,0,-1,-1.83772E-16
121,Waiting,630.2,108509,0,576.2,98493.5,221.7,222.1,221.7,128.3,127.9,128,0,0,0,60,1,37.2,50.6,42.2,0,37.5,0,0,0,0,0/0,0,0,0,4406,12,0,0,0,34.9,30.8,33.5,34.9,34.6,33.9,34.7,35.3,0,0,0,0,0,0,0,0,0,0,0,0,0,0,0,0,34.8,34.8,30.7,30.7,33.5,33.5,34.9,34.9,34.5,34.5,33.9,34.6,34.6,35.3,0,0,0,0,0,0,0,0,0,0,0,0,0,0,0,-0.965925826,0.258819045
121,Waiting,630.2,108509,0,576.2,98493.5,221.9,221,221.8,128.6,127.6,127.6,0,0,0,60,1,37,50.2,41.8,0,37.3,0,0,0,0,0/0,0,0,0,4406,12,0,0,0,23.5,17.9,22.1,23.6,23.2,19.2,23.3,24.1,0,0,0,0,0,0,0,0,0,0,0,0,0,0,0,0,23.7,23.7,18.2,18.2,22.3,22.3,23.7,23.7,23.4,23.4,19.4,23.5,23.5,24.2,0,0,0,0,0,0,0,0,0,0,0,0,0,0,0,-0.965925826,0.258819045
121,Waiting,630.2,108509,0,576.2,98493.5,222,221.1,221.9,128.7,127.6,127.6,0,0,0,60,1,36.9,49.8,41.4,0,37.1,0,0,0,0,0/0,0,0,0,4406,12,0,0,0,20,14.2,18.5,20,19.6,15.3,19.8,20.5,0,0,0,0,0,0,0,0,0,0,0,0,0,0,0,0,20,20,14.2,14.2,18.5,18.5,20,20,19.6,19.6,15.3,19.8,19.8,20.5,0,0,0,0,0,0,0,0,0,0,0,0,0,0,0,-0.965925826,0.258819045
121,Waiting,630.2,108509,0,576.2,98493.5,222.1,221,222,128.8,127.6,127.6,0,0,0,60,1,37,49.4,41.1,0,37.2,0,0,0,0,0/0,0,0,0,4406,12,0,0,0,18.8,13.1,17.4,18.8,18.4,14.1,18.6,19.3,0,0,0,0,0,0,0,0,0,0,0,0,0,0,0,0,18.8,18.8,13.1,13.1,17.4,17.4,18.8,18.8,18.4,18.4,14.1,18.6,18.6,19.3,0,0,0,0,0,0,0,0,0,0,0,0,0,0,0,-0.965925826,0.258819045
121,Waiting,630.2,108509,0,576.2,98493.5,222.3,221.5,222,128.8,127.8,127.8,0,0,0,60,1,37.1,49,40.8,0,37.3,0,0,0,0,0/0,0,0,0,4406,12,0,0,0,18.4,13,17,18.5,18.1,14,18.2,18.9,0,0,0,0,0,0,0,0,0,0,0,0,0,0,0,0,18.4,18.4,13,13,17,17,18.5,18.5,18.1,18.1,14,18.2,18.2,18.9,0,0,0,0,0,0,0,0,0,0,0,0,0,0,0,-0.965925826,0.258819045
121,Waiting,630.2,108509,0,576.2,98493.5,222.2,221.2,222,128.8,127.6,127.6,0,0,0,60,1,37.2,48.7,40.6,0,37.3,0,0,0,0,0/0,0,0,0,4406,12,0,0,0,18.4,13.6,17,18.5,18.1,14.3,18.2,18.9,0,0,0,0,0,0,0,0,0,0,0,0,0,0,0,0,18.4,18.4,13.5,13.5,17,17,18.4,18.4,18.1,18.1,14.3,18.2,18.2,18.9,0,0,0,0,0,0,0,0,0,0,0,0,0,0,0,-0.965925826,0.258819045
121,Waiting,630.2,108509,0,576.2,98493.5,222.3,221.4,222,128.8,127.8,127.7,0,0,0,60,1,37.2,48.4,40.3,0,37.4,0,0,0,0,0/0,0,0,0,4406,12,0,0,0,18.4,14.2,17,18.5,18.1,14.7,18.2,18.9,0,0,0,0,0,0,0,0,0,0,0,0,0,0,0,0,18.4,18.4,14.1,14.1,17,17,18.5,18.5,18.1,18.1,14.7,18.2,18.2,18.9,0,0,0,0,0,0,0,0,0,0,0,0,0,0,0,-0.965925826,0.258819045
121,Waiting,630.2,108509,0,576.2,98493.5,222.5,221.5,222.3,129,127.9,127.8,0,0,0,60,1,37.3,48.1,40.1,0,37.4,0,0,0,0,0/0,0,0,0,4406,12,0,0,0,18.6,14.8,17.2,18.6,18.2,15.4,18.4,19.1,0,0,0,0,0,0,0,0,0,0,0,0,0,0,0,0,18.6,18.6,14.8,14.8,17.2,17.2,18.6,18.6,18.2,18.2,15.4,18.4,18.4,19.1,0,0,0,0,0,0,0,0,0,0,0,0,0,0,0,-0.965925826,0.258819045
121,Waiting,630.2,108509,0,576.2,98493.5,222.6,221.9,222.4,129,128,128,0,0,0,60,1,37.3,47.9,39.9,0,37.4,0,0,0,0,0/0,0,0,0,4406,13,0,0,0,19.8,16.5,18.4,19.8,19.4,16.1,19.6,20.3,0,0,0,0,0,0,0,0,0,0,0,0,0,0,0,0,19.8,19.8,16.5,16.5,18.3,18.3,19.8,19.8,19.4,19.4,16.2,19.6,19.6,20.3,0,0,0,0,0,0,0,0,0,0,0,0,0,0,0,-0.965925826,0.258819045
121,Waiting,630.2,108509,0,576.2,98493.5,222.7,221.8,222.5,129.1,128,128,0,0,0,60,1,37.2,47.7,39.6,0,37.3,0,0,0,0,0/0,0,0,0,4406,12,0,0,0,19.5,17.1,18.2,19.6,19.2,17.1,19.4,20.1,0,0,0,0,0,0,0,0,0,0,0,0,0,0,0,0,19.6,19.6,17.1,17.1,18.1,18.1,19.6,19.6,19.2,19.2,17.1,19.4,19.4,20.1,0,0,0,0,0,0,0,0,0,0,0,0,0,0,0,-0.965925826,0.258819045
121,Waiting,630.2,108509,0,576.2,98493.5,223,222.1,222.8,129.2,128.2,128.1,0,0,0,60,1,37.1,47.4,39.4,0,37.3,0,0,0,0,0/0,0,0,0,4406,12,0,0,0,19.7,17.9,18.3,19.8,19.4,18,19.5,20.2,0,0,0,0,0,0,0,0,0,0,0,0,0,0,0,0,19.7,19.7,17.9,17.9,18.3,18.3,19.8,19.8,19.3,19.3,18,19.5,19.5,20.2,0,0,0,0,0,0,0,0,0,0,0,0,0,0,0,-0.965925826,0.258819045
121,Waiting,630.2,108509,0,576.2,98493.5,223.4,222.4,223.1,129.5,128.4,128.3,0,0,0,60,1,37,47.2,39.2,0,37.1,0,0,0,0,0/0,0,0,0,4406,12,0,0,0,20,18.9,18.6,20,19.6,18.9,19.8,20.5,0,0,0,0,0,0,0,0,0,0,0,0,0,0,0,0,20,20,18.9,18.9,18.6,18.6,20.1,20.1,19.6,19.6,18.9,19.8,19.8,20.5,0,0,0,0,0,0,0,0,0,0,0,0,0,0,0,-0.965925826,0.258819045
121,Waiting,630.2,108509,0,576.2,98493.5,223.8,222.7,223.4,129.7,128.6,128.5,0,0,0,60,1,36.9,46.9,38.9,0,37,0,0,0,0,0/0,0,0,0,4406,12,0,0,0,20.2,19.2,18.8,20.3,19.8,19.7,20,20.7,0,0,0,0,0,0,0,0,0,0,0,0,0,0,0,0,20.2,20.2,19.2,19.2,18.7,18.7,20.2,20.2,19.8,19.8,19.7,20,20,20.7,0,0,0,0,0,0,0,0,0,0,0,0,0,0,0,-0.866025404,0.5
121,Waiting,630.2,108509,0,576.2,98493.5,224,222.8,223.8,129.9,128.6,128.6,0,0,0,60,1,36.8,46.7,38.7,0,36.9,0,0,0,0,0/0,0,0,0,4406,12,0,0,0,20.4,19.5,19,20.5,20.1,20,20.2,20.9,0,0,0,0,0,0,0,0,0,0,0,0,0,0,0,0,20.4,20.4,19.5,19.5,19,19,20.5,20.5,20.1,20.1,20,20.2,20.2,20.9,0,0,0,0,0,0,0,0,0,0,0,0,0,0,0,-0.866025404,0.5
121,Waiting,630.2,108509,0,576.2,98493.5,224,222.8,223.7,129.8,128.6,128.6,0,0,0,60,1,36.6,46.5,38.5,0,36.7,0,0,0,0,0/0,0,0,0,4406,12,0,0,0,20.5,19.5,19.1,20.5,20.1,20.2,20.3,21,0,0,0,0,0,0,0,0,0,0,0,0,0,0,0,0,20.5,20.5,19.5,19.5,19,19,20.5,20.5,20.1,20.1,20.1,20.3,20.3,21,0,0,0,0,0,0,0,0,0,0,0,0,0,0,0,-0.866025404,0.5
121,Waiting,630.2,108509,0,576.2,98493.5,225.1,223.9,224.7,130.5,129.3,129.2,0,0,0,60,1,36.5,46.3,38.3,0,36.6,0,0,0,0,0/0,0,0,0,4406,12,0,0,0,20.8,19.9,19.4,20.8,20.4,20.5,20.6,21.3,0,0,0,0,0,0,0,0,0,0,0,0,0,0,0,0,20.8,20.8,19.9,19.9,19.4,19.4,20.8,20.8,20.5,20.5,20.5,20.6,20.6,21.3,0,0,0,0,0,0,0,0,0,0,0,0,0,0,0,-0.866025404,0.5
121,Waiting,630.2,108509,0,576.2,98493.5,225,223.8,224.7,130.4,129.2,129.2,0,0,0,60,1,36.4,46.1,38.1,0,36.5,0,0,0,0,0/0,0,0,0,4406,12,0,0,0,21,20,19.5,21,20.6,20.6,20.7,21.4,0,0,0,0,0,0,0,0,0,0,0,0,0,0,0,0,21,21,20,20,19.5,19.5,21,21,20.6,20.6,20.6,20.7,20.7,21.4,0,0,0,0,0,0,0,0,0,0,0,0,0,0,0,-0.866025404,0.5
121,Waiting,630.2,108509,0,576.2,98493.5,225.1,224,225,130.6,129.3,129.3,0,0,0,60,1,36.3,46,38,0,36.4,0,0,0,0,0/0,0,0,0,4406,12,0,0,0,21.3,20.4,19.9,21.3,20.9,21,21.1,21.8,0,0,0,0,0,0,0,0,0,0,0,0,0,0,0,0,21.3,21.3,20.4,20.4,19.8,19.8,21.3,21.3,20.9,20.9,20.9,21.1,21.1,21.7,0,0,0,0,0,0,0,0,0,0,0,0,0,0,0,-0.866025404,0.5
121,Waiting,630.2,108509,0,576.2,98493.5,225.5,224.2,225.2,130.7,129.5,129.4,0,0,0,60,1,36.2,45.8,37.8,0,36.3,0,0,0,0,0/0,0,0,0,4406,11,0,0,0,21.5,20.6,20.1,21.6,21.1,21.2,21.3,22,0,0,0,0,0,0,0,0,0,0,0,0,0,0,0,0,21.5,21.5,20.6,20.6,20.1,20.1,21.5,21.5,21.1,21.1,21.2,21.3,21.3,22,0,0,0,0,0,0,0,0,0,0,0,0,0,0,0,-0.866025404,0.5
121,Waiting,630.2,108509,0,576.2,98493.5,225.3,224.3,225.2,130.6,129.5,129.4,0,0,0,60,1,36,45.6,37.7,0,36.1,0,0,0,0,0/0,0,0,0,4406,12,0,0,0,21.9,21,20.5,21.9,21.5,21.6,21.7,22.4,0,0,0,0,0,0,0,0,0,0,0,0,0,0,0,0,21.9,21.9,21,21,20.5,20.5,21.9,21.9,21.5,21.5,21.6,21.7,21.7,22.4,0,0,0,0,0,0,0,0,0,0,0,0,0,0,0,-0.866025404,0.5
121,Waiting,630.2,108509,0,576.2,98493.5,225.5,224.2,225.2,130.7,129.5,129.4,0,0,0,60,1,35.9,45.5,37.5,0,36,0,0,0,0,0/0,0,0,0,4406,12,0,0,0,22.1,21.2,20.6,22.1,21.7,21.7,21.8,22.6,0,0,0,0,0,0,0,0,0,0,0,0,0,0,0,0,22.1,22.1,21.2,21.2,20.6,20.6,22.1,22.1,21.7,21.7,21.7,21.9,21.9,22.6,0,0,0,0,0,0,0,0,0,0,0,0,0,0,0,-0.866025404,0.5
121,Waiting,630.2,108509,0,576.2,98493.5,225.3,223.7,225.4,130.8,129.2,129.3,0,0,0,60,1,35.8,45.3,37.4,0,35.8,0,0,0,0,0/0,0,0,0,4406,12,0,0,0,22.8,21.9,21.4,22.9,22.4,22.5,22.6,23.3,0,0,0,0,0,0,0,0,0,0,0,0,0,0,0,0,22.8,22.8,21.9,21.9,21.4,21.4,22.9,22.9,22.5,22.5,22.5,22.6,22.6,23.3,0,0,0,0,0,0,0,0,0,0,0,0,0,0,0,-0.866025404,0.5
121,Waiting,630.2,108509,0,576.2,98493.5,225.5,224.3,225.3,130.8,129.5,129.5,0,0,0,60,1,35.6,45.1,37.2,0,35.7,0,0,0,0,0/0,0,0,0,4406,11,0,0,0,23.1,22.1,21.6,23.1,22.7,22.8,22.9,23.5,0,0,0,0,0,0,0,0,0,0,0,0,0,0,0,0,23.1,23.1,22.1,22.1,21.6,21.6,23.1,23.1,22.7,22.7,22.8,22.8,22.8,23.5,0,0,0,0,0,0,0,0,0,0,0,0,0,0,0,-0.866025404,0.5
121,Waiting,630.2,108509,0,576.2,98493.5,225.5,224.3,225.4,130.8,129.5,129.5,0,0,0,60,1,35.5,45,37.1,0,35.5,0,0,0,0,0/0,0,0,0,4406,12,0,0,0,23,22,21.5,23,22.6,22.7,22.7,23.4,0,0,0,0,0,0,0,0,0,0,0,0,0,0,0,0,23,23,22,22,21.5,21.5,23,23,22.6,22.6,22.7,22.7,22.7,23.4,0,0,0,0,0,0,0,0,0,0,0,0,0,0,0,-0.866025404,0.5
121,Waiting,630.2,108509,0,576.2,98493.5,225.7,224.5,225.7,130.9,129.6,129.7,0,0,0,60,1,35.4,44.8,36.9,0,35.4,0,0,0,0,0/0,0,0,0,4406,11,0,0,0,23.2,22.3,21.8,23.2,22.9,22.9,23,23.7,0,0,0,0,0,0,0,0,0,0,0,0,0,0,0,0,23.2,23.2,22.3,22.3,21.8,21.8,23.3,23.3,22.9,22.9,23,23,23,23.7,0,0,0,0,0,0,0,0,0,0,0,0,0,0,0,-0.707106781,0.707106781
121,Waiting,630.2,108509,0,576.2,98493.5,225.6,224.5,225.7,130.9,129.5,129.7,0,0,0,60,1,35.3,44.7,36.8,0,35.3,0,0,0,0,0/0,0,0,0,4406,11,0,0,0,23.5,22.6,22.1,23.6,23.2,23.3,23.3,24,0,0,0,0,0,0,0,0,0,0,0,0,0,0,0,0,23.5,23.5,22.6,22.6,22.1,22.1,23.5,23.5,23.2,23.2,23.2,23.3,23.3,24,0,0,0,0,0,0,0,0,0,0,0,0,0,0,0,-0.707106781,0.707106781
121,Waiting,630.2,108509,0,576.2,98493.5,225.7,224.3,225.6,130.9,129.5,129.6,0,0,0,60,1,35.3,44.7,36.8,0,35.3,0,0,0,0,0/0,0,0,0,4406,11,0,0,0,23.6,22.8,22.2,23.7,23.3,23.4,23.4,24.2,0,0,0,0,0,0,0,0,0,0,0,0,0,0,0,0,23.6,23.6,22.7,22.7,22.2,22.2,23.7,23.7,23.3,23.3,23.3,23.4,23.4,24.1,0,0,0,0,0,0,0,0,0,0,0,0,0,0,0,-0.707106781,0.707106781
121,Waiting,630.2,108509,0,576.2,98493.5,225.6,224.4,225.7,131,129.5,129.7,0,0,0,60,1,35.1,44.5,36.6,0,35.2,0,0,0,0,0/0,0,0,0,4406,11,0,0,0,24.1,23.1,22.6,24.1,23.7,23.8,23.8,24.5,0,0,0,0,0,0,0,0,0,0,0,0,0,0,0,0,24,24,23.1,23.1,22.6,22.6,24,24,23.7,23.7,23.7,23.8,23.8,24.5,0,0,0,0,0,0,0,0,0,0,0,0,0,0,0,-0.707106781,0.707106781
121,Waiting,630.2,108509,0,576.2,98493.5,225.5,224,225.5,130.9,129.3,129.5,0,0,0,60,1,35,44.4,36.5,0,35,0,0,0,0,0/0,0,0,0,4406,11,0,0,0,24.3,23.3,22.8,24.3,23.8,23.9,24,24.7,0,0,0,0,0,0,0,0,0,0,0,0,0,0,0,0,24.2,24.2,23.3,23.3,22.8,22.8,24.3,24.3,23.9,23.9,23.9,24,24,24.7,0,0,0,0,0,0,0,0,0,0,0,0,0,0,0,-0.707106781,0.707106781
121,Waiting,630.2,108509,0,576.2,98493.5,225.4,224.1,225.6,130.9,129.4,129.5,0,0,0,60,1,34.8,44.2,36.3,0,34.9,0,0,0,0,0/0,0,0,0,4406,11,0,0,0,24.5,23.6,23,24.5,24.1,24.2,24.3,24.9,0,0,0,0,0,0,0,0,0,0,0,0,0,0,0,0,24.5,24.5,23.6,23.6,23,23,24.5,24.5,24.1,24.1,24.2,24.3,24.3,25,0,0,0,0,0,0,0,0,0,0,0,0,0,0,0,-0.707106781,0.707106781
121,Waiting,630.2,108509,0,576.2,98493.5,225.4,223.9,225.3,130.8,129.3,129.4,0,0,0,60,1,34.7,44.1,36.2,0,34.7,0,0,0,0,0/0,0,0,0,4406,11,0,0,0,24.7,23.8,23.3,24.8,24.4,24.5,24.5,25.2,0,0,0,0,0,0,0,0,0,0,0,0,0,0,0,0,24.8,24.8,23.8,23.8,23.3,23.3,24.8,24.8,24.4,24.4,24.4,24.5,24.5,25.2,0,0,0,0,0,0,0,0,0,0,0,0,0,0,0,-0.707106781,0.707106781
121,Waiting,630.2,108509,0,576.2,98493.5,225.5,224.3,225.6,130.9,129.4,129.6,0,0,0,60,1,34.6,43.9,36,0,34.5,0,0,0,0,0/0,0,0,0,4406,11,0,0,0,25,24.1,23.6,25,24.6,24.7,24.8,25.5,0,0,0,0,0,0,0,0,0,0,0,0,0,0,0,0,25,25,24.1,24.1,23.6,23.6,25.1,25.1,24.6,24.6,24.7,24.8,24.8,25.5,0,0,0,0,0,0,0,0,0,0,0,0,0,0,0,-0.707106781,0.707106781
121,Waiting,630.2,108509,0,576.2,98493.5,225.7,224.3,225.7,131,129.5,129.6,0,0,0,60,1,34.4,43.8,35.9,0,34.4,0,0,0,0,0/0,0,0,0,4406,11,0,0,0,25.3,24.4,23.9,25.3,24.9,25,25.1,25.8,0,0,0,0,0,0,0,0,0,0,0,0,0,0,0,0,25.3,25.3,24.4,24.4,23.9,23.9,25.3,25.3,24.9,24.9,25,25.1,25.1,25.8,0,0,0,0,0,0,0,0,0,0,0,0,0,0,0,-0.707106781,0.707106781
121,Waiting,630.2,108509,0,576.2,98493.5,226.1,224.4,226.1,131.3,129.6,129.7,0,0,0,59.9,1,34.3,43.7,35.8,0,34.3,0,0,0,0,0/0,0,0,0,4406,11,0,0,0,25.5,24.7,24.1,25.6,25.2,25.3,25.3,26,0,0,0,0,0,0,0,0,0,0,0,0,0,0,0,0,25.6,25.6,24.7,24.7,24.1,24.1,25.6,25.6,25.2,25.2,25.3,25.3,25.3,26,0,0,0,0,0,0,0,0,0,0,0,0,0,0,0,-0.707106781,0.707106781
121,Waiting,630.2,108509,0,576.2,98493.5,225.8,224.4,225.8,131,129.6,129.7,0,0,0,60,1,34.2,43.6,35.7,0,34.2,0,0,0,0,0/0,0,0,0,4406,11,0,0,0,25.8,24.9,24.3,25.8,25.4,25.5,25.5,26.3,0,0,0,0,0,0,0,0,0,0,0,0,0,0,0,0,25.8,25.8,24.9,24.9,24.3,24.3,25.8,25.8,25.4,25.4,25.5,25.5,25.5,26.2,0,0,0,0,0,0,0,0,0,0,0,0,0,0,0,-0.707106781,0.707106781
121,Waiting,630.2,108509,0,576.2,98493.5,226.2,223.3,226.1,131.5,129.3,129.3,0,0,0,60,1,34.2,43.5,35.6,0,34.1,0,0,0,0,0/0,0,0,0,4406,11,0,0,0,26,25.1,24.6,26,25.6,25.7,25.7,26.4,0,0,0,0,0,0,0,0,0,0,0,0,0,0,0,0,26,26,25.1,25.1,24.6,24.6,26,26,25.6,25.6,25.7,25.8,25.8,26.5,0,0,0,0,0,0,0,0,0,0,0,0,0,0,0,-0.707106781,0.707106781
121,Waiting,630.2,108509,0,576.2,98493.5,225.8,224.3,225.9,131.1,129.5,129.6,0,0,0,60,1,34.1,43.4,35.5,0,34,0,0,0,0,0/0,0,0,0,4406,11,0,0,0,26.2,25.3,24.8,26.3,25.8,25.9,26,26.7,0,0,0,0,0,0,0,0,0,0,0,0,0,0,0,0,26.2,26.2,25.3,25.3,24.8,24.8,26.2,26.2,25.8,25.8,25.9,26,26,26.7,0,0,0,0,0,0,0,0,0,0,0,0,0,0,0,-0.707106781,0.707106781
121,Waiting,630.2,108509,0,576.2,98493.5,225.8,224.2,225.9,131.1,129.5,129.6,0,0,0,60,1,34,43.3,35.5,0,33.9,0,0,0,0,0/0,0,0,0,4406,11,0,0,0,26.4,25.5,24.9,26.4,26,26.1,26.1,26.8,0,0,0,0,0,0,0,0,0,0,0,0,0,0,0,0,26.3,26.3,25.5,25.5,24.9,24.9,26.4,26.4,26,26,26,26.1,26.1,26.8,0,0,0,0,0,0,0,0,0,0,0,0,0,0,0,-0.5,0.866025404
121,Waiting,630.2,108509,0,576.2,98493.5,225.9,224.2,225.8,131.1,129.5,129.6,0,0,0,59.9,1,34,43.2,35.4,0,33.8,0,0,0,0,0/0,0,0,0,4406,11,0,0,0,26.6,25.7,25.1,26.6,26.2,26.3,26.3,27,0,0,0,0,0,0,0,0,0,0,0,0,0,0,0,0,26.6,26.6,25.7,25.7,25.2,25.2,26.6,26.6,26.2,26.2,26.3,26.3,26.3,27,0,0,0,0,0,0,0,0,0,0,0,0,0,0,0,-0.5,0.866025404
121,Waiting,630.2,108509,0,576.2,98493.5,225.9,224.5,226.1,131.2,129.6,129.8,0,0,0,60,1,33.9,43.1,35.3,0,33.8,0,0,0,0,0/0,0,0,0,4406,11,0,0,0,26.7,25.8,25.3,26.7,26.3,26.4,26.5,27.1,0,0,0,0,0,0,0,0,0,0,0,0,0,0,0,0,26.7,26.7,25.8,25.8,25.3,25.3,26.7,26.7,26.3,26.3,26.4,26.5,26.5,27.1,0,0,0,0,0,0,0,0,0,0,0,0,0,0,0,-0.5,0.866025404
121,Waiting,630.2,108509,0,576.2,98493.5,225.5,223.7,225.6,131,129.2,129.4,0,0,0,59.9,1,33.7,43,35.2,0,33.6,0,0,0,0,0/0,0,0,0,4406,11,0,0,0,26.9,26.1,25.5,26.9,26.6,26.6,26.7,27.4,0,0,0,0,0,0,0,0,0,0,0,0,0,0,0,0,26.9,26.9,26.1,26.1,25.5,25.5,27,27,26.6,26.6,26.7,26.7,26.7,27.4,0,0,0,0,0,0,0,0,0,0,0,0,0,0,0,-0.5,0.866025404
121,Waiting,630.2,108509,0,576.2,98493.5,225.7,224.1,225.9,131.1,129.4,129.6,0,0,0,60,1,33.5,42.9,35,0,33.4,0,0,0,0,0/0,0,0,0,4406,10,0,0,0,27.1,26.3,25.7,27.2,26.7,26.8,26.9,27.6,0,0,0,0,0,0,0,0,0,0,0,0,0,0,0,0,27.1,27.1,26.3,26.3,25.7,25.7,27.1,27.1,26.8,26.8,26.8,26.9,26.9,27.6,0,0,0,0,0,0,0,0,0,0,0,0,0,0,0,-0.5,0.866025404
121,Waiting,630.2,108509,0,576.2,98493.5,225.5,223.8,225.6,131,129.2,129.4,0,0,0,60,1,33.4,42.7,34.8,0,33.2,0,0,0,0,0/0,0,0,0,4406,10,0,0,0,27.3,26.4,25.8,27.3,26.9,27,27,27.7,0,0,0,0,0,0,0,0,0,0,0,0,0,0,0,0,27.3,27.3,26.4,26.4,25.9,25.9,27.3,27.3,26.9,26.9,27,27,27,27.8,0,0,0,0,0,0,0,0,0,0,0,0,0,0,0,-0.5,0.866025404
121,Waiting,630.2,108509,0,576.2,98493.5,225.2,223.8,225.4,130.8,129.2,129.4,0,0,0,60,1,33.3,42.6,34.6,0,33.1,0,0,0,0,0/0,0,0,0,4406,10,0,0,0,27.4,26.5,26,27.4,27,27.1,27.2,27.9,0,0,0,0,0,0,0,0,0,0,0,0,0,0,0,0,27.4,27.4,26.5,26.5,26,26,27.5,27.5,27.1,27.1,27.1,27.2,27.2,27.9,0,0,0,0,0,0,0,0,0,0,0,0,0,0,0,-0.5,0.866025404
121,Waiting,630.2,108509,0,576.2,98493.5,225.7,224.2,225.9,131.1,129.4,129.6,0,0,0,60,1,33.1,42.5,34.5,0,33,0,0,0,0,0/0,0,0,0,4406,11,0,0,0,27.7,26.8,26.2,27.7,27.3,27.3,27.4,28.1,0,0,0,0,0,0,0,0,0,0,0,0,0,0,0,0,27.6,27.6,26.8,26.8,26.2,26.2,27.7,27.7,27.2,27.2,27.4,27.4,27.4,28.1,0,0,0,0,0,0,0,0,0,0,0,0,0,0,0,-0.5,0.866025404
121,Waiting,630.2,108509,0,576.2,98493.5,225.8,224.1,225.9,131.2,129.4,129.6,0,0,0,60,1,33,42.4,34.4,0,32.8,0,0,0,0,0/0,0,0,0,4406,11,0,0,0,27.8,26.9,26.4,27.8,27.4,27.5,27.6,28.3,0,0,0,0,0,0,0,0,0,0,0,0,0,0,0,0,27.8,27.8,26.9,26.9,26.4,26.4,27.8,27.8,27.4,27.4,27.5,27.6,27.6,28.3,0,0,0,0,0,0,0,0,0,0,0,0,0,0,0,-0.5,0.866025404
121,Waiting,630.2,108509,0,576.2,98493.5,225.8,224.2,226.1,131.2,129.4,129.7,0,0,0,60,1,32.9,42.3,34.3,0,32.7,0,0,0,0,0/0,0,0,0,4406,10,0,0,0,27.9,27,26.5,28,27.6,27.7,27.7,28.4,0,0,0,0,0,0,0,0,0,0,0,0,0,0,0,0,27.9,27.9,27.1,27.1,26.5,26.5,28,28,27.6,27.6,27.6,27.7,27.7,28.4,0,0,0,0,0,0,0,0,0,0,0,0,0,0,0,-0.5,0.866025404
121,Waiting,630.2,108509,0,576.2,98493.5,225.8,224,226,131.2,129.4,129.6,0,0,0,60,1,32.8,42.2,34.2,0,32.6,0,0,0,0,0/0,0,0,0,4406,11,0,0,0,28.1,27.2,26.7,28.1,27.7,27.8,27.9,28.6,0,0,0,0,0,0,0,0,0,0,0,0,0,0,0,0,28.1,28.1,27.2,27.2,26.7,26.7,28.1,28.1,27.7,27.7,27.8,27.8,27.8,28.5,0,0,0,0,0,0,0,0,0,0,0,0,0,0,0,-0.5,0.866025404
121,Waiting,630.2,108509,0,576.2,98493.5,226.1,224.5,226.2,131.3,129.6,129.8,0,0,0,60,1,32.7,42.1,34.1,0,32.5,0,0,0,0,0/0,0,0,0,4406,11,0,0,0,28.3,27.4,26.9,28.3,27.9,28,28,28.7,0,0,0,0,0,0,0,0,0,0,0,0,0,0,0,0,28.3,28.3,27.4,27.4,26.9,26.9,28.3,28.3,27.9,27.9,28,28,28,28.7,0,0,0,0,0,0,0,0,0,0,0,0,0,0,0,-0.5,0.866025404
121,Waiting,630.2,108509,0,576.2,98493.5,225.9,224.3,226.3,131.3,129.5,129.8,0,0,0,60,1,32.7,42,34,0,32.4,0,0,0,0,0/0,0,0,0,4406,11,0,0,0,28.5,27.6,27.1,28.5,28.1,28.2,28.2,29,0,0,0,0,0,0,0,0,0,0,0,0,0,0,0,0,28.5,28.5,27.6,27.6,27.1,27.1,28.5,28.5,28.1,28.1,28.2,28.2,28.2,29,0,0,0,0,0,0,0,0,0,0,0,0,0,0,0,-0.258819045,0.965925826
121,Waiting,630.2,108509,0,576.2,98493.5,226,224.2,226.4,131.4,129.5,129.8,0,0,0,60,1,32.5,41.9,33.9,0,32.3,0,0,0,0,0/0,0,0,0,4406,10,0,0,0,28.6,27.7,27.2,28.6,28.2,28.3,28.4,29.1,0,0,0,0,0,0,0,0,0,0,0,0,0,0,0,0,28.6,28.6,27.7,27.7,27.2,27.2,28.7,28.7,28.2,28.2,28.3,28.4,28.4,29.1,0,0,0,0,0,0,0,0,0,0,0,0,0,0,0,-0.258819045,0.965925826
121,Waiting,630.2,108509,0,576.2,98493.5,226.3,224.7,226.5,131.4,129.7,130,0,0,0,60,1,32.5,41.8,33.8,0,32.2,0,0,0,0,0/0,0,0,0,4406,11,0,0,0,29,28.1,27.5,29,28.6,28.7,28.7,29.4,0,0,0,0,0,0,0,0,0,0,0,0,0,0,0,0,29,29,28.1,28.1,27.5,27.5,29,29,28.6,28.6,28.7,28.7,28.7,29.4,0,0,0,0,0,0,0,0,0,0,0,0,0,0,0,-0.258819045,0.965925826
121,Waiting,630.2,108509,0,576.2,98493.5,225.9,224.2,226.2,131.3,129.4,129.7,0,0,0,60,1,32.4,41.7,33.8,0,32.1,0,0,0,0,0/0,0,0,0,4406,11,0,0,0,29.8,28.9,28.4,29.8,29.4,29.5,29.6,30.2,0,0,0,0,0,0,0,0,0,0,0,0,0,0,0,0,29.8,29.8,28.9,28.9,28.3,28.3,29.8,29.8,29.4,29.4,29.5,29.5,29.5,30.2,0,0,0,0,0,0,0,0,0,0,0,0,0,0,0,-0.258819045,0.965925826
121,Waiting,630.2,108509,0,576.2,98493.5,225.2,224.6,225.6,130.7,129.4,129.8,0,0,0,60,1,32.3,41.7,33.7,0,32,0,0,0,0,0/0,0,0,0,4406,11,0,0,0,30,29.1,28.6,30,29.6,29.7,29.8,30.5,0,0,0,0,0,0,0,0,0,0,0,0,0,0,0,0,30,30,29.1,29.1,28.6,28.6,30,30,29.6,29.6,29.7,29.8,29.8,30.5,0,0,0,0,0,0,0,0,0,0,0,0,0,0,0,-0.258819045,0.965925826
121,Waiting,630.2,108509,0,576.2,98493.5,225.7,224,225.9,131.1,129.3,129.6,0,0,0,60,1,32.2,41.6,33.6,0,31.9,0,0,0,0,0/0,0,0,0,4406,11,0,0,0,29.6,28.8,28.2,29.7,29.2,29.4,29.4,30.1,0,0,0,0,0,0,0,0,0,0,0,0,0,0,0,0,29.6,29.6,28.7,28.7,28.2,28.2,29.6,29.6,29.2,29.2,29.3,29.3,29.3,30,0,0,0,0,0,0,0,0,0,0,0,0,0,0,0,-0.258819045,0.965925826
121,Waiting,630.2,108509,0,576.2,98493.5,226,224.6,226.4,131.3,129.6,129.9,0,0,0,60,1,32.1,41.5,33.5,0,31.8,0,0,0,0,0/0,0,0,0,4406,10,0,0,0,46.9,46,45.6,46.9,46.5,46.6,46.7,47.3,0,0,0,0,0,0,0,0,0,0,0,0,0,0,0,0,47,47,46.2,46.2,45.7,45.7,47.1,47.1,46.7,46.7,46.8,46.8,46.8,47.4,0,0,0,0,0,0,0,0,0,0,0,0,0,0,0,-0.258819045,0.965925826
121,Waiting,630.2,108509,0,576.2,98493.5,225.9,224.3,226.3,131.3,129.5,129.8,0,0,0,60,1,32.1,41.4,33.4,0,31.7,0,0,0,0,0/0,0,0,0,4406,11,0,0,0,61.5,51.5,60.3,61.5,61.2,56.6,61.3,61.8,0,0,0,0,0,0,0,0,0,0,0,0,0,0,0,0,61.5,61.5,51.6,51.6,60.3,60.3,61.6,61.6,61.2,61.2,56.6,61.3,61.3,61.9,0,0,0,0,0,0,0,0,0,0,0,0,0,0,0,-0.258819045,0.965925826
121,Waiting,630.2,108509,0,576.2,98493.5,225.8,224.1,226.1,131.2,129.4,129.7,0,0,0,60,1,32,41.3,33.3,0,31.7,0,0,0,0,0/0,0,0,0,4406,11,0,0,0,62.7,52.2,61.5,62.7,62.3,58.8,62.4,63,0,0,0,0,0,0,0,0,0,0,0,0,0,0,0,0,62.7,62.7,52.2,52.2,61.5,61.5,62.7,62.7,62.3,62.3,58.8,62.5,62.5,63,0,0,0,0,0,0,0,0,0,0,0,0,0,0,0,-0.258819045,0.965925826
121,Waiting,630.2,108509,0,576.2,98493.5,225.8,224.4,226,131.1,129.5,129.7,0,0,0,60,1,31.9,41.2,33.2,0,31.5,0,0,0,0,0/0,0,0,0,4406,11,0,0,0,63,52.1,61.9,63.1,62.7,58.9,62.8,63.3,0,0,0,0,0,0,0,0,0,0,0,0,0,0,0,0,63.1,63.1,52.1,52.1,61.9,61.9,63.1,63.1,62.7,62.7,58.8,62.8,62.8,63.4,0,0,0,0,0,0,0,0,0,0,0,0,0,0,0,-0.258819045,0.965925826
121,Waiting,630.2,108509,0,576.2,98493.5,225.9,224.2,226.2,131.3,129.5,129.7,0,0,0,60,1,31.8,41.2,33.1,0,31.4,0,0,0,0,0/0,0,0,0,4406,10,0,0,0,63.1,52.4,61.9,63.1,62.7,58.9,62.8,63.4,0,0,0,0,0,0,0,0,0,0,0,0,0,0,0,0,63.1,63.1,52.4,52.4,61.9,61.9,63.1,63.1,62.8,62.8,58.9,62.9,62.9,63.4,0,0,0,0,0,0,0,0,0,0,0,0,0,0,0,-0.258819045,0.965925826
121,Waiting,630.2,108509,0,576.2,98493.5,225.6,225,225.8,130.9,129.7,129.9,0,0,0,60,1,31.7,41.2,33,0,31.3,0,0,0,0,0/0,0,0,0,4406,10,0,0,0,62.7,52.2,61.5,62.7,62.3,58.8,62.5,63,0,0,0,0,0,0,0,0,0,0,0,0,0,0,0,0,62.7,62.7,52.2,52.2,61.5,61.5,62.7,62.7,62.3,62.3,58.7,62.5,62.5,63,0,0,0,0,0,0,0,0,0,0,0,0,0,0,0,-0.258819045,0.965925826
122,Waiting,630.2,108509,0,576.2,98493.5,226.2,224.8,226.4,131.4,129.7,130,0,0,0,60,1,31.6,41.1,33,0,31.3,0,0,0,0,0/0,0,0,0,4406,10,0,0,0,61.5,52.1,60.3,61.6,61.2,58.7,61.3,61.9,0,0,0,0,0,0,0,0,0,0,0,0,0,0,0,0,61.6,61.6,52.1,52.1,60.4,60.4,61.6,61.6,61.2,61.2,58.8,61.4,61.4,61.9,0,0,0,0,0,0,0,0,0,0,0,0,0,0,0,0,1
122,Waiting,0,108509,0,0,98493.5,225.6,224,225.6,131,129.4,129.5,0,0,0,60,1,31.6,41.1,32.9,0,31.2,0,0,0,0,0/0,0,0,0,4406,10,0,0,0,61.8,50.2,60.6,61.8,61.5,56.9,61.6,50.2,0,0,0,0,0,0,0,0,0,0,0,0,0,0,0,0,61.8,61.8,50.2,50.2,60.6,60.6,61.8,61.8,61.5,61.5,56.9,61.6,61.6,50.2,0,0,0,0,0,0,0,0,0,0,0,0,0,0,0,0,1
122,Waiting,0,108509,0,0,98493.5,225.6,223.9,225.5,130.9,129.3,129.4,0,0,0,60,1,31.5,41,32.9,0,31.1,0,0,0,0,0/0,0,0,0,4406,10,0,0,0,62.1,50.1,60.9,62.1,61.7,56.9,61.8,50.2,0,0,0,0,0,0,0,0,0,0,0,0,0,0,0,0,61.9,61.9,50.1,50.1,60.7,60.7,61.9,61.9,61.6,61.6,56.9,61.7,61.7,50.2,0,0,0,0,0,0,0,0,0,0,0,0,0,0,0,0,1
122,Waiting,0,108509,0,0,98493.5,225.8,224.2,225.8,131.1,129.5,129.6,0,0,0,60,1,31.5,40.9,32.8,0,31.1,0,0,0,0,0/0,0,0,0,4406,10,0,0,0,61.5,50.1,60.3,61.5,61.1,56.9,61.2,50.1,0,0,0,0,0,0,0,0,0,0,0,0,0,0,0,0,61.5,61.5,50.1,50.1,60.3,60.3,61.5,61.5,61.1,61.1,56.9,61.3,61.3,50.1,0,0,0,0,0,0,0,0,0,0,0,0,0,0,0,0,1
122,Waiting,0,108509,0,0,98493.5,225.8,224.3,225.7,131,129.5,129.6,0,0,0,60,1,31.4,40.9,32.8,0,31,0,0,0,0,0/0,0,0,0,4406,10,0,0,0,62.9,50.4,61.7,62.9,62.5,57.2,62.6,50.3,0,0,0,0,0,0,0,0,0,0,0,0,0,0,0,0,62.9,62.9,50.3,50.3,61.7,61.7,62.9,62.9,62.5,62.5,57.2,62.6,62.6,50.3,0,0,0,0,0,0,0,0,0,0,0,0,0,0,0,0,1
122,Waiting,0,108509,0,0,98493.5,225.8,224.3,225.9,131.1,129.5,129.7,0,0,0,60,1,31.4,40.8,32.7,0,30.9,0,0,0,0,0/0,0,0,0,4406,10,0,0,0,61.2,50.2,60,61.2,60.9,57.2,60.9,50.2,0,0,0,0,0,0,0,0,0,0,0,0,0,0,0,0,61.2,61.2,50.2,50.2,60,60,61.2,61.2,60.9,60.9,57.1,61,61,50.2,0,0,0,0,0,0,0,0,0,0,0,0,0,0,0,0,1
122,Waiting,0,108509,0,0,98493.5,224.2,222.6,224.4,130.2,128.5,128.7,0,0,0,60,1,31.3,40.7,32.6,0,30.8,0,0,0,0,0/0,0,0,0,4406,10,0,0,0,61.8,50,60.6,61.9,61.5,57.1,61.6,50.1,0,0,0,0,0,0,0,0,0,0,0,0,0,0,0,0,61.9,61.9,50,50,60.7,60.7,61.9,61.9,61.5,61.5,57,61.6,61.6,50.1,0,0,0,0,0,0,0,0,0,0,0,0,0,0,0,0,1
122,Waiting,0,108509,0,0,98493.5,224.3,222.6,224.3,130.2,128.6,128.7,0,0,0,60,1,31.2,40.6,32.5,0,30.8,0,0,0,0,0/0,0,0,0,4406,10,0,0,0,62.6,50.1,61.4,62.6,62.2,57.1,62.4,50.2,0,0,0,0,0,0,0,0,0,0,0,0,0,0,0,0,62.6,62.6,50.1,50.1,61.4,61.4,62.6,62.6,62.3,62.3,57.1,62.4,62.4,50.2,0,0,0,0,0,0,0,0,0,0,0,0,0,0,0,0,1
122,Waiting,0,108509,0,0,98493.5,224.5,222.8,224.7,130.4,128.7,128.9,0,0,0,60,1,31.2,40.5,32.4,0,30.7,0,0,0,0,0/0,0,0,0,4406,10,0,0,0,63.3,50.2,62.1,63.3,63,57.1,63.1,50.4,0,0,0,0,0,0,0,0,0,0,0,0,0,0,0,0,63.2,63.2,50.2,50.2,62,62,63.2,63.2,62.8,62.8,57.1,62.9,62.9,50.4,0,0,0,0,0,0,0,0,0,0,0,0,0,0,0,0,1
122,Waiting,0,108509,0,0,98493.5,225.2,223.7,225.8,131,129,129.5,0,0,0,60,1,31.1,40.4,32.4,0,30.6,0,0,0,0,0/0,0,0,0,4406,10,0,0,0,64.9,51,63.7,64.9,64.6,59.3,64.7,51,0,0,0,0,0,0,0,0,0,0,0,0,0,0,0,0,65,65,51,51,63.8,63.8,65,65,64.7,64.7,59.3,64.8,64.8,51,0,0,0,0,0,0,0,0,0,0,0,0,0,0,0,0,1
122,Waiting,0,108509,0,0,98493.5,225.6,224,225.9,131.1,129.3,129.6,0,0,0,60,1,31.1,40.4,32.3,0,30.6,0,0,0,0,0/0,0,0,0,4406,10,0,0,0,63.3,49.9,62.1,63.3,62.9,57.2,63,50.4,0,0,0,0,0,0,0,0,0,0,0,0,0,0,0,0,63.3,63.3,49.9,49.9,62.1,62.1,63.3,63.3,62.9,62.9,57.2,63.1,63.1,50.3,0,0,0,0,0,0,0,0,0,0,0,0,0,0,0,0,1
122,Waiting,0,108509,0,0,98493.5,225.9,224.3,226.1,131.2,129.5,129.7,0,0,0,60,1,31,40.3,32.3,0,30.5,0,0,0,0,0/0,0,0,0,4406,10,0,0,0,61.8,49.5,60.6,61.8,61.4,56.8,61.5,50,0,0,0,0,0,0,0,0,0,0,0,0,0,0,0,0,61.8,61.8,49.5,49.5,60.6,60.6,61.9,61.9,61.5,61.5,56.9,61.6,61.6,50,0,0,0,0,0,0,0,0,0,0,0,0,0,0,0,0,1
122,Waiting,0,108509,0,0,98493.5,225.9,224.4,226.4,131.3,129.5,129.9,0,0,0,60,1,31,40.2,32.3,0,30.5,0,0,0,0,0/0,0,0,0,4406,9,0,0,0,63.6,49.8,62.4,63.7,63.3,57.2,63.4,50.2,0,0,0,0,0,0,0,0,0,0,0,0,0,0,0,0,63.7,63.7,49.8,49.8,62.4,62.4,63.7,63.7,63.3,63.3,57.2,63.4,63.4,50.3,0,0,0,0,0,0,0,0,0,0,0,0,0,0,0,0.258819045,0.965925826
122,Waiting,0,108509,0,0,98493.5,225.9,224.6,226.2,131.2,129.6,129.9,0,0,0,60,1,30.9,40.2,32.2,0,30.4,0,0,0,0,0/0,0,0,0,4406,10,0,0,0,62.7,49.6,61.5,62.7,62.3,56.9,62.4,49.9,0,0,0,0,0,0,0,0,0,0,0,0,0,0,0,0,62.7,62.7,49.6,49.6,61.6,61.6,62.8,62.8,62.4,62.4,56.9,62.5,62.5,49.9,0,0,0,0,0,0,0,0,0,0,0,0,0,0,0,0.258819045,0.965925826
122,Waiting,0,108509,0,0,98493.5,226,224.7,226.3,131.3,129.7,129.9,0,0,0,60,1,30.8,40.1,32.1,0,30.3,0,0,0,0,0/0,0,0,0,4406,10,0,0,0,64.6,49.9,63.4,64.6,64.2,58.7,64.4,50.1,0,0,0,0,0,0,0,0,0,0,0,0,0,0,0,0,64.2,64.2,49.7,49.7,63,63,64.3,64.3,63.9,63.9,57.5,64,64,50,0,0,0,0,0,0,0,0,0,0,0,0,0,0,0,0.258819045,0.965925826
122,Waiting,0,108509,0,0,98493.5,226.2,224.8,226.4,131.4,129.7,130,0,0,0,60,1,30.8,40,32,0,30.2,0,0,0,0,0/0,0,0,0,4406,10,0,0,0,63.3,49,62.1,63.3,62.9,56.4,63,49.7,0,0,0,0,0,0,0,0,0,0,0,0,0,0,0,0,63.3,63.3,49,49,62.1,62.1,63.3,63.3,62.9,62.9,56.4,63.1,63.1,49.7,0,0,0,0,0,0,0,0,0,0,0,0,0,0,0,0.258819045,0.965925826
122,Waiting,0,108509,0,0,98493.5,226.4,225,226.5,131.4,129.9,130,0,0,0,60,1,30.7,39.9,31.9,0,30.1,0,0,0,0,0/0,0,0,0,4406,9,0,0,0,63.7,48.9,62.5,63.7,63.3,56.7,63.4,49.6,0,0,0,0,0,0,0,0,0,0,0,0,0,0,0,0,63.7,63.7,49,49,62.5,62.5,63.7,63.7,63.3,63.3,57.1,63.5,63.5,49.7,0,0,0,0,0,0,0,0,0,0,0,0,0,0,0,0.258819045,0.965925826
122,Waiting,0,108509,0,0,98493.5,226.5,225.2,226.7,131.5,129.9,130.2,0,0,0,60,1,30.6,39.8,31.8,0,30.1,0,0,0,0,0/0,0,0,0,4406,10,0,0,0,63.8,48.7,62.6,63.8,63.4,55.9,63.6,49.4,0,0,0,0,0,0,0,0,0,0,0,0,0,0,0,0,63.8,63.8,48.7,48.7,62.6,62.6,63.8,63.8,63.4,63.4,55.9,63.6,63.6,49.4,0,0,0,0,0,0,0,0,0,0,0,0,0,0,0,0.258819045,0.965925826
122,Waiting,0,108509,0,0,98493.5,226.5,225.3,226.9,131.6,130,130.3,0,0,0,60,1,30.5,39.7,31.7,0,30,0,0,0,0,0/0,0,0,0,4406,9,0,0,0,61.6,48,60.4,61.6,61.2,55.2,61.3,48.9,0,0,0,0,0,0,0,0,0,0,0,0,0,0,0,0,61.6,61.6,48.1,48.1,60.4,60.4,61.6,61.6,61.2,61.2,55.2,61.3,61.3,48.9,0,0,0,0,0,0,0,0,0,0,0,0,0,0,0,0.258819045,0.965925826
122,Waiting,0,108509,0,0,98493.5,226.2,224.8,226.3,131.3,129.8,129.9,0,0,0,60,1,30.5,39.6,31.7,0,29.7,0,0,0,0,0/0,0,0,0,4406,10,0,0,0,63.3,48.1,62.1,63.3,62.9,55.3,63.1,48.9,0,0,0,0,0,0,0,0,0,0,0,0,0,0,0,0,63.3,63.3,48.1,48.1,62.1,62.1,63.3,63.3,62.9,62.9,55.3,63,63,48.9,0,0,0,0,0,0,0,0,0,0,0,0,0,0,0,0.258819045,0.965925826
122,Waiting,0,108509,0,0,98493.5,226.3,224.9,226.4,131.4,129.8,130,0,0,0,60,1,30.5,39.6,31.6,0,29.6,0,0,0,0,0/0,0,0,0,4406,9,0,0,0,63.7,48,62.5,63.7,63.3,55.1,63.4,48.8,0,0,0,0,0,0,0,0,0,0,0,0,0,0,0,0,63.7,63.7,48,48,62.5,62.5,63.7,63.7,63.3,63.3,55.1,63.4,63.4,48.7,0,0,0,0,0,0,0,0,0,0,0,0,0,0,0,0.258819045,0.965925826
122,Waiting,0,108509,0,0,98493.5,225.8,225.9,226.2,130.9,130.1,130.4,0,0,0,60,1,30.4,39.5,31.6,0,29.5,0,0,0,0,0/0,0,0,0,4406,9,0,0,0,62.7,47.4,61.5,62.7,62.4,55.2,62.5,48.7,0,0,0,0,0,0,0,0,0,0,0,0,0,0,0,0,62.7,62.7,47.4,47.4,61.5,61.5,62.7,62.7,62.3,62.3,55.2,62.5,62.5,48.7,0,0,0,0,0,0,0,0,0,0,0,0,0,0,0,0.258819045,0.965925826
122,Waiting,0,108509,0,0,98493.5,226.3,225,226.3,131.3,129.9,130,0,0,0,60,1,30.3,39.4,31.5,0,29.5,0,0,0,0,0/0,0,0,0,4406,9,0,0,0,62.1,44.2,60.9,62.1,61.8,54.7,61.9,47.3,0,0,0,0,0,0,0,0,0,0,0,0,0,0,0,0,62.1,62.1,44.1,44.1,60.9,60.9,62.1,62.1,61.8,61.8,54.5,61.9,61.9,47.2,0,0,0,0,0,0,0,0,0,0,0,0,0,0,0,0.258819045,0.965925826
122,Waiting,0,108509,0,0,98493.5,226.6,225.2,226.7,131.5,130,130.2,0,0,0,60,1,30.3,39.4,31.4,0,29.4,0,0,0,0,0/0,0,0,0,4406,9,0,0,0,62.4,47.5,61.2,62.4,62,56.3,62.2,48.8,0,0,0,0,0,0,0,0,0,0,0,0,0,0,0,0,62.4,62.4,47.5,47.5,61.2,61.2,62.4,62.4,62,62,56.3,62.1,62.1,48.8,0,0,0,0,0,0,0,0,0,0,0,0,0,0,0,0.258819045,0.965925826
122,Waiting,0,108509,0,0,98493.5,226.7,225.4,226.7,131.5,130.1,130.2,0,0,0,60,1,30.2,39.3,31.4,0,29.3,0,0,0,0,0/0,0,0,0,4406,9,0,0,0,62.4,47.4,61.2,62.4,62.1,56.4,62.2,48.9,0,0,0,0,0,0,0,0,0,0,0,0,0,0,0,0,62.4,62.4,47.1,47.1,61.2,61.2,62.4,62.4,62,62,56.2,62.2,62.2,48.8,0,0,0,0,0,0,0,0,0,0,0,0,0,0,0,0.5,0.866025404
122,Waiting,0,108509,0,0,98493.5,226.6,225.1,226.5,131.5,130,130.1,0,0,0,60,1,30.2,39.2,31.3,0,29.3,0,0,0,0,0/0,0,0,0,4406,9,0,0,0,61.5,44.9,60.3,61.5,61.1,53.1,61.2,46.8,0,0,0,0,0,0,0,0,0,0,0,0,0,0,0,0,61.4,61.4,44.3,44.3,60.2,60.2,61.5,61.5,61.1,61.1,53.1,61.2,61.2,46.7,0,0,0,0,0,0,0,0,0,0,0,0,0,0,0,0.5,0.866025404
122,Waiting,0,108509,0,0,98493.5,226.7,225.3,226.6,131.5,130.1,130.2,0,0,0,60,1,30.1,39.2,31.3,0,29.2,0,0,0,0,0/0,0,0,0,4406,9,0,0,0,60.7,39.9,59.5,60.7,60.4,47.3,60.5,40.9,0,0,0,0,0,0,0,0,0,0,0,0,0,0,0,0,60.7,60.7,39.7,39.7,59.5,59.5,60.7,60.7,60.4,60.4,47.1,60.5,60.5,40.7,0,0,0,0,0,0,0,0,0,0,0,0,0,0,0,0.5,0.866025404
122,Waiting,0,108509,0,0,98493.5,226.9,225.5,226.9,131.7,130.2,130.3,0,0,0,60,1,30,39.1,31.2,0,29.1,0,0,0,0,0/0,0,0,0,4406,9,0,0,0,61.2,44.1,60,61.2,60.9,52.7,61,46.5,0,0,0,0,0,0,0,0,0,0,0,0,0,0,0,0,61.2,61.2,44.1,44.1,60,60,61.2,61.2,60.8,60.8,52.8,61,61,46.6,0,0,0,0,0,0,0,0,0,0,0,0,0,0,0,0.5,0.866025404
122,Waiting,0,108509,0,0,98493.5,227,225.7,226.9,131.7,130.3,130.4,0,0,0,60,1,29.9,39,31.1,0,29,0,0,0,0,0/0,0,0,0,4406,9,0,0,0,61.7,48.9,60.5,61.7,61.4,56.7,61.5,50.3,0,0,0,0,0,0,0,0,0,0,0,0,0,0,0,0,61.7,61.7,48.9,48.9,60.5,60.5,61.8,61.8,61.4,61.4,56.8,61.5,61.5,50.4,0,0,0,0,0,0,0,0,0,0,0,0,0,0,0,0.5,0.866025404
122,Waiting,0,108509,0,0,98493.5,226.6,226.6,226.6,131.3,130.5,130.7,0,0,0,60,1,29.9,38.9,31,0,29,0,0,0,0,0/0,0,0,0,4406,9,0,0,0,60.2,38.8,59,60.3,59.9,45.9,60.1,38.9,0,0,0,0,0,0,0,0,0,0,0,0,0,0,0,0,60.2,60.2,38.2,38.2,59,59,60.3,60.3,59.9,59.9,45.5,60,60,38.5,0,0,0,0,0,0,0,0,0,0,0,0,0,0,0,0.5,0.866025404
122,Waiting,0,108509,0,0,98493.5,227.2,225.7,227,131.8,130.3,130.4,0,0,0,60,1,29.8,38.9,31,0,28.9,0,0,0,0,0/0,0,0,0,4406,9,0,0,0,61.8,44.3,60.6,61.8,61.5,50.5,61.6,43.7,0,0,0,0,0,0,0,0,0,0,0,0,0,0,0,0,61.8,61.8,43.8,43.8,60.6,60.6,61.8,61.8,61.4,61.4,50.2,61.5,61.5,43.4,0,0,0,0,0,0,0,0,0,0,0,0,0,0,0,0.5,0.866025404
122,Waiting,0,108509,0,0,98493.5,227.1,225.9,227.2,131.8,130.4,130.5,0,0,0,60,1,29.7,38.8,30.9,0,28.8,0,0,0,0,0/0,0,0,0,4406,9,0,0,0,62,43.1,60.8,62,61.6,50.3,61.7,43.5,0,0,0,0,0,0,0,0,0,0,0,0,0,0,0,0,62,62,43,43,60.8,60.8,62,62,61.6,61.6,50.2,61.7,61.7,43.5,0,0,0,0,0,0,0,0,0,0,0,0,0,0,0,0.5,0.866025404
122,Waiting,0,108509,0,0,98493.5,227.4,225.8,227,131.8,130.5,130.4,0,0,0,60,1,29.7,38.7,30.9,0,28.8,0,0,0,0,0/0,0,0,0,4406,9,0,0,0,61.3,49.4,60.1,61.3,60.9,56.3,61,51.2,0,0,0,0,0,0,0,0,0,0,0,0,0,0,0,0,61.3,61.3,48.8,48.8,60.1,60.1,61.3,61.3,60.9,60.9,55.8,61,61,50.6,0,0,0,0,0,0,0,0,0,0,0,0,0,0,0,0.5,0.866025404
122,Waiting,0,108509,0,0,98493.5,227.4,226,227.3,132,130.5,130.6,0,0,0,60,1,29.6,38.7,30.9,0,28.7,0,0,0,0,0/0,0,0,0,4406,9,0,0,0,62.2,47.2,61,62.2,61.8,55.2,62,48.9,0,0,0,0,0,0,0,0,0,0,0,0,0,0,0,0,62.2,62.2,48.3,48.3,61,61,62.2,62.2,61.8,61.8,55.2,61.9,61.9,49.3,0,0,0,0,0,0,0,0,0,0,0,0,0,0,0,0.5,0.866025404
122,Waiting,0,108509,0,0,98493.5,227.5,225.9,227.2,131.9,130.5,130.5,0,0,0,60,1,29.5,38.6,30.8,0,28.7,0,0,0,0,0/0,0,0,0,4406,9,0,0,0,62,48.6,60.8,62,61.7,59.1,61.8,50.9,0,0,0,0,0,0,0,0,0,0,0,0,0,0,0,0,62.1,62.1,48.8,48.8,60.8,60.8,62.1,62.1,61.7,61.7,59.2,61.8,61.8,51.1,0,0,0,0,0,0,0,0,0,0,0,0,0,0,0,0.5,0.866025404
122,Waiting,0,108509,0,0,98493.5,227.5,226.1,227.3,131.9,130.6,130.6,0,0,0,60,1,29.5,38.6,30.8,0,28.6,0,0,0,0,0/0,0,0,0,4406,9,0,0,0,62.9,47.1,61.6,62.9,62.5,55,62.6,48.6,0,0,0,0,0,0,0,0,0,0,0,0,0,0,0,0,62.8,62.8,47,47,61.6,61.6,62.9,62.9,62.5,62.5,54.5,62.6,62.6,48.3,0,0,0,0,0,0,0,0,0,0,0,0,0,0,0,0.5,0.866025404
122,Waiting,0,108509,0,0,98493.5,227.5,226,227.3,131.9,130.6,130.5,0,0,0,60,1,29.4,38.5,30.8,0,28.6,0,0,0,0,0/0,0,0,0,4406,9,0,0,0,62,45.2,60.8,62,61.6,52.3,61.7,46.7,0,0,0,0,0,0,0,0,0,0,0,0,0,0,0,0,62,62,45.4,45.4,60.8,60.8,62,62,61.6,61.6,52.6,61.7,61.7,46.9,0,0,0,0,0,0,0,0,0,0,0,0,0,0,0,0.707106781,0.707106781
122,Waiting,0,108509,0,0,98493.5,227.4,225.9,227.2,131.9,130.5,130.5,0,0,0,59.9,1,29.4,38.5,30.8,0,28.5,0,0,0,0,0/0,0,0,0,4406,9,0,0,0,60.2,36.5,59.3,60.6,60.2,43.6,60.4,37.8,0,0,0,0,0,0,0,0,0,0,0,0,0,0,0,0,60.6,60.6,38.1,38.1,59.4,59.4,60.7,60.7,60.3,60.3,45.1,60.4,60.4,38.9,0,0,0,0,0,0,0,0,0,0,0,0,0,0,0,0.707106781,0.707106781
122,Waiting,0,108509,0,0,98493.5,227.5,226.3,227.4,131.9,130.6,130.7,0,0,0,60,1,29.3,38.5,30.7,0,28.5,0,0,0,0,0/0,0,0,0,4406,9,0,0,0,29.9,29,28.5,29.9,29.5,29.6,29.6,30.3,0,0,0,0,0,0,0,0,0,0,0,0,0,0,0,0,29.9,29.9,28.9,28.9,28.4,28.4,29.8,29.8,29.4,29.4,29.5,29.6,29.6,30.2,0,0,0,0,0,0,0,0,0,0,0,0,0,0,0,0.707106781,0.707106781
122,Waiting,0,108509,0,0,98493.5,227.7,226.3,227.4,132,130.7,130.6,0,0,0,60,1,29.3,38.4,30.7,0,28.5,0,0,0,0,0/0,0,0,0,4406,9,0,0,0,23.9,23,22.4,23.9,23.5,23.6,23.6,24.3,0,0,0,0,0,0,0,0,0,0,0,0,0,0,0,0,23.9,23.9,22.9,22.9,22.4,22.4,23.9,23.9,23.4,23.4,23.5,23.6,23.6,24.3,0,0,0,0,0,0,0,0,0,0,0,0,0,0,0,0.707106781,0.707106781
122,Waiting,0,108509,0,0,98493.5,227.8,226.6,227.6,132.1,130.8,130.8,0,0,0,60,1,29.3,38.4,30.7,0,28.4,0,0,0,0,0/0,0,0,0,4406,9,0,0,0,23.5,22.6,22,23.5,23.1,23.2,23.2,23.9,0,0,0,0,0,0,0,0,0,0,0,0,0,0,0,0,23.5,23.5,22.6,22.6,22,22,23.5,23.5,23.1,23.1,23.2,23.2,23.2,23.9,0,0,0,0,0,0,0,0,0,0,0,0,0,0,0,0.707106781,0.707106781
122,Waiting,0,108509,0,0,98493.5,227.9,226.5,227.6,132.1,130.9,130.8,0,0,0,60,1,29.3,38.4,30.7,0,28.4,0,0,0,0,0/0,0,0,0,4406,9,0,0,0,22.9,22,21.4,22.9,22.5,22.6,22.6,23.3,0,0,0,0,0,0,0,0,0,0,0,0,0,0,0,0,22.9,22.9,22,22,21.4,21.4,22.9,22.9,22.5,22.5,22.6,22.7,22.7,23.3,0,0,0,0,0,0,0,0,0,0,0,0,0,0,0,0.707106781,0.707106781
122,Waiting,0,108509,0,0,98493.5,228,226.7,227.6,132.1,130.9,130.8,0,0,0,60,1,29.2,38.4,30.7,0,28.4,0,0,0,0,0/0,0,0,0,4406,9,0,0,0,22.8,21.8,21.3,22.8,22.4,22.5,22.5,23.2,0,0,0,0,0,0,0,0,0,0,0,0,0,0,0,0,22.8,22.8,21.8,21.8,21.3,21.3,22.8,22.8,22.4,22.4,22.5,22.5,22.5,23.2,0,0,0,0,0,0,0,0,0,0,0,0,0,0,0,0.707106781,0.707106781
122,Waiting,0,108509,0,0,98493.5,228,226.7,227.7,132.2,130.9,130.9,0,0,0,60,1,29.2,38.4,30.7,0,28.4,0,0,0,0,0/0,0,0,0,4406,9,0,0,0,22,21.1,20.5,22,21.6,21.7,21.7,22.5,0,0,0,0,0,0,0,0,0,0,0,0,0,0,0,0,22,22,21.1,21.1,20.5,20.5,22,22,21.6,21.6,21.7,21.7,21.7,22.5,0,0,0,0,0,0,0,0,0,0,0,0,0,0,0,0.707106781,0.707106781
122,Waiting,0,108509,0,0,98493.5,228.3,226.8,227.9,132.3,131,130.9,0,0,0,59.9,1,29.2,38.3,30.7,0,28.4,0,0,0,0,0/0,0,0,0,4406,9,0,0,0,21.9,20.9,20.4,21.9,21.4,21.6,21.5,22.3,0,0,0,0,0,0,0,0,0,0,0,0,0,0,0,0,21.9,21.9,20.9,20.9,20.4,20.4,21.9,21.9,21.4,21.4,21.5,21.6,21.6,22.3,0,0,0,0,0,0,0,0,0,0,0,0,0,0,0,0.707106781,0.707106781
122,Waiting,0,108509,0,0,98493.5,227.9,226.5,227.6,132.2,130.8,130.8,0,0,0,60,1,29.2,38.3,30.7,0,28.3,0,0,0,0,0/0,0,0,0,4406,9,0,0,0,22.3,21.3,20.8,22.3,21.8,22,22,22.7,0,0,0,0,0,0,0,0,0,0,0,0,0,0,0,0,22.3,22.3,21.3,21.3,20.8,20.8,22.3,22.3,21.8,21.8,22,22,22,22.7,0,0,0,0,0,0,0,0,0,0,0,0,0,0,0,0.707106781,0.707106781
122,Waiting,0,108509,0,0,98493.5,227.9,226.5,227.5,132.1,130.9,130.7,0,0,0,60,1,29.2,38.3,30.6,0,28.3,0,0,0,0,0/0,0,0,0,4406,9,0,0,0,21.2,20.3,19.8,21.3,20.8,21,21,21.7,0,0,0,0,0,0,0,0,0,0,0,0,0,0,0,0,21.3,21.3,20.3,20.3,19.8,19.8,21.3,21.3,20.8,20.8,21,21,21,21.7,0,0,0,0,0,0,0,0,0,0,0,0,0,0,0,0.707106781,0.707106781
122,Waiting,0,108509,0,0,98493.5,228.4,226,228.1,132.6,130.7,130.6,0,0,0,60,1,29.1,38.3,30.6,0,28.3,0,0,0,0,0/0,0,0,0,4406,9,0,0,0,21.6,20.6,20.1,21.6,21.2,21.2,21.3,22,0,0,0,0,0,0,0,0,0,0,0,0,0,0,0,0,21.5,21.5,20.6,20.6,20.1,20.1,21.6,21.6,21.1,21.1,21.3,21.3,21.3,22,0,0,0,0,0,0,0,0,0,0,0,0,0,0,0,0.707106781,0.707106781
122,Waiting,0,108509,0,0,98493.5,228,226.8,227.6,132.1,131,130.8,0,0,0,60,1,29.1,38.2,30.6,0,28.3,0,0,0,0,0/0,0,0,0,4406,9,0,0,0,21.7,20.8,20.3,21.7,21.3,21.4,21.5,22.2,0,0,0,0,0,0,0,0,0,0,0,0,0,0,0,0,21.7,21.7,20.8,20.8,20.3,20.3,21.8,21.8,21.4,21.4,21.5,21.5,21.5,22.2,0,0,0,0,0,0,0,0,0,0,0,0,0,0,0,0.866025404,0.5
122,Waiting,0,108509,0,0,98493.5,228.1,226.8,227.6,132.2,131,130.8,0,0,0,60,1,29.1,38.2,30.6,0,28.3,0,0,0,0,0/0,0,0,0,4406,9,0,0,0,21.2,20.3,19.7,21.2,20.8,20.9,21,21.6,0,0,0,0,0,0,0,0,0,0,0,0,0,0,0,0,21.2,21.2,20.3,20.3,19.7,19.7,21.2,21.2,20.8,20.8,20.9,21,21,21.7,0,0,0,0,0,0,0,0,0,0,0,0,0,0,0,0.866025404,0.5
122,Waiting,0,108509,0,0,98493.5,227.8,227.8,227.4,131.8,131.3,131.2,0,0,0,60,1,29.1,38.2,30.6,0,28.2,0,0,0,0,0/0,0,0,0,4406,9,0,0,0,21.1,20.2,19.6,21.1,20.7,20.9,20.8,21.5,0,0,0,0,0,0,0,0,0,0,0,0,0,0,0,0,21.1,21.1,20.2,20.2,19.6,19.6,21.1,21.1,20.7,20.7,20.8,20.9,20.9,21.5,0,0,0,0,0,0,0,0,0,0,0,0,0,0,0,0.866025404,0.5
122,Waiting,0,108509,0,0,98493.5,228.1,226.8,227.6,132.1,131,130.9,0,0,0,60,1,29,38.2,30.6,0,28.2,0,0,0,0,0/0,0,0,0,4406,9,0,0,0,20.9,19.9,19.3,20.8,20.4,20.5,20.6,21.3,0,0,0,0,0,0,0,0,0,0,0,0,0,0,0,0,20.9,20.9,19.9,19.9,19.4,19.4,20.9,20.9,20.5,20.5,20.6,20.6,20.6,21.3,0,0,0,0,0,0,0,0,0,0,0,0,0,0,0,0.866025404,0.5
122,Waiting,0,108509,0,0,98493.5,228.4,227.2,227.9,132.3,131.2,131.1,0,0,0,60,1,29,38.2,30.6,0,28.2,0,0,0,0,0/0,0,0,0,4406,9,0,0,0,20.9,20,19.4,20.9,20.5,20.6,20.6,21.3,0,0,0,0,0,0,0,0,0,0,0,0,0,0,0,0,20.9,20.9,20,20,19.4,19.4,20.9,20.9,20.5,20.5,20.6,20.6,20.6,21.3,0,0,0,0,0,0,0,0,0,0,0,0,0,0,0,0.866025404,0.5
122,Waiting,0,108509,0,0,98493.5,228.4,227.2,227.9,132.3,131.3,131.1,0,0,0,60,1,29,38.1,30.5,0,28.2,0,0,0,0,0/0,0,0,0,4406,9,0,0,0,21.3,20.3,19.8,21.3,20.9,21,21,21.7,0,0,0,0,0,0,0,0,0,0,0,0,0,0,0,0,21.2,21.2,20.3,20.3,19.8,19.8,21.3,21.3,20.8,20.8,21,21,21,21.7,0,0,0,0,0,0,0,0,0,0,0,0,0,0,0,0.866025404,0.5
122,Waiting,0,108509,0,0,98493.5,228.4,227.3,228.1,132.4,131.2,131.2,0,0,0,60,1,29,38.1,30.5,0,28.2,0,0,0,0,0/0,0,0,0,4406,9,0,0,0,21.5,20.6,20,21.5,21.1,21.2,21.2,21.9,0,0,0,0,0,0,0,0,0,0,0,0,0,0,0,0,21.5,21.5,20.6,20.6,20,20,21.5,21.5,21.1,21.1,21.2,21.2,21.2,21.9,0,0,0,0,0,0,0,0,0,0,0,0,0,0,0,0.866025404,0.5
122,Waiting,0,108509,0,0,98493.5,228.7,227.6,228.3,132.5,131.4,131.3,0,0,0,60,1,29,38.1,30.5,0,28.2,0,0,0,0,0/0,0,0,0,4406,9,0,0,0,23.4,22.5,21.9,23.4,23,23.1,23.1,23.8,0,0,0,0,0,0,0,0,0,0,0,0,0,0,0,0,23.3,23.3,22.4,22.4,21.8,21.8,23.3,23.3,22.9,22.9,23,23.1,23.1,23.7,0,0,0,0,0,0,0,0,0,0,0,0,0,0,0,0.866025404,0.5
122,Waiting,0,108509,0,0,98493.5,228.7,227.5,228.1,132.4,131.4,131.2,0,0,0,60,1,29,38.1,30.5,0,28.2,0,0,0,0,0/0,0,0,0,4406,9,0,0,0,27.2,26.3,25.8,27.2,26.8,26.9,27,27.7,0,0,0,0,0,0,0,0,0,0,0,0,0,0,0,0,27.1,27.1,26.2,26.2,25.7,25.7,27.1,27.1,26.7,26.7,26.8,26.9,26.9,27.6,0,0,0,0,0,0,0,0,0,0,0,0,0,0,0,0.866025404,0.5
122,Waiting,0,108509,0,0,98493.5,228.7,227.5,228.1,132.4,131.4,131.2,0,0,0,60,1,29,38.1,30.5,0,28.2,0,0,0,0,0/0,0,0,0,4406,9,0,0,0,27.7,26.8,26.3,27.7,27.3,27.4,27.4,28.1,0,0,0,0,0,0,0,0,0,0,0,0,0,0,0,0,27.7,27.7,26.8,26.8,26.3,26.3,27.7,27.7,27.3,27.3,27.4,27.4,27.4,28.1,0,0,0,0,0,0,0,0,0,0,0,0,0,0,0,0.866025404,0.5
122,Waiting,0,108509,0,0,98493.5,228.6,227.4,228.2,132.5,131.3,131.2,0,0,0,60,1,29,38.1,30.5,0,28.1,0,0,0,0,0/0,0,0,0,4406,9,0,0,0,36.2,35.3,34.8,36.1,35.8,35.9,35.9,36.5,0,0,0,0,0,0,0,0,0,0,0,0,0,0,0,0,36.2,36.2,35.4,35.4,34.8,34.8,36.2,36.2,35.8,35.8,35.9,35.9,35.9,36.6,0,0,0,0,0,0,0,0,0,0,0,0,0,0,0,0.866025404,0.5
122,Waiting,0,108509,0,0,98493.5,228.7,227.5,228,132.4,131.5,131.1,0,0,0,60,1,28.9,38.1,30.5,0,28.1,0,0,0,0,0/0,0,0,0,4406,9,0,0,0,62.1,61.3,60.8,62,61.6,61.8,61.6,62.3,0,0,0,0,0,0,0,0,0,0,0,0,0,0,0,0,62.2,62.2,61.4,61.4,60.8,60.8,62.1,62.1,61.7,61.7,61.9,61.8,61.8,62.5,0,0,0,0,0,0,0,0,0,0,0,0,0,0,0,0.866025404,0.5
122,Waiting,0,108509,0,0,98493.5,228.8,227.6,228.4,132.6,131.5,131.3,0,0,0,60,1,28.9,38.1,30.5,0,28.1,0,0,0,0,0/0,0,0,0,4406,9,0,0,0,110.8,110.1,109.6,110.7,110.4,110.5,110.5,111.1,0,0,0,0,0,0,0,0,0,0,0,0,0,0,0,0,107.8,107.8,107.1,107.1,106.7,106.7,107.7,107.7,107.4,107.4,107.6,107.6,107.6,108.1,0,0,0,0,0,0,0,0,0,0,0,0,0,0,0,0.965925826,0.258819045
122,Waiting,0,108509,0,0,98493.5,228.8,227.6,228.3,132.6,131.5,131.3,0,0,0,60,1,28.9,38.1,30.5,0,28.1,0,0,0,0,0/0,0,0,0,4406,9,0,0,0,73.8,73,72.5,73.7,73.3,73.5,74.2,74.9,0,0,0,0,0,0,0,0,0,0,0,0,0,0,0,0,123.1,123.1,122.5,122.5,122,122,123,123,122.7,122.7,122.9,123.4,123.4,123.9,0,0,0,0,0,0,0,0,0,0,0,0,0,0,0,0.965925826,0.258819045
122,Waiting,0,108509,0,0,98493.5,229,227.8,228.5,132.7,131.6,131.4,0,0,0,60,1,29,38.3,30.5,0,28.1,0,0,0,0,0/0,0,0,0,4406,8,0,0,0,170.6,170,169.7,170.4,170.1,170.3,169.2,169.6,0,0,0,0,0,0,0,0,0,0,0,0,0,0,0,0,152,152,151.3,151.3,151,151,151.8,151.8,151.5,151.5,151.7,150.4,150.4,150.9,0,0,0,0,0,0,0,0,0,0,0,0,0,0,0,0.965925826,0.258819045
122,Waiting,0,108509,0,0,98493.5,229.3,228.2,228.5,132.7,131.8,131.5,0,0,0,60,1,29,39.2,30.6,0,28.2,0,0,0,0,0/0,0,0,0,4406,8,0,0,0,551.2,551.5,551.9,542.1,550.9,551.2,550.6,528,0,0,0,0,0,0,0,0,0,0,0,0,0,0,0,0,551.5,551.5,551.8,551.8,552.2,552.2,542.3,542.3,551.1,551.1,551.5,550.9,550.9,528.2,0,0,0,0,0,0,0,0,0,0,0,0,0,0,0,0.965925826,0.258819045
122,Normal,0,108509,217.5,0,98493.5,229.5,228.2,228.7,132.9,131.9,131.7,1.9,2.3,2.1,60,1,30.2,40.3,30.7,0,28.7,0,0,0,0,0/0,0,0,0,2522,7,0,0,0,362.9,178.4,409.9,381.1,174.1,407,377.1,345.9,0,0,0.1,0,0,0,0,0,0,0,40.9,0,0,0,0,0,359.8,359.8,178.8,178.8,407.8,407.8,378.9,378.9,167.3,167.3,393.9,375.5,375.5,345.2,0.6,0,0.4,0,0.1,0,0.1,0,0.1,0,0,0.2,0,0.1,0,0.965925826,0.258819045
122,Normal,0,108509,196.2,0,98493.5,229.6,228.3,228.9,132.9,132.1,131.5,1.6,1.7,1.8,60,1,30.8,41.2,30.9,0,29.4,0,0,0,0,0/0,0,0,0,2522,7,0,0,0,174.1,178.6,180.2,179.3,173,179.5,172.7,178.2,0.1,0,0,0.1,0,0,0,0,17.4,0,0,17.9,0,0,0,0,173.6,173.6,178.3,178.3,180.1,180.1,178.4,178.4,160.3,160.3,178.6,176.4,176.4,178.9,0.6,0,0.4,0,0.1,0,0.2,0,0.1,0,0,0.2,0,0.1,0,0.965925826,0.258819045
122,Normal,0,108509,243.9,0,98493.5,229.2,229.4,228.4,132.4,132.3,132,1.5,1.9,1.7,59.9,1,31.4,41.5,31,0,30.3,0,0,0,0,0/0,0,0,0,2522,7,0,0,0,180,175.6,178.5,180.7,179.7,180,179.2,180,0.2,0.1,0.1,0.2,0,0.2,0.1,0.1,36,17.5,17.8,36.1,0,36,17.9,18,179,179,174.4,174.4,176.6,176.6,179.7,179.7,179.4,179.4,179.3,179,179,178.4,0.6,0,0.5,0,0.1,0,0.2,0,0.2,0,0.2,0.2,0,0.2,0,0.965925826,0.258819045
122,Normal,0,108509,351.7,0,98493.5,229.6,228.6,228.8,132.9,132.1,131.7,1.5,1.6,1.6,60,1,32.1,41.8,31.1,0,31,0,0,0,0,0/0,0,0,0,2522,7,0,0,0,185.4,180,182.6,180,179.2,180.4,177.4,178.7,0.3,0.1,0.2,0.4,0.1,0.2,0.2,0.2,55.6,18,36.5,72,17.9,36,35.4,35.7,189.3,189.3,178.4,178.4,180.4,180.4,180,180,177,177,180.2,180.4,180.4,178.6,0.7,0,0.6,0,0.1,0.1,0.3,0,0.2,0,0.2,0.3,0,0.3,0,0.965925826,0.258819045
122,Normal,0.1,108509.1,541.4,0,98493.5,229.6,228.5,228.9,133,132.1,131.6,1.6,1.3,1.8,60,1,32.7,42.1,31.3,0,31.8,0,0,0,0,0/0,0,0,0,2522,8,0,0,0,212.4,181.3,189.5,181,178.4,253.5,214.9,216.9,0.5,0.2,0.3,0.6,0.2,0.4,0.3,0.3,106.2,36.2,56.8,108.6,35.6,101.4,64.4,65,216.9,216.9,178,178,193.9,193.9,179.3,179.3,180.3,180.3,257.6,215.3,215.3,219.8,0.8,0,0.7,0,0.1,0.2,0.4,0.1,0.3,0,0.3,0.4,0,0.4,0,0.965925826,0.258819045
122,Normal,0.1,108509.1,901.1,0,98493.5,229.8,228.6,229.1,133,132.2,131.8,2.8,2.9,2.8,60,1,33.4,42.3,31.5,0,32.5,0,0,0,0,0/0,0,0,0,2522,8,99.1,17.4,116.6,296.3,214.8,262.6,179.3,185.5,284.4,259.2,232.3,0.8,0.3,0.3,0.7,0.3,0.5,0.4,0.4,237,64.4,78.7,125.5,55.6,142.2,103.6,92.9,292.7,292.7,214.4,214.4,260.3,260.3,179.6,179.6,189.7,189.7,279,261.4,261.4,224.3,0.9,0,0.8,0,0.1,0.2,0.5,0.2,0.4,0,0.4,0.5,0,0.5,0,0.965925826,0.258819045
122,Normal,0.2,108509.2,1331.1,0,98493.5,229.9,229,229.1,133.4,132.6,132.3,7.6,7.6,7.2,60,1,35,42.6,31.7,0,33.6,0,0,0,0,0/0,0,0,0,2522,8,0,0,0,334.9,179.9,301.2,225.5,200.2,594.3,641.4,269.6,0.8,0.4,0.4,0.8,0.3,0.6,0.2,0.6,267.9,71.9,120.4,180.4,60,356.5,128.2,161.7,336.4,336.4,179.3,179.3,300,300,215.2,215.2,194,194,589.8,649.4,649.4,267.5,1,0,0.8,0,0.1,0.2,0.5,0.3,0.5,0,0.6,0.2,0,0.6,0,0.965925826,0.258819045
122,Normal,0.4,108509.4,1985.5,0.5,98494,229.9,228.9,229,133.3,132.5,132.2,3.6,3.5,3.8,60,1,36.1,42.9,32,0,34.8,0,0,0,0,0/0,0,0,0,2522,7,0,0,0,399.2,222.1,272,326.9,180.6,525.7,571.1,314,1,0.5,0.4,1.1,0.4,0.7,0.5,0.7,399.2,111,108.8,359.5,72.2,367.9,285.5,219.8,401.6,401.6,220.1,220.1,278.2,278.2,333.7,333.7,180.9,180.9,522.7,574.8,574.8,314.1,1.1,0,1,0,0,0.3,0.6,0.4,0.6,0,0.7,0.6,0,0.8,0,0.965925826,0.258819045
122,Normal,0.6,108509.6,2791.3,0.7,98494.2,230,228.7,228.9,133.4,132.5,132.1,14.3,14.4,14.4,60,1,37.4,43.1,32.3,0,36,0,0,0,0,0/0,0,0,0,2522,8,93.8,9.2,84.5,500.8,274.6,333.9,431.5,179.6,537.6,523.8,333.3,1.4,0.6,0.5,1.4,0.5,0.9,0.6,0.8,701.1,164.7,166.9,604.1,89.8,483.8,314.2,266.6,502.4,502.4,278.6,278.6,333.3,333.3,432,432,179.6,179.6,540.7,513.4,513.4,324.3,1.2,0.1,1.1,0,0.1,0.4,0.7,0.7,0.7,0,0.8,0.7,0,0.9,0,1,6.12574E-17
122,Normal,0.8,108509.8,3546.4,0.9,98494.4,230,229,229.1,133.4,132.6,132.2,5.6,6.1,5.4,60,1,39.3,43.4,32.5,0,37.5,0,0,0,0,0/0,0,0,0,2522,9,71.2,10.4,214.9,576.6,310.6,357.2,489.5,177.8,597.8,487.3,384.2,1.7,0.7,0.5,1.6,0.7,0.9,0.7,1,980.2,217.4,178.6,783.2,124.4,538,341.1,384.2,586.6,586.6,313,313,361.8,361.8,486.7,486.7,178.6,178.6,612.2,493.3,493.3,377.3,1.3,0.2,1.2,0,0.1,0.4,0.8,0.8,0.9,0,0.9,0.8,0,1.1,0,1,6.12574E-17
122,Normal,1.2,108510.2,4407.3,1,98494.5,230,229,229,133.3,132.6,132.2,10,10.6,9.2,60,1,41.5,43.8,32.9,0,39.4,0,0,0,0,0/0,0,0,0,2522,9,166.5,224.4,1.4,634.8,332.5,388.5,481.4,518,600.2,502.2,381.6,1.8,0.8,0.7,2,0.7,1.2,0.8,1.1,1142.6,266,271.9,962.8,362.6,720.2,401.7,419.7,606.8,606.8,336.6,336.6,380.3,380.3,474.7,474.7,504.5,504.5,582.9,509.5,509.5,381.6,1.4,0.3,1.3,0,0.1,0.5,0.9,1,0.8,0,1.2,0.9,0,1.2,0,1,6.12574E-17
122,Normal,1.6,108510.6,5260.6,1.4,98494.9,230.2,229.2,229.1,133.5,132.8,132.2,13.3,12.1,15,60,1,43.8,44.1,33.2,0,41.3,0,0,0,0,0/0,0,0,0,2522,10,417.6,227.3,107.1,628.5,343.8,422.7,522.6,491.5,567.2,483.9,422.4,2.1,1,0.6,2.2,0.8,1.5,0.8,1.3,1319.8,343.8,253.6,1149.7,393.2,850.8,387.1,549.1,602.1,602.1,340.6,340.6,409.8,409.8,508.3,508.3,476.8,476.8,551.7,478.8,478.8,422.6,1.5,0.6,1.6,0,0.1,0.5,1,1.2,0.9,0,1.4,1,0,1.3,0,1,6.12574E-17
122,Normal,2.1,108511.1,6361.5,1.8,98495.3,230.2,229.1,229.1,133.5,132.8,132.2,17.9,20.8,17.2,60,1,46.5,44.5,33.6,0,43.5,0,0,0,0,0/0,0,0,0,2522,10,26.7,18.7,220,621.6,421.5,467.2,579.2,424.7,583.1,464.3,496.9,2.4,1.3,0.6,2.4,1.1,1.6,1,1.4,1491.8,547.9,280.3,1390,467.1,932.9,464.3,695.6,606,606,415.3,415.3,461.2,461.2,565.2,565.2,420.2,420.2,564.7,479.6,479.6,511.7,1.6,0.6,1.8,0,0.1,0.5,1,1.4,1.1,0,1.6,1.1,0,1.4,0,1,6.12574E-17
122,Normal,2.6,108511.6,7178.1,2.2,98495.7,229.9,229,228.8,133.3,132.5,132.2,8.9,8.8,8.9,60,1,49.2,44.9,34.1,0,45.7,0,0,0,0,0/0,0,0,0,2522,9,13.3,160.6,109.3,608.5,426.2,487.9,561.7,419.8,560.3,483.9,546.5,2.8,1.5,0.8,2.8,1.3,1.9,1,1.6,1703.8,639.3,390.3,1572.7,545.7,1064.5,483.9,874.4,618.5,618.5,427.1,427.1,494.7,494.7,576.4,576.4,426.4,426.4,578.4,481,481,546.8,1.7,0.8,2,0,0,0.7,1.1,1.6,1.1,0,1.7,1.2,0,1.5,0,1,6.12574E-17
122,Normal,3.3,108512.3,8265.9,2.8,98496.3,230,229.1,229.2,133.5,132.6,132.3,22.7,20.4,24.4,60,1,52.1,45.4,34.5,0,48,0,0,0,0,0/0,0,0,0,2522,10,521.5,187.2,244.5,603.1,424.8,468.4,589.3,437.3,563.2,490.5,550.5,3.1,1.9,0.9,3,1.4,2.1,1.1,1.7,1869.6,807.1,421.5,1767.9,612.2,1182.7,539.5,935.8,602.8,602.8,420.5,420.5,464.4,464.4,583.5,583.5,429.6,429.6,553.5,504.9,504.9,591.2,1.8,1.1,2.3,0,0.1,0.9,1.1,1.9,1.3,0.1,2.1,1.3,0,1.7,0,1,6.12574E-17
122,Normal,4,108513,8677.4,3.4,98496.9,230,229.1,228.9,133.4,132.6,132.2,33.4,32,35.2,60,1,55,45.9,35.1,0,50.8,0,0,0,0,0/0,0,0,0,2522,9,273.1,132.4,97,616.5,432.3,481.1,568.6,439.5,545,478.2,593.9,2.8,1.5,1.1,2.9,1.6,1.9,1.2,1.7,1726.2,648.4,529.2,1648.9,703.2,1035.5,573.8,1009.6,601.9,601.9,427.7,427.7,477.7,477.7,558.7,558.7,437.8,437.8,542.9,470.7,470.7,589.6,1.8,0.8,2,0,0,1,1.2,1.6,1.4,0.1,1.8,1.4,0,1.8,0,1,6.12574E-17
122,Normal,4.8,108513.8,10786.7,4.1,98497.6,230.3,229.2,229.3,133.6,132.8,132.4,27.7,27.7,27.8,59.9,1,52.2,44.4,35.8,0,47.1,0,0,0,0,0/0,0,0,0,2522,10,39.1,7.1,50.2,637.2,459.7,516.6,581.8,449,579.4,463.4,564.2,3.8,2.5,1.2,3.9,2.3,2.7,1.6,2.1,2421.3,1149.2,619.9,2269,1032.7,1564.3,741.4,1184.8,634.1,634.1,453.5,453.5,523.4,523.4,581.3,581.3,449.4,449.4,585,463.3,463.3,563.1,2,1.6,2.9,0,0.1,1.1,1.3,2.5,2.2,0.1,2.5,1.8,0,2.2,0,1,6.12574E-17
122,Normal,5.8,108514.9,12150,4.8,98498.3,230.1,229.1,229,133.5,132.7,132.2,30.9,30.9,30.8,60,1,52.2,43.5,36.5,0,46.4,0,0,0,0,0/0,0,0,0,2522,9,24.9,16.2,111.9,641.8,443.9,538.2,577.3,478.9,607.6,457.3,579.8,4.3,2.8,1.3,4.3,2.6,3,1.9,2.3,2759.7,1242.9,699.6,2482.3,1245.1,1822.8,868.8,1333.5,639.9,639.9,441,441,550.9,550.9,576.8,576.8,472.9,472.9,611.7,448.3,448.3,582.2,2.1,2,3.2,0,0,1.2,1.5,2.8,2.5,0.1,2.9,2.1,0,2.3,0,1,6.12574E-17
122,Normal,6.8,108515.9,13202.5,5.9,98499.4,230.2,229.1,229.2,133.6,132.7,132.3,34.5,34.4,34.5,59.9,1,54.5,45.6,36.9,0,49.1,0,0,0,0,0/0,0,0,0,2522,9,23.4,3,17,625.7,469.8,525.7,588.5,477.6,583.6,466.1,603.3,4.7,3.1,1.5,4.6,2.7,3.2,2.1,2.5,2940.7,1456.3,788.5,2707.1,1289.5,1867.5,978.8,1508.2,625.1,625.1,475,475,525.6,525.6,588.3,588.3,471.5,471.5,588.3,465.2,465.2,603.7,2.2,2.4,3.4,0,0.1,1.4,1.5,3.1,2.8,0,3.1,2.3,0,2.4,0,1,6.12574E-17
122,Normal,8,108517.1,15272.6,6.8,98500.3,230.3,229.3,229.2,133.6,132.9,132.3,38.8,38.8,38.7,60,1,52.9,44.7,37.2,0,46.6,0,0,0,0,0/0,0,0,0,2522,9,17.7,2.2,35.2,643.4,510.2,558.5,571.2,488.3,615.8,442.2,618.4,5.2,3.4,1.6,5.3,3.1,3.5,2.9,2.8,3345.6,1734.6,893.6,3027.3,1513.7,2155.3,1282.3,1731.5,644.6,644.6,513,513,554.5,554.5,567.9,567.9,489.4,489.4,614.1,445.8,445.8,615.9,2.4,2.6,3.8,0,0.1,1.5,1.7,3.5,3.1,0,3.4,3,0,2.8,0,1,6.12574E-17
122,Normal,9.3,108518.4,16949.4,8.1,98501.6,230.4,229.3,229.2,133.6,132.9,132.3,43.2,43.2,43,60,1,52.9,44.5,37.6,0,46,0,0,0,0,0/0,0,0,0,2522,10,38.7,17.6,19.6,639.7,563.4,594.6,572.3,499.8,596.9,446.3,584.1,5.6,3.7,1.6,5.6,3.3,3.9,3.3,3.5,3582.3,2084.5,951.3,3204.8,1649.3,2327.9,1472.7,2044.3,636.4,636.4,562.2,562.2,598.3,598.3,575.2,575.2,504.2,504.2,593.2,452.4,452.4,584.7,2.4,3,4,0,0.1,1.5,1.8,3.8,3.4,0,3.8,3.4,0,3.5,0,0.965925826,-0.258819045
122,Normal,10.9,108519.9,19880.1,9.4,98502.9,229.8,230.1,228.9,133.1,133.1,132.5,50.3,50.2,50.1,60,1,49.7,42.5,38.1,0,42.9,0,0,0,0,0/0,0,0,0,2522,9,40.1,12.1,44,639.2,623,630,596.5,517.7,597.4,471.7,586.2,7.2,4.2,1.7,6.1,3.7,4.4,3.7,4,4602.2,2616.6,1071,3638.6,1915.4,2628.5,1745.2,2344.8,639,639,622.8,622.8,629.4,629.4,597.1,597.1,511.1,511.1,601.3,471.6,471.6,589.7,3.6,3.4,4.4,0,0.1,1.7,2,4.1,3.7,0,4.3,3.8,0,4,0,0.965925826,-0.258819045
122,Normal,12.5,108521.5,21608.2,10.8,98504.3,230.3,229.2,229.1,133.6,132.8,132.2,55,54.9,55,60,1,44.6,41.8,38.7,0,38.6,0,0,0,0,0/0,0,0,0,2522,9,26.9,15.1,49.5,642.3,642.5,624.8,574,515.8,626.4,479.7,582.4,7.7,4.4,1.8,7.4,3.9,4.5,4,4.3,4945.7,2827,1124.6,4247.6,2011.6,2818.8,1918.8,2504.3,641.2,641.2,641.6,641.6,625.3,625.3,574.3,574.3,512.9,512.9,626.8,479.4,479.4,586.9,3.8,3.7,4.5,0,0,1.8,3,4.4,4,0,4.4,4.1,0,4.3,0,0.965925826,-0.258819045
122,Normal,14.4,108523.4,24391.6,12.4,98505.9,230.6,229.4,229.3,133.7,133,132.4,62,61.8,61.7,60,1,45.6,41.9,39.2,0,38.6,0,0,0,0,0/0,0,0,0,2522,9,38.2,7.9,30.3,631,625.4,588.4,588.6,544,625.3,494.5,577.7,9.2,4.8,3,7.9,4.3,4.8,4.3,4.6,5805.2,3001.9,1765.2,4649.9,2339.2,3001.4,2126.3,2657.4,629,629,625.1,625.1,585.2,585.2,596.2,596.2,539.4,539.4,625.9,491.8,491.8,580.7,4.8,4.1,5,0,0.1,2.9,3.1,4.8,4.3,0,4.6,4.4,0,4.6,0,0.965925826,-0.258819045
122,Normal,16.6,108525.7,24668.2,14.6,98508.1,230.4,229.3,229.1,133.6,132.9,132.3,61.4,61.3,61.2,60,1,48.3,42.3,39.7,0,40,0,0,0,0,0/0,0,0,0,2522,9,3.2,35.1,31.9,629.8,622.4,550.5,605.9,533,621.4,527.7,594.6,8.8,4.4,3.9,7.6,4.1,5,4,4.6,5542.2,2738.5,2146.9,4604.8,2185.3,3107,2110.8,2735.1,635.2,635.2,635.5,635.5,550,550,603.8,603.8,529.4,529.4,622.4,527.5,527.5,594,5.4,4.4,5.2,0,0.1,4.4,3.4,5.1,4.7,0,5.1,4.6,0,4.8,0,0.965925826,-0.258819045
122,Normal,18.8,108527.9,29162.6,16.6,98510.1,230.6,229.3,229.2,133.7,133,132.2,72.9,72.6,72.7,60,1,49.8,42.9,40.2,0,40.7,0,0,0,0,0/0,0,0,0,2522,10,34.1,62.5,12.5,630.9,638.5,538.5,585.8,546.6,627.2,541.8,572.8,10.8,5.4,4.9,10,4.8,5.4,4.8,5,6813.7,3447.9,2638.6,5858,2623.6,3386.8,2600.6,2864,638.5,638.5,638.7,638.7,542.2,542.2,583,583,546.8,546.8,626.7,541.9,541.9,571.5,5.6,4.7,5.4,0,0,4.8,4.7,5.5,4.9,0,5.3,4.8,0,5.2,0,0.965925826,-0.258819045
122,Normal,21.4,108530.4,31536,18.7,98512.2,230.5,229.5,229.3,133.7,133,132.4,80,79.7,79.8,60,1,51.3,43.3,40.9,0,41.3,0,0,0,0,0/0,0,0,0,2522,9,43.3,19.3,3,622.1,627,536.9,575.2,542.3,615.2,531.7,569.5,11.8,6,5.3,10.9,5.3,6.2,5.3,5.7,7340.7,3762,2845.5,6269.6,2874.1,3814.2,2818,3246.1,617.5,617.5,632.6,632.6,538.7,538.7,573.8,573.8,545.4,545.4,615.8,529.9,529.9,577.4,6.2,5.1,6,0,0,5.2,5.2,5.8,5.3,0,6,5.3,0,5.6,0,0.965925826,-0.258819045
122,Normal,24.1,108533.1,34447.6,21.2,98514.7,230.7,229.7,229.4,133.8,133.1,132.5,87.5,87.1,87.3,60,1,54.3,44.2,41.7,0,43.3,0,0,0,0,0/0,0,0,0,2522,9,13.7,26.3,12.6,628,632.2,567.9,580.3,549.5,621.6,569.1,578.8,12.6,6.4,5.5,11.6,5.9,6.6,5.6,6.2,7912.8,4046,3123.4,6731.4,3242,4102.5,3186.9,3588.5,627.3,627.3,633.5,633.5,567,567,580.2,580.2,550.9,550.9,619.7,565.9,565.9,577.9,6.7,5.6,6.4,0,0,5.5,5.5,6.2,5.8,0,6.5,5.6,0,6.2,0,0.965925826,-0.258819045
122,Normal,26.7,108535.8,35951.8,23.7,98517.2,230.5,229.6,229.2,133.7,133,132.4,91.1,90.9,90.8,60,1,54.5,45.1,42.5,0,43.8,0,0,0,0,0/0,0,0,0,2522,10,39.3,28.4,10.8,627.4,621.2,568.2,571.1,557.5,627.2,565,575.8,13.1,6.7,5.6,12.2,6.1,6.8,5.9,6.6,8218.9,4162,3181.9,6967.4,3400.7,4264.9,3333.5,3800.2,627.7,627.7,625,625,566.4,566.4,575.2,575.2,554.1,554.1,627.4,568.5,568.5,577.5,7,5.8,6.7,0,0,5.6,5.8,6.5,6.1,0.1,6.6,5.9,0,6.6,0,0.965925826,-0.258819045
122,Normal,29.6,108538.7,37924.2,26.3,98519.8,230.8,229.6,229.4,133.9,133.2,132.4,96.1,95.8,95.8,60,1,57.4,46,43.4,0,45.1,0,0,0,0,0/0,0,0,0,2522,11,23.9,37.9,53.1,626.7,626.8,572,599.9,569.2,611.4,565,584.1,13.6,7,5.9,12.4,6.5,7.3,6.2,6.8,8523.1,4387.6,3374.8,7438.7,3699.8,4463.2,3503,3971.8,628.1,628.1,628.3,628.3,576.3,576.3,605.7,605.7,563.2,563.2,615.8,568.1,568.1,577.8,7.3,6,6.9,0,0,5.8,5.7,6.7,6.4,0.1,7.1,6.2,0,6.8,0,0.965925826,-0.258819045
122,Normal,33,108542,39621.5,29.3,98522.8,230.4,229.6,229.2,133.6,133.1,132.4,100.4,100,100.1,60,1,60.1,47.1,44.3,0,46.9,0,0,0,0,0/0,0,0,0,2522,10,0.3,28.9,9.3,626,626.1,579.7,594.9,599.5,615.9,581.7,577.7,14.2,7.3,6.1,13.1,6.7,7.6,6.4,7.2,8889.2,4570.5,3536.1,7793.1,4016.6,4680.8,3722.8,4159.4,624.3,624.3,629.2,629.2,578.2,578.2,599.4,599.4,600.1,600.1,614.4,577.3,577.3,578.7,7.6,6.3,7.2,0,0.1,6.1,6.1,7.1,6.5,0.2,7.4,6.4,0,7,0,0.965925826,-0.258819045
122,Normal,36.4,108545.5,41757.8,32.3,98525.8,230.4,229.5,229,133.6,133,132.3,105.4,105,105.2,60,1,59.4,48.2,45.5,0,46.5,0,0,0,0,0/0,0,0,26136,2522,10,3.6,4.3,75.6,618.6,627.4,571.2,589.9,578.7,627,592.8,580.7,15,7.6,6.6,14.1,7.2,8,6.8,7.5,9279,4768.2,3769.9,8317.5,4166.6,5016,4031,4355.2,617.1,617.1,625.9,625.9,567,567,590.7,590.7,580.4,580.4,622.8,593.8,593.8,575.8,7.9,6.8,7.5,0,0,6.6,6.6,7.5,6.9,0.1,7.8,6.7,0,7.4,0,0.965925826,-0.258819045
122,Normal,40,108549.1,43819.4,35.4,98528.9,230.2,229.2,228.7,133.5,132.9,132.1,110.9,110.7,110.9,60,1,60.7,49.3,46.4,0,46.8,0,0,0,0,0/0,0,0,26136,2522,11,23.5,38.2,8.4,629.2,616.8,600.4,594.3,619.9,621,597,586.3,15.5,7.9,6.7,14.9,7,8.4,6.9,7.7,9752.6,4872.7,4022.6,8855,4339.3,5216.4,4119.3,4514.5,621.7,621.7,627,627,597.6,597.6,591.5,591.5,615.2,615.2,617.1,592,592,584.9,8.3,7.1,7.8,0,0.1,6.7,6.9,7.8,7.1,0,8.3,7,0,7.6,0,0.866025404,-0.5
122,Normal,43.7,108552.7,45391.7,38.8,98532.3,230.2,229.4,228.8,133.4,133,132.2,114.8,114.6,114.8,60,1,58.6,50.3,47.3,0,46.3,0,0,0,0,0/0,0,0,26136,2522,12,2.6,16.5,19.2,626.1,616.6,616.1,588.1,611.8,625.9,611.2,567.8,16.1,8.2,7,15.6,7.2,8.6,7.2,8.2,10080.2,5056.1,4312.7,9174.3,4404.9,5382.7,4400.6,4655.9,629,629,617.7,617.7,613.7,613.7,592.7,592.7,611.2,611.2,628.7,609.6,609.6,568,8.4,7.3,8.2,0,0,7,7.1,8.2,7.4,0,8.3,7.2,0,8,0,0.866025404,-0.5
122,Normal,47.6,108556.7,46961.3,42.4,98535.9,230.1,229.1,228.8,133.4,132.9,132.1,118.5,118.8,119.3,60,1,60.6,51.2,48.1,0,46.2,0,0,0,0,0/0,0,0,26136,2522,12,118.4,126.7,104.9,625.4,615.6,615.6,578.9,612.2,625.2,617,573.4,16.8,8.3,7.3,16.3,7.4,8.8,7.5,8.4,10506.7,5109.4,4493.8,9436,4530.2,5501.7,4627.5,4816.5,627.6,627.6,613.8,613.8,613.8,613.8,576.1,576.1,610.1,610.1,617.6,616,616,572.2,8.7,7.7,8.5,0,0,7.3,7.6,8.5,7.7,0,8.7,7.5,0,8.3,0,0.866025404,-0.5
122,Normal,51.6,108560.6,49398.9,45.8,98539.3,230,228.8,228.6,133.4,132.7,131.9,125.2,124.8,125.1,60,1,60.2,52,48.8,0,46.8,0,0,0,0,0/0,0,0,26136,2522,11,52,33.4,85.5,616.8,620.8,616.4,584.8,613.4,635.3,616,568.2,17.7,8.8,7.7,17,7.9,8.9,8,9,10917.3,5463,4746.2,9941.6,4845.8,5654.1,4928,5113.8,616.4,616.4,617.9,617.9,618.3,618.3,584.9,584.9,611.7,611.7,632.3,617.8,617.8,568.3,9.3,8.1,8.9,0,0,7.7,7.9,8.9,8.1,0,8.8,7.8,0,8.9,0,0.866025404,-0.5
122,Normal,55.7,108564.7,47326,49.7,98543.2,229.9,228.8,228.3,133.2,132.7,131.8,120.1,119.9,120.2,60,1,58.4,52.9,49.9,0,45.9,0,0,0,0,0/0,0,0,26136,2522,12,53.7,13.3,64.9,623.5,604.6,619,583.6,609.6,635.6,615.7,572.2,16.7,8.7,7.3,16.2,7.8,8.4,7.7,8.4,10412.4,5260,4518.7,9454.3,4754.8,5339,4740.8,4806.4,617.2,617.2,610.3,610.3,622,622,588.5,588.5,614.2,614.2,631.1,615.1,615.1,568.5,8.7,7.7,8.5,0,0,7.2,7.5,8.4,7.7,0,8.4,7.5,0,8.4,0,0.866025404,-0.5
122,Normal,59.9,108569,51287.1,53.4,98546.9,230,228.8,228.5,133.4,132.7,131.9,129.9,129.7,130,59.9,1,61,53.7,50.6,0,46.5,0,0,0,0,0/0,0,0,26136,2522,13,100.3,4.7,46.9,619.5,611.8,612.9,586.8,599.5,631.9,608.2,573.2,18.1,9.3,8.1,17.5,8.6,9.1,8.4,9.2,11212.9,5689.7,4964.4,10269,5155.7,5750.2,5108.8,5273.4,618.2,618.2,614.8,614.8,616.1,616.1,582.6,582.6,599.8,599.8,637.8,607.9,607.9,566.5,9.6,8.2,9.2,0,0,8.1,8.3,9.1,8.6,0.1,8.8,8.3,0,9.2,0,0.866025404,-0.5
122,Normal,64.4,108573.4,54200.1,57.4,98550.9,229.7,228.7,228.5,133.2,132.6,131.9,137.4,137.3,137.5,60,1,60.5,54.5,51.4,0,46.6,0,0,0,0,0/0,0,0,26136,2522,12,50.6,50.2,15.8,619.2,612.4,606.2,581.7,605.9,638.1,605.4,564.3,19.2,10,8.7,18.6,9.2,9.4,9,9.8,11888.6,6124,5273.9,10819.6,5574.2,5998.1,5448.6,5530.1,623.2,623.2,612.5,612.5,607.5,607.5,584.5,584.5,605.5,605.5,641.6,607,607,569,10.1,8.6,9.8,0.1,0,8.7,8.7,9.6,9.1,0.1,9.1,8.9,0,9.7,0,0.866025404,-0.5
122,Normal,68.9,108578,54555.9,61.5,98555,230,229,228.7,133.4,132.8,132,138.2,137.8,138.2,60,1,59.4,55.4,52.3,0,45.9,0,0,0,0,0/0,0,0,26136,2522,13,31.2,43.6,69.6,613.1,612.3,605,579.1,602.1,633.5,605.5,561.5,19.6,10,8.9,18.9,9.2,9.5,9.1,9.9,12016.7,6123,5384.5,10944.9,5539.3,6018.2,5510,5558.8,612.7,612.7,606.2,606.2,604.7,604.7,578.8,578.8,606.5,606.5,635.1,604.3,604.3,561.4,10.3,8.9,9.9,0.1,0,9,8.9,9.8,9.1,0,9.3,9.1,0,9.7,0,0.866025404,-0.5
122,Normal,73.6,108582.6,57447.5,65.6,98559.1,229.9,228.8,228.3,133.2,132.8,131.8,145.6,145.3,145.7,60,1,62.2,56.3,53.1,0,47.4,0,0,0,0,0/0,0,0,26136,2522,13,31.8,18.1,28.6,615,609,599.1,587.4,590.5,624.8,602.9,565.5,20.6,10.6,9.7,19.7,9.7,10.3,9.6,10.4,12669,6455.4,5811.2,11571.7,5727.8,6435.4,5787.8,5881.2,614.9,614.9,611.9,611.9,598.6,598.6,587,587,594.5,594.5,629.5,603,603,564.2,10.7,9.5,10.3,0.1,0,9.7,9.1,10.3,9.8,0,10.1,9.5,0,10.3,0,0.866025404,-0.5
122,Normal,78.4,108587.5,57840,70,98563.5,229.5,228.5,228.2,133.1,132.6,131.7,147.2,146.8,147.1,60,1,63.3,57.5,54.1,0,48.3,0,0,0,0,0/0,0,0,26136,2522,14,43,31.8,36.3,613,604.4,596,582.7,585.3,631.7,594.4,557.6,21,10.7,9.9,20.1,9.9,10.2,10,10.7,12873,6467,5900.4,11712.2,5794.4,6443.3,5944,5966.3,615.1,615.1,606.6,606.6,601.2,601.2,583.6,583.6,584.2,584.2,630.1,593.4,593.4,558.4,10.8,9.7,10.4,0,0,9.9,9.3,10.6,10,0,10,9.8,0,10.6,0,0.866025404,-0.5
122,Normal,83.4,108592.4,59494.7,74.8,98568.3,229.8,228.5,228.3,133.3,132.6,131.7,151.2,150.9,151.1,60,1,64.3,58.8,55.3,0,49,0,0,0,0,0/0,0,0,26136,2522,14,15.7,30.5,70.9,604.6,596.4,595.5,582.5,593.1,632.7,592,557.6,22,11.1,10.3,20.8,10,10.2,10.3,11.1,13301.2,6620,6133.6,12116,5931,6453.5,6097.6,6189.3,604.5,604.5,600.9,600.9,595.3,595.3,582.2,582.2,591.7,591.7,634.3,590.8,590.8,553.9,11.4,10.3,10.9,0,0,10.4,9.7,11,10.2,0,10.1,10.2,0,11,0,0.866025404,-0.5
122,Normal,88.5,108597.6,61337.5,79.1,98572.6,229.5,228.4,228.2,133.1,132.5,131.7,155.4,155.2,155.5,60,1,65.6,59.9,56.3,0,49.7,0,0,0,0,0/0,0,0,26136,2522,14,55.8,24.1,66.3,600,605.7,589.2,581.9,581.6,636.7,596.6,561.1,22.7,11.3,10.7,21.5,10.6,10.3,10.6,11.4,13620,6844.4,6304.4,12510.8,6164.9,6558,6323.9,6396.5,602.9,602.9,605.5,605.5,593.9,593.9,585.8,585.8,583.6,583.6,640.1,597.5,597.5,557.8,11.7,10.5,11,0,0,10.7,9.7,11.3,10.7,0,9.9,10.4,0,11.3,0,0.866025404,-0.5
122,Normal,93.7,108602.7,61435.8,84,98577.5,229.2,228,227.8,133,132.3,131.4,156.2,156,156.2,60,1,66.5,61.1,57.3,0,50.9,0,0,0,0,0/0,0,0,26136,2522,15,81.5,74.2,7.3,604.8,590.9,594.2,579.3,574.2,640.7,594.2,552.9,22.5,11.5,10.5,21.6,10.9,9.8,10.6,11.7,13608,6795.3,6239.1,12512.8,6258.7,6278.8,6298.5,6468.9,600.4,600.4,590.9,590.9,593.9,593.9,579.2,579.2,577.3,577.3,643.6,591.9,591.9,554.8,11.9,10.5,11.5,0,0,10.6,10.1,11.3,10.9,0,9.6,10.6,0,11.5,0,0.707106781,-0.707106781
122,Normal,98.9,108608,63769,88.7,98582.2,229.1,228.2,227.7,132.8,132.4,131.5,161.9,161.8,162.2,60,1,67.2,62,58.2,0,51.4,0,0,0,0,0/0,0,0,26136,2522,15,69.2,132.8,63.5,599,599,589.9,578.2,589.8,589.7,598.1,556,23.3,11.9,10.8,22.1,10.6,12.4,10.8,11.8,13956.7,7128.1,6370.9,12778.2,6251.8,7312.2,6459.4,6560.8,591.6,591.6,601,601,593.8,593.8,580,580,593.3,593.3,590.2,599.5,599.5,555.6,12.1,10.9,11.5,0.2,0,10.9,10.3,11.6,10.9,0,12.1,10.6,0,11.4,0,0.707106781,-0.707106781
122,Normal,104.4,108613.4,64649.9,93.6,98587.1,229.1,228.1,227.8,132.9,132.3,131.4,164.3,163.9,164.5,60,1,68,63,59,0,52.2,0,0,0,0,0/0,0,0,26136,2522,15,4.4,0.8,1.2,597.9,597.9,594.2,577.9,576.5,591.9,589.3,550.4,23.8,12,11.1,22.6,10.9,12.4,11.2,12.1,14230,7174.8,6595.6,13060.5,6283.8,7339.5,6600.1,6659.8,596.1,596.1,596.1,596.1,593.7,593.7,577.4,577.4,579.3,579.3,585.3,591,591,550.4,12.3,11.1,11.7,0.2,0,11.1,10.5,11.8,11.3,0,12.2,11,0,11.9,0,0.707106781,-0.707106781
122,Normal,109.9,108619,66424.9,98.5,98592,228.9,227.9,227.4,132.7,132.3,131.2,169,168.6,169.1,60,1,68.5,63.8,59.6,0,52.1,0,0,0,0,0/0,0,0,26136,2522,15,97.9,7,63.7,585,600.6,590.5,575.5,586.6,600.3,590.8,546.9,24.9,12.3,11.6,23.3,11.2,12.4,11.5,12.6,14566.5,7387.3,6849.8,13409.1,6569.9,7443.7,6794.2,6890.9,589.7,589.7,600.6,600.6,588.9,588.9,574,574,584.9,584.9,600.3,599.2,599.2,550.2,12.7,11.7,12,0.2,0,11.8,10.9,12.3,11.6,0,12.2,11.2,0,12.3,0,0.707106781,-0.707106781
122,Normal,115.6,108624.6,67273.1,103.7,98597.2,228.8,227.7,227.3,132.7,132.1,131.2,171.4,171.1,171.5,60,1,70.5,64.9,60.5,0,53.5,0,0,0,0,0/0,0,0,26136,2522,16,49.3,45.3,48.4,593.5,588.5,584.4,572.9,575,615.3,578.5,548.9,25.2,12.7,12.1,23.8,11.7,12.3,12,12.8,14956.2,7473.9,7071.2,13635,6727.5,7568.1,6942,7025.9,596.5,596.5,593.3,593.3,584.5,584.5,576.1,576.1,578.9,578.9,609.9,580.8,580.8,549.3,12.8,11.9,12.3,0,0,12.2,10.9,12.5,11.8,0,12.1,11.7,0.1,12.6,0,0.707106781,-0.707106781
122,Normal,121.3,108630.3,68269.2,108.8,98602.3,228.7,227.5,227.1,132.6,132.1,131,174,173.7,174,60,1,71.7,66.1,61.6,0,54.2,0,0,0,0,0/0,0,0,26136,2522,15,33,88.7,50.8,597.9,578.4,579.5,572.9,585.1,615.3,588.3,549.6,25.4,12.9,12.2,24.1,11.8,12.7,12,13.1,15186.6,7461.3,7069.9,13806.8,6904.1,7814.3,7059.6,7199.7,597.8,597.8,578.3,578.3,579.2,579.2,573,573,585.3,585.3,615.2,588.4,588.4,551.1,12.9,12.2,12.7,0,0,12.4,11.2,12.6,12,0,12.4,11.7,0.1,12.9,0,0.707106781,-0.707106781
122,Normal,127.1,108636.2,68071.7,114.2,98607.7,228.7,227.8,227.3,132.6,132.1,131.2,173.9,172.8,173.1,60,1,72.4,67.3,62.8,0,55,0,0,0,0,0/0,0,0,26136,2522,16,23.2,83.2,60,596.1,579.6,582,573.6,587.5,626.8,587,550.2,25.4,13,12.1,24.1,12,12,12.2,13.2,15140.9,7534.8,7042.2,13823.7,7050,7521.6,7161.4,7262.6,597.9,597.9,580.1,580.1,583.9,583.9,573.8,573.8,585.7,585.7,624.2,590.7,590.7,548,12.9,12,12.6,0.1,0,12.2,11.2,12.7,11.9,0.2,11.8,11.7,0.1,13,0,0.707106781,-0.707106781
122,Normal,133.1,108642.1,70632.8,119.9,98613.4,228.6,227.6,226.9,132.4,132.1,131,180,179.8,180.3,60,1,73.9,68.4,63.9,0,55.7,0,0,0,0,0/0,0,0,26136,2522,17,7.6,23.3,3.5,595.2,589.4,580.2,562.8,572,612.3,583.3,552.1,26.4,13.2,12.5,25.5,12.6,13.3,12.6,13.5,15713.2,7780,7252.5,14351.4,7207.2,8143.5,7349.5,7453.3,595.4,595.4,588.7,588.7,575.8,575.8,565,565,567.8,567.8,616.8,581.5,581.5,545.4,13.4,12.4,12.9,0.1,0,12.7,11.9,13.3,12.6,0,12.9,12.3,0.1,13.5,0,0.707106781,-0.707106781
122,Normal,139,108648.1,72891.1,125.4,98618.9,228.5,227.3,226.9,132.5,132,130.9,185.7,185.7,186.1,60,1,74.6,69.4,64.5,0,55.8,0,0,0,0,0/0,0,0,26136,2522,17,99,117,95.7,589.3,580.8,574.4,577.6,577,588.9,574.7,539.7,27.5,13.9,13.1,25.6,12.7,14.7,13.1,14.3,16205.7,8073.1,7524.6,14786.5,7327.9,8656.8,7528.5,7717.7,590.4,590.4,579.9,579.9,578.6,578.6,571.6,571.6,570.7,570.7,590,568.5,568.5,533.7,13.9,13.1,13.5,0.2,0,13.1,11.9,13.8,13,0,14.5,12.8,0.1,14.1,0,0.707106781,-0.707106781
122,Normal,145.2,108654.2,74020.3,130.9,98624.4,228.4,227.6,226.8,132.3,132.1,130.9,189,188.7,189.1,60,1,76.5,70.8,65.7,0,57.2,0,0,0,0,0/0,0,0,26136,2522,17,115.5,92,38.8,579.6,588.3,571.7,570.9,570,588,579.6,546.1,28.6,13.8,13.4,26.6,13,14.9,13.2,14.5,16576.5,8118.5,7660.7,15185.9,7410,8761.2,7650.7,7918.4,575.9,575.9,586.5,586.5,576,576,572.8,572.8,566.5,566.5,586.2,578.2,578.2,547.9,14.3,13.9,13.5,0.1,0,13.5,12,14.3,13.3,0,14.9,12.9,0.1,14.2,0,0.707106781,-0.707106781
122,Normal,151.6,108660.6,76538.1,136.7,98630.2,228.2,227.3,226.5,132.2,132,130.8,195.3,194.9,195.4,60,1,78.2,71.9,66.7,0,57.8,0,0,0,0,0/0,0,0,26136,2522,19,57.5,93.8,36.3,593.5,568.9,570,568.8,592.8,593.1,564.4,536.6,28.8,14.5,13.9,27.6,12.9,15.3,13.9,15.3,17092.8,8249,7923,15698.8,7647.1,9074.4,7845.1,8209.9,561,561,567.7,567.7,567.1,567.1,574.6,574.6,578.1,578.1,578.4,569.5,569.5,537.1,14.9,14.3,14.2,0.1,0,14,12.3,14.7,13.5,0,15.6,13.5,0.1,15.2,0,0.707106781,-0.707106781
122,Normal,157.9,108667,76567.8,142.7,98636.2,228.4,227.5,226.7,132.3,132.1,130.9,195.4,195,195.6,60,1,76.4,73.2,68,0,56.9,0,0,0,0,0/0,0,0,26136,2522,20,41.8,118.4,76.6,605.8,584.8,554.8,599.2,605,573.8,563.7,531.7,28.4,14.7,14.3,24.9,12.8,16.2,14.1,15.5,17204.7,8596.5,7933.6,14920,7744,9295.5,7948.1,8241.3,608.1,608.1,584.6,584.6,549,549,602.2,602.2,607.3,607.3,573.7,564.9,564.9,541,14,13.5,14.5,0.2,0,14.6,10.2,14.4,12.5,0,16.2,13.9,0,15.2,0,0.707106781,-0.707106781
122,Normal,164.4,108673.4,76525.3,148.5,98642,228.3,227.3,226.5,132.3,132,130.8,195.4,195,195.7,60,1,78.2,74,68.7,0,56.8,0,0,0,0,0/0,0,0,26136,2522,18,89,43.3,36,612,611.8,612.6,611.3,611.1,611.5,610.8,609.9,29.4,14.3,13.3,24,13.4,15.6,13.5,9.9,17992.8,8748.7,8147.5,14671.2,8188.7,9539.4,8245.8,6038,611.3,611.3,611.2,611.2,612,612,610.6,610.6,610.5,610.5,610.9,610.1,610.1,609.2,14.6,14.4,13.7,0.4,0,13.5,9.4,14.4,13.5,0,15.5,13.3,0,9.9,0,0.5,-0.866025404
122,Normal,168.4,108677.5,38589,152.2,98645.7,225.5,224.5,224.1,130.7,130.3,129.4,99.7,99.3,99.4,60,1,59.4,72.9,68.4,0,51.9,0,0,0,0,0/0,0,0,26136,2522,18,64.2,46.5,54.5,576.8,571.3,571.4,568.6,583.2,592.1,585.3,529.2,15.2,7.4,6.7,13.6,6.6,8.1,6.5,7.9,8767.3,4227.6,3828.3,7732.9,3849.1,4796,3804.4,4180.6,574.9,574.9,566.8,566.8,570.3,570.3,567.2,567.2,575.5,575.5,593.6,595.5,595.5,532.1,7.6,7.3,7.3,0,0,6.8,6.2,7.4,6.5,0.2,7.9,6.4,0,7.9,0,0.5,-0.866025404
122,Normal,171.4,108680.5,31870.2,155,98648.5,225.3,224.1,223.6,130.5,130,129.1,82.9,82.5,82.6,60,1,54.2,69.8,66.2,0,48.2,0,0,0,0,0/0,0,0,26136,2522,18,35.1,40.9,72.5,596.3,592.2,584.1,562.7,580.7,594.9,603,555.9,12.4,5.9,5.6,11.3,5.2,6.7,5.3,6.2,7394.1,3493.9,3270.9,6358.5,3019.6,3985.8,3195.9,3446.5,592.9,592.9,588.9,588.9,586.6,586.6,565.7,565.7,579.1,579.1,596.9,600.7,600.7,549.3,6.2,5.8,5.9,0,0,5.6,5.2,6.1,5.2,0,6.5,5.1,0,6.3,0,0.5,-0.866025404
122,Normal,174,108683,29292,157.3,98650.8,224.7,223.6,223.3,130.3,129.7,128.9,76,75.9,76,60,1,51.7,65.9,63.1,0,46.2,0,0,0,0,0/0,0,0,26136,2522,15,61.2,36.8,24.3,600.9,594.5,587.5,572.8,600.9,599.1,608.6,548.3,11.3,5.5,5.1,10,4.9,6,4.9,5.6,6790.1,3269.7,2996.2,5728,2944.4,3594.6,2982.1,3070.4,605.3,605.3,594.7,594.7,585.7,585.7,574.4,574.4,601.6,601.6,605.2,600,600,553.3,5.6,5.2,5.4,0,0,5.1,4.7,5.3,4.7,0.1,5.7,4.8,0,5.6,0,0.5,-0.866025404
122,Normal,176.8,108685.8,61271.4,160,98653.5,226.5,225.6,224.9,131.3,130.9,129.8,159.3,159,159.6,60,1,57.7,62.9,60.4,0,46.1,0,0,0,0,0/0,0,0,26136,2522,13,103.9,37.4,27.5,613.6,590.5,601.2,570,596.8,603.2,597.7,554.6,25.5,9.5,10.5,20.5,11,12,11.1,9.6,15646.8,5609.7,6312.6,11685,6564.8,7238.4,6634.4,5324.1,617.4,617.4,593.3,593.3,606.6,606.6,575,575,599.6,599.6,608,601.1,601.1,553.1,12.1,13.1,9.5,0,0,10.4,11.8,8.4,11.2,0,11.6,10.6,0,9.9,0,0.5,-0.866025404
122,Normal,182.9,108691.9,67210.1,165.4,98658.9,227.2,226.2,225.4,131.6,131.3,130.2,177.5,177.2,177.5,60,1,73.6,63.7,60.3,0,54,0,0,0,0,0/0,0,0,26136,2522,15,93.4,19.9,127.5,587,589.7,579.2,594.5,601.8,613.5,594.6,576,27,14.2,13.1,23.9,11.3,12.2,12.2,12.6,15849,8373.7,7587.5,14208.5,6800.3,7484.7,7254.1,7257.6,587.2,587.2,587.8,587.8,579.3,579.3,594.3,594.3,605.2,605.2,613.8,596.4,596.4,573.7,14.9,12.7,14.5,0.1,0,13.8,10.2,14.4,12,0,12.2,12.4,0.1,12.7,0,0.5,-0.866025404
122,Normal,188.7,108697.8,73967.7,170.8,98664.3,227.2,226.5,225.6,131.6,131.4,130.4,189.7,189.4,189.9,60,1,76.4,65.9,61.7,0,55.4,0,0,0,0,0/0,0,0,26136,2522,14,19.7,41.5,21.8,617.4,617.3,618.1,616.6,616.6,617,616.3,615.4,27.9,13.6,13.1,22.5,13.1,14.5,13.4,9.3,17225.4,8395.2,8097.1,13873.5,8077.4,8946.5,8258.4,5723.2,617,617,616.9,616.9,617.8,617.8,616.3,616.3,616.3,616.3,616.6,616.1,616.1,615.2,13.9,13.6,13.2,0.2,0,13.3,8.8,13.4,13.3,0,14.3,13,0.1,9.2,0,0.5,-0.866025404
122,Normal,194.2,108703.2,55875,175.8,98669.3,225.7,225,224.5,130.9,130.5,129.6,143.6,143.3,143.8,60,1,67.9,67.8,63.5,0,55,0,0,0,0,0/0,0,0,26136,2522,16,102.6,25,107.5,555.9,561,570.5,515.6,586.5,548.4,565.6,511.4,23.4,11.8,9.9,21,9.5,11.4,9.9,10.9,13008,6619.8,5647.9,10827.6,5571.7,6251.7,5599.4,5574.2,555.4,555.4,557.1,557.1,573.4,573.4,518.7,518.7,583.6,583.6,548,567.7,567.7,507.6,13.6,11.3,12.6,0.1,0,11.6,9.9,12.2,10.2,0,11.3,10.9,0.1,10.3,0,0.5,-0.866025404
122,Normal,200.1,108709.2,76162.8,181.1,98674.6,227,226.1,225.5,131.6,131.1,130.2,195.3,195,195.6,60,1,76.1,69.3,65.1,0,56.7,0,0,0,0,0/0,0,0,26136,2522,18,96.8,105.5,23.3,613,612.9,613.7,612.3,612.2,612.5,611.8,610.9,29.2,14.3,13.6,23.7,13.3,15,13.6,9.9,17899.6,8764.4,8346.3,14511.5,8142.2,9187.5,8320.4,6047.9,609.9,609.9,609.8,609.8,610.6,610.6,609.2,609.2,609.1,609.1,609.5,608.8,608.8,607.9,14.5,14.3,13.8,0.3,0,13.7,9.5,14.3,13.5,0,15,13.3,0.1,10.1,0,0.5,-0.866025404
122,Normal,206.5,108715.5,76229.8,186.9,98680.4,227.3,226.5,225.6,131.7,131.5,130.3,195.3,195,195.5,60,1,80.5,71.1,66.4,0,58.4,0,0,0,0,0/0,0,0,26136,2522,16,77.9,53.3,36.2,611.7,611.5,612.3,610.9,610.8,611.2,610.6,609.7,29.8,14.1,13.9,23.6,13.6,15.2,13.8,9.5,18228.6,8622.1,8510.9,14417.2,8306.8,9290.2,8426.2,5792.1,611.6,611.6,611.4,611.4,612.2,612.2,610.8,610.8,610.7,610.7,611.1,610.6,610.6,609.6,14.5,14.9,13.7,0.2,0,14,8.9,14.3,13.8,0,15,13.6,0,9.4,0,0.5,-0.866025404
122,Normal,212.8,108721.8,48233.4,192.9,98686.4,225.9,224.8,224.3,130.9,130.5,129.4,134.3,134,134.3,60,1,74.6,72.9,68,0,59.4,0,0,0,0,0/0,0,0,26136,2522,19,32.2,82.9,50.7,553.5,562.6,571.2,560.1,566.2,567.8,551.9,576.9,21.6,10.2,10,18.9,10,10.9,9.9,7.6,11955.6,5738.5,5712,10585.8,5662,6189,5463.8,4384.4,552.5,552.5,562.8,562.8,570.7,570.7,559.6,559.6,565.9,565.9,571,548.8,548.8,577.4,10.1,10.5,9.4,0.1,0,10,9.3,9.4,10.2,0,11.4,10.2,0,8.5,0,0.5,-0.866025404
122,Normal,216,108725,29243,196,98689.5,224.4,222.3,223,130.3,129.1,128.4,76.2,75.9,76.1,60,1,55.7,71.8,67.5,0,50.9,0,0,0,0,0/0,0,0,26136,2522,18,47.3,20.3,27,592.7,577.7,562.6,556.7,572.6,592.6,578.5,539.3,11.8,5.6,5.4,10.6,5,6.2,5,6.2,6993.8,3235.1,3038,5901,2863,3674.1,2892.5,3343.6,581.1,581.1,572.2,572.2,567.9,567.9,560.1,560.1,567.4,567.4,596.1,583,583,538,5.9,5.7,5.6,0,0,5.4,4.8,5.8,4.9,0.1,6,4.9,0,6.2,0,0.5,-0.866025404
122,Normal,220.5,108729.6,74003.3,200,98693.5,226.7,225.6,224.9,131.3,131,129.8,190.3,189.9,190.4,60,1,74.7,69.2,65.8,0,54.2,0,0,0,0,0/0,0,0,26136,2522,16,14.2,201.6,187.4,623.5,623.5,624.3,622.8,622.8,623.1,623.5,622.5,28.2,13.1,13.1,22,13,14.8,13.1,8.9,17582.7,8167.8,8178.3,13701.6,8096.4,9221.8,8167.8,5540.2,629.2,629.2,629.1,629.1,629.9,629.9,628.4,628.4,628.4,628.4,628.7,628.1,628.1,627.2,13.8,13.8,12.9,0.2,0,13.3,7.8,13.6,13.2,0,14.4,12.9,0.1,8.4,0,0.258819045,-0.965925826
122,Normal,226.6,108735.6,73979.7,205.7,98699.2,227,225.9,225.2,131.5,131.2,130,189.9,189.6,190.2,60,1,79.1,70.3,66.1,0,57.7,0,0,0,0,0/0,0,0,26136,2522,16,46.4,132,85.6,618.7,596.3,615.4,617.9,610.9,618.3,609.7,569.6,28,13.6,13.3,19.9,13.5,14.6,13.6,13.8,17323.6,8109.6,8184.8,12296.2,8247.1,9027.1,8291.9,7860.4,618.8,618.8,618.7,618.7,582.7,582.7,618,618,586.1,586.1,609.1,592.1,592.1,562.7,12.4,14.2,11,0.1,0,15.3,7.7,11.5,15.1,0,14.7,14.2,0.2,14.5,0,0.258819045,-0.965925826
122,Normal,233,108742,76092.1,211.4,98704.9,227.4,226.1,225.7,131.8,131.3,130.2,195.4,194.9,195.5,60,1,81.5,72,67.2,0,59.2,0,0,0,0,0/0,0,0,26136,2522,19,37.1,56.7,19.6,615.4,615.3,616.2,614.7,614.7,615.1,614.2,588.9,28.5,13.4,13.3,21.5,13.2,14.6,13.2,12.4,17538.9,8245,8195.4,13216,8114,8980.4,8107.4,7302.3,613.8,613.8,613.7,613.7,614.5,614.5,613,613,613,613,613.4,612.8,612.8,587,14,14.4,13.2,0.2,0,13.6,7.6,14.1,13.4,0,14.7,13.1,0,12.6,0,0.258819045,-0.965925826
122,Normal,238.9,108748,38388.2,217,98710.5,224.4,223.4,223.1,130.1,129.6,128.7,109.6,109.2,109.2,60,1,68.3,73.5,68.4,0,58.7,0,0,0,0,0/0,0,0,26136,2522,18,9.6,6.7,32.1,591.7,531.4,533.8,527.3,548.6,537.7,561.5,509.1,15.7,10.1,7.6,16.9,7,8,6.9,9.2,9289.6,5367.1,4056.8,8911.3,3840.2,4301.6,3874.3,4683.7,594.7,594.7,527.6,527.6,531.9,531.9,523.7,523.7,547,547,538.9,559.4,559.4,505.6,10.1,7.3,10.7,0.1,0,9.1,7.4,10.4,7.6,0.1,8.1,8,0,10.2,0,0.258819045,-0.965925826
122,Normal,245.1,108754.1,76074.4,222.7,98716.2,226.9,226,225.2,131.4,131.2,130,195.4,194.9,195.5,60,1,80.1,74.3,69.4,0,58.6,0,0,0,0,0/0,0,0,26136,2522,18,58.6,54.7,38.5,604,603.8,604.7,603.3,603.2,603.5,603,602.1,30,14.5,13.8,23.8,13.8,15.6,12.9,9.9,18120,8755.1,8344.8,14358.5,8324.1,9414.6,7778.7,5960.7,603.9,603.9,603.7,603.7,604.5,604.5,603.1,603.1,603.1,603.1,603.4,603.2,603.2,599.4,14.7,14.7,13.8,0.5,0,13.9,8.8,14.7,14,0,15.6,12.7,0,9.7,0,0.258819045,-0.965925826
122,Normal,250,108759.1,33647.6,227.2,98720.7,224.7,222.4,223.1,130.4,129.2,128.3,87.9,87.6,87.5,60,1,61,74.4,69.7,0,55.2,0,0,0,0,0/0,0,0,26136,2522,18,67.3,11.8,32.1,579.8,575.1,545.8,531.7,546.3,568.7,557.5,533.9,13.3,6.6,6.1,12.8,6.2,7.3,6.1,7,7711.3,3795.6,3329.3,6805.7,3387,4151.5,3400.7,3737.3,576.7,576.7,562.9,562.9,537.5,537.5,539.6,539.6,546.7,546.7,576.5,576.6,576.6,530.9,6.6,6.3,6.4,0.2,0,6.2,5.7,6.9,6,0,7,5.8,0,7,0,0.258819045,-0.965925826
122,Normal,254.6,108763.6,75881.6,231.3,98724.8,226.3,225.3,224.6,131.1,130.8,129.7,195.3,195,195.5,60,1,77.1,72.7,68.7,0,56.1,0,0,0,0,0/0,0,0,26136,2522,18,41.6,76.1,34.4,623.2,623.2,624.1,622.5,622.5,622.9,622.3,621.4,29.1,13.8,13.6,22.5,13.6,15.4,12.8,9.4,18135.1,8600.1,8487.7,14006.2,8466,9592.6,7965.4,5841.1,623.2,623.2,623.2,623.2,624,624,622.5,622.5,622.5,622.5,622.8,622.2,622.2,621.3,14.2,14.4,13.4,0.3,0,13.7,7.9,14.3,13.7,0,15.2,12.7,0,9.3,0,0.258819045,-0.965925826
122,Normal,260.7,108769.8,73963.1,237,98730.5,225.9,224.9,224.4,131,130.5,129.5,190.7,190.4,190.9,60,1,80.9,73.2,68.6,0,59.3,0,0,0,0,0/0,0,0,26136,2522,19,44,33.9,10,620.4,620.3,621.1,619.6,619.6,620,619.4,618.4,28.8,13.6,13.3,21.4,13.2,15.1,13.3,8.4,17867.5,8436,8260.6,13259.4,8178.7,9362,8238,5194.5,620.4,620.4,620.3,620.3,621.1,621.1,619.5,619.5,619.6,619.6,619.9,619.3,619.3,618.3,14,14.4,13.1,0.3,0,13.4,7.1,14.1,13.4,0,15,13.2,0,8.4,0,0.258819045,-0.965925826
122,Normal,266,108775,75746.2,241.7,98735.2,225.9,224.9,224.3,130.9,130.6,129.5,195.5,195,195.5,60,1,70.9,73.6,68.7,0,56.7,0,0,0,0,0/0,0,0,26136,2522,17,86.9,69.1,156.1,616.4,616.2,617.1,615.6,615.6,615.9,615.4,614.5,29.6,14.3,13.7,22.6,13.4,14.3,13.9,9.4,18245.4,8811.6,8454.2,13912.5,8249,8807.3,8554,5776.3,617.2,617.2,617.1,617.1,617.9,617.9,616.4,616.4,616.4,616.4,616.8,616.3,616.3,615.3,14.5,14.6,13.5,0.4,0,13.8,7.8,14.4,13.7,0,14.5,13.6,0,9.2,0,0.258819045,-0.965925826
122,Normal,272.5,108781.6,74789.5,247.8,98741.3,226.3,225.4,224.8,131.2,130.8,129.8,193,192.5,193.1,60,1,80.9,74,68.9,0,59.4,0,0,0,0,0/0,0,0,26136,2522,17,71.6,91.4,55.1,609.1,609,609.8,608.3,608.3,608.7,608,607.1,29.5,14.1,13.4,22.9,13.5,15.3,13.6,9,17968.4,8586.9,8171.3,13930,8212,9313.1,8268.8,5463.9,612.9,612.9,612.7,612.7,613.6,613.6,612.1,612.1,612.1,612.1,612.4,611.8,611.8,610.9,14.1,14.5,13.2,0.4,0,13.3,7.5,14,13.4,0,14.7,13.3,0,8.3,0,0.258819045,-0.965925826
122,Normal,278.7,108787.8,75974.4,253.5,98747,226.6,225.5,225,131.4,130.9,129.8,195.2,195,195.6,60,1,81.4,75.1,69.8,0,59.5,0,0,0,0,0/0,0,0,26136,2522,18,69.4,36.9,102.6,606.6,606.5,607.3,605.9,605.8,606.2,605.5,604.6,30.1,14.4,13.9,23.2,13.7,15.4,14.1,9.2,18258.6,8733.6,8441.4,14056.8,8299.4,9335.4,8537.5,5562.3,606.5,606.5,606.4,606.4,607.3,607.3,605.8,605.8,605.8,605.8,606.1,605.5,605.5,604.6,14.6,15.1,13.6,0.5,0,14,8.3,14.6,14.1,0,15.3,13.8,0.1,9.2,0,0.258819045,-0.965925826
122,Normal,285.1,108794.1,75363.3,259.2,98752.7,227,224.6,225,131.7,130.7,129.4,194.8,194.3,194.8,60,1,81,76.3,70.9,0,59.9,0,0,0,0,0/0,0,0,26136,2522,18,16.9,95.7,98.7,606.2,606.1,607,605.5,605.5,605.9,605.2,604.3,30.1,14.3,13.9,23.1,13.8,15.3,14.2,8.9,18246.6,8667.2,8437.3,13987,8355.9,9270.2,8593.8,5378.2,605.8,605.8,605.7,605.7,606.5,606.5,605.1,605.1,605,605,605.4,604.8,604.8,603.9,14.5,15.2,13.6,0.5,0,14.2,8.1,14.8,14.1,0,15.2,13.8,0.2,9,0,0.258819045,-0.965925826
122,Normal,291.1,108800.2,70117.4,265,98758.5,226,225,224.6,131.1,130.6,129.6,181.7,181.2,181.8,60,1,80.5,77.2,72.1,0,60,0,0,0,0,0/0,0,0,26136,2522,19,91.3,39.6,18.7,610.2,610.1,611,609.4,609.5,609.8,609.2,608.2,28.2,13.3,13.3,20.4,13.3,14.6,13.4,7.6,17207.6,8114.3,8126.3,12431.7,8106.3,8903,8163.2,4622.3,609.6,609.6,609.5,609.5,610.4,610.4,608.8,608.8,608.9,608.9,609.2,608.7,608.7,607.7,13.6,14.3,12.7,0.5,0,13.5,6.7,13.7,13.3,0,14.4,13.1,0.1,7.7,0,1.22515E-16,-1
122,Normal,297.2,108806.2,67957.4,270.4,98763.9,226.3,224.9,224.6,131.2,130.6,129.5,176.1,175.8,176.3,60,1,80.6,77.5,72.2,0,60.1,0,0,0,0,0/0,0,0,26136,2522,20,59.4,12.9,23.1,614.7,614.7,615.6,614,614.1,614.4,613.7,612.8,27,12.9,12.7,19.2,12.6,14.3,12.8,7.8,16596.9,7929.6,7818.1,11788.8,7737.6,8785.9,7855.3,4779.8,614.3,614.3,614.3,614.3,615.1,615.1,613.5,613.5,613.6,613.6,614,613.3,613.3,612.3,13.1,13.6,12.3,0.4,0,12.8,6,13.2,12.7,0,14.1,12.5,0.2,7.8,0,1.22515E-16,-1
122,Normal,303.4,108812.4,75020.3,276.2,98769.7,227.1,225.9,225.6,131.7,131.1,130.1,193.3,193.1,193.7,60,1,81.2,78,72.7,0,60.3,0,0,0,0,0/0,0,0,26136,2522,19,113.1,105.8,20,606.4,606.4,607.2,605.7,605.7,606.1,605.3,604.5,29.6,14.1,13.9,22.3,14,15.5,14.2,9.4,17949.4,8550.2,8440,13507.1,8479.8,9394.5,8595.2,5682.3,605.9,605.9,605.8,605.8,606.7,606.7,605.2,605.2,605.2,605.2,605.5,604.8,604.8,603.9,14.5,14.8,13.6,0.4,0,14.2,7.8,14.4,13.9,0.1,15.5,13.8,0.2,9.4,0,1.22515E-16,-1
122,Normal,309.4,108818.5,73212.7,281.8,98775.3,226.4,225.1,224.6,131.2,130.8,129.5,189.4,189.1,189.6,60,1,80.9,78.2,72.9,0,60.5,0,0,0,0,0/0,0,0,26136,2522,21,30.4,56.1,93.1,608,607.9,608.8,607.3,607.3,607.7,606.9,606,28.5,14,13.5,21.5,13.4,15.4,13.7,9.3,17328,8510.6,8218.8,13056.9,8137.8,9358.5,8314.5,5635.8,610.9,610.9,610.8,610.8,611.7,611.7,610.1,610.1,610.1,610.1,610.5,609.7,609.7,608.8,13.7,13.9,13,0.5,0,13.4,6.8,13.7,13.1,0,14.9,13.1,0.2,8.8,0,1.22515E-16,-1
122,Normal,315.5,108824.5,75828.1,287.4,98780.9,226.3,225,224.6,131.2,130.7,129.5,195.3,195,195.6,60,1,81.1,78.2,72.7,0,59.9,0,0,0,0,0/0,0,0,26136,2522,19,12.8,72.2,85,594.3,594.2,595,593.6,593.6,593.9,593.4,592.6,29.7,14.5,13.9,23.9,13.8,15.7,14,10.9,17650.7,8615.9,8270.5,14187,8191.6,9324.2,8307.6,6459.3,594.1,594.1,593.9,593.9,594.7,594.7,593.4,593.4,593.3,593.3,593.6,593.2,593.2,592.4,14.6,14.6,13.9,0.5,0,14.1,9.1,14.6,13.7,0,15.6,13.7,0.1,10.8,0,1.22515E-16,-1
122,Normal,321.6,108830.7,72898,293,98786.5,226.2,225,224.4,131.1,130.6,129.5,188.7,188.1,188.8,60,1,81,78.3,72.7,0,60.7,0,0,0,0,0/0,0,0,26136,2522,20,67.1,39.5,138.6,610.7,610.6,611.4,609.9,609.9,610.3,609.8,608.9,28.3,13.9,13.3,21.6,13.2,15.1,13.5,9.2,17282.8,8487.3,8131.6,13173.8,8050.6,9215.5,8232.3,5601.8,610.2,610.2,610.1,610.1,610.9,610.9,609.4,609.4,609.4,609.4,609.7,609,609,608.1,13.9,14.1,13.3,0.5,0,13.5,7.4,14.1,13.2,0.1,15.1,13.2,0.1,9.2,0,1.22515E-16,-1
122,Normal,327.5,108836.5,73694.3,298.4,98791.9,225.8,224.4,224.1,130.9,130.4,129.2,175.4,175.2,175.6,60,1,81.4,78.4,72.9,0,60.5,0,0,0,0,0/0,0,0,26136,2522,20,96.2,163.7,27.9,618.3,618.3,619.1,617.5,617.6,617.9,617.3,616.4,26.3,13,12.5,18.9,12.4,14.3,12.6,7.8,16261.2,8037.9,7738.7,11670.7,7658.2,8835.9,7777.9,4807.9,617.6,617.6,617.6,617.6,618.5,618.5,616.8,616.8,616.9,616.9,617.3,616.7,616.7,615.7,12.9,13.1,12.3,0.5,0,12.7,5.8,13,12.4,0.1,14.1,12.4,0.2,7.8,0,1.22515E-16,-1
122,Normal,333.8,108842.8,69110.2,304.1,98797.6,226,224.7,224.3,131,130.5,129.4,178.9,178.6,179.1,60,1,80.7,78.5,73,0,60.6,0,0,0,0,0/0,0,0,26136,2522,21,71.4,109,98.9,615.5,615.5,616.4,614.7,614.8,615.2,614.6,613.7,26.9,13.2,12.7,19.6,11.7,14.6,12.8,8.5,16556.9,8124.6,7828.2,12048.1,7193.1,8981.9,7866.8,5216.4,614.9,614.9,614.9,614.9,615.8,615.8,614.2,614.2,614.2,614.2,614.6,614,614,613,13.2,13.4,12.6,0.5,0,12.9,6.3,13.3,11.7,0,14.6,12.6,0.1,8.6,0,1.22515E-16,-1
122,Normal,339.5,108848.6,25258.3,309.5,98803,223.9,222.7,222.4,129.5,129,128.1,63.9,63.7,63.7,60,1,73.7,78.6,73.1,0,60.6,0,0,0,0,0/0,0,0,26136,2522,19,142.2,37.4,198.7,442.5,440.9,445.6,440.3,444.6,440.6,440.6,440.7,12.4,6.4,5.5,11.8,5.8,6.7,5.8,6.4,5487,2821.7,2450.8,5195.5,2578.6,2952,2555.4,2820.4,456.8,456.8,454,454,456.2,456.2,457.2,457.2,458,458,454.8,455.3,455.3,447.4,6.4,5.8,6,0.3,0,5.6,5.6,6,5.5,0.2,6.6,5.6,0,6.4,0,1.22515E-16,-1
122,Waiting,339.6,108848.7,0,309.5,98803,222.2,221,220.7,128.4,127.8,127,0,0,0,60,1,44.9,74.7,70.3,0,47.4,0,0,0,0,0/0,192,0,26136,2522,19,0,0,0,676,672.9,677.6,647.5,673,680.4,673.7,637.8,0,0,0,0,0,0,0,0,0,0,0,0,0,0,0,0,676,676,673,673,677.7,677.7,647.6,647.6,673,673,680.5,673.8,673.8,637.8,0,0,0,0,0,0,0,0,0,0,0,0,0,0,0,1.22515E-16,-1
122,Normal,341.7,108850.8,57177.3,311.4,98804.9,224.9,224,223.3,130.3,130,129,148.9,148.7,149,60,1,63.6,70.2,67.2,0,49.7,0,0,0,0,0/0,192,0,26136,65530,16,36.1,3.4,51.3,638.5,638.6,639.5,637.7,637.9,638.3,637.7,636.8,21.3,9.9,10.7,14.9,10.3,11.9,10.3,5.2,13600,6322.1,6842.6,9501.7,6570.3,7595.7,6568.3,3311.3,638.5,638.5,638.5,638.5,639.4,639.4,637.5,637.5,637.8,637.8,638.2,637.4,637.4,636.4,11.1,11.1,9.8,0,0,10.5,3.5,9.8,9.8,0,11.3,9.7,0,4.9,0,1.22515E-16,-1
122,Normal,346.3,108855.3,74013.3,315.4,98808.9,226.1,224.9,224.4,131.1,130.6,129.4,190.8,190.4,190.8,60,1,76.4,68.6,65.5,0,55.1,0,0,0,0,0/0,192,0,26136,65530,16,72.3,18.3,53.9,626.6,626.5,627.3,625.7,625.7,626.1,625.5,624.6,28,13.2,13.8,20.7,11.7,14.6,13.4,8.3,17544.8,8269.8,8656.7,12951.9,7320.6,9141,8381.7,5184.1,626.4,626.4,626.4,626.4,627.2,627.2,625.6,625.6,625.6,625.6,626,625.4,625.4,624.4,13.9,13.6,13.3,0,0,13.9,7.2,13.3,11.9,0,14.5,13.2,0,8.2,0,1.22515E-16,-1
122,Normal,352.3,108861.4,73903.1,321,98814.5,226.3,225,224.6,131.2,130.6,129.5,190.4,190,190.5,60,1,81,70.3,66,0,59.2,0,0,0,0,0/0,192,0,26136,65530,16,3.5,27.9,31.5,614.7,614.7,615.5,614,613.9,614.4,613.7,612.8,28.6,13.2,14.1,21.2,12.3,14.7,13.7,9,17580.4,8114,8678.5,13016.8,7550.9,9031.6,8407.6,5515.2,614.5,614.5,614.4,614.4,615.2,615.2,613.7,613.7,613.7,613.7,614.1,613.4,613.4,612.5,14.1,14.1,13.3,0,0,14.3,7.5,13.5,12.4,0,14.6,13.4,0.1,9,0,-0.258819045,-0.965925826
122,Normal,358.6,108867.6,75776.3,326.7,98820.2,226.1,224.8,224.4,131.1,130.5,129.4,195.4,195,195.5,60,1,81.2,72.3,67.6,0,59.8,0,0,0,0,0/0,192,0,26136,65530,18,18.7,31.9,19.1,604.4,604.3,605.1,603.7,603.6,604,603.5,602.7,29.5,13.6,14.1,22.4,13.1,15.4,13.9,9.9,17829.8,8218.4,8531.9,13522.8,7907.1,9301.6,8388.6,5966.7,604.6,604.6,604.4,604.4,605.3,605.3,603.8,603.8,603.7,603.7,604.1,603.4,603.4,602.5,14.5,14.5,13.6,0,0,14.3,8.4,13.7,13.1,0.1,15.3,13.7,0,9.8,0,-0.258819045,-0.965925826
122,Normal,364.8,108873.8,75760.1,332.2,98825.7,226.2,224.7,224.4,131.1,130.5,129.3,195.4,195,195.6,59.9,1,81.3,73.5,68.4,0,59.8,0,0,0,0,0/0,192,0,26136,65530,17,24.9,25,53.2,607.2,607.1,607.9,606.4,606.4,606.8,606.1,605.3,29.3,13.5,14,22.1,13.1,15.5,13.7,9.9,17790.9,8195.8,8510.6,13401.4,7943.8,9405.4,8303.5,5992.4,607.4,607.4,607.3,607.3,608.1,608.1,606.6,606.6,606.6,606.6,607,606.3,606.3,605.4,14.4,14.5,13.3,0,0,14.1,8.2,13.6,13.1,0,15.4,13.5,0,9.7,0,-0.258819045,-0.965925826
122,Normal,370.5,108879.6,62920.1,337.5,98831,225.6,224.2,224.2,130.8,130.1,129.1,155.7,155.4,155.9,59.9,1,73.1,73.9,68.5,0,58.1,0,0,0,0,0/0,192,0,26136,65530,16,106.9,8.4,115.4,450,492.2,480.7,463.9,504.1,495.3,495.4,457.7,29.5,12.3,13.1,24.7,12.6,13.1,14,9.2,13275,6054,6297.1,11458.3,6351.6,6488.4,6935.6,4210.8,467.6,467.6,490.4,490.4,484,484,466.9,466.9,504.4,504.4,495.5,494.3,494.3,459.3,13.4,14.5,11.7,0,0,12.3,12.1,10.7,11.9,0,11.7,12,0,8.9,0,-0.258819045,-0.965925826
122,Normal,373.7,108882.7,24291,340.3,98833.8,223,221.7,221.8,129.4,128.6,127.9,65.4,65,65.2,59.9,1,51.6,71.1,65.6,0,48.5,0,0,0,0,0/0,192,0,26136,65530,17,172.7,16,188.8,564.4,564.4,567.4,504.3,506.3,547.3,541.2,549.5,10,4.5,4.9,9.1,4.8,5,4.5,4.7,5644,2539.8,2780.2,4589.1,2430.2,2736.5,2435.4,2582.6,574.1,574.1,575.8,575.8,566.7,566.7,513.4,513.4,511.5,511.5,560,556.5,556.5,553.7,5,4.4,4.7,0,0,4.8,4.4,4.6,4.3,0.4,4.8,4.4,0,4.5,0,-0.258819045,-0.965925826
122,Normal,378.1,108887.1,72760.5,344.2,98837.7,226.3,225.2,224.9,131.3,130.7,129.7,187.9,187.5,188.1,60,1,74,67.7,62.9,0,53.2,0,0,0,0,0/0,192,0,26136,65530,15,24.7,32.1,22.2,640.4,640.4,641.2,639.5,639.6,640,639.6,638.6,27.5,12.8,13.3,18.9,12,14.2,12.7,7.6,17611,8197.1,8527.9,12086.5,7675.2,9088,8122.9,4853.3,640.4,640.4,640.4,640.4,641.2,641.2,639.5,639.5,639.6,639.6,640,639.3,639.3,638.3,13.8,13.3,12.7,0,0,13.5,6.3,12.4,12.1,0,13.9,12.6,0,7.6,0,-0.258819045,-0.965925826
122,Normal,381.6,108890.7,27162.4,347.5,98841,222.8,221.9,221.8,129.3,128.5,128.1,71.4,70.9,71.1,60,1,54.8,66,61,0,49.5,0,0,0,0,0/0,192,0,26136,65530,18,184.9,34.2,177.5,566.9,569.9,585.8,482.6,487.8,524.9,539.3,532.8,11.5,5.3,5.4,10,5.4,5.4,5,4.9,6519.3,3020.4,3163.3,4826,2634.1,2834.4,2696.5,2610.7,567.6,567.6,569.1,569.1,587.9,587.9,475.8,475.8,490,490,520.4,542.4,542.4,536,6.3,4.8,5.7,0,0,5.4,5,5,4.9,0.5,5.3,5,0,4.9,0,-0.258819045,-0.965925826
122,Normal,383.9,108892.9,28783.8,349.5,98843,223.2,222,222.1,129.6,128.7,128.1,75.5,75.4,75.5,60,1,53.1,63.2,59,0,47.3,0,0,0,0,0/0,192,0,26136,65530,13,134.8,21.4,113.3,603.5,587.1,604.4,568.3,560.7,580,574,561.5,10.4,5,5.2,9.5,5,5.3,5,4.9,6276.4,2935.5,3142.8,5398.8,2803.5,3074,2870,2751.3,603.1,603.1,587.5,587.5,604,604,567.8,567.8,560.1,560.1,580.3,570.9,570.9,561.9,5.6,4.6,5.4,0,0,5.2,4.8,4.8,5,0,5.2,5.1,0,5,0,-0.258819045,-0.965925826
122,Normal,387.4,108896.4,31077.1,352.6,98846.1,223.6,222.5,222.4,129.7,129,128.4,81.5,81.3,81.4,60,1,56.3,61.7,58.2,0,48.8,0,0,0,0,0/0,192,0,26136,65530,14,99.1,9.3,108.4,572.7,567.7,505.4,568.6,555.6,613.7,569.3,526.6,11.4,5.6,6,10.5,5.6,5.5,5.5,5.5,6528.7,3179.1,3032.4,5970.3,3111.3,3375.3,3131.1,2896.3,566.4,566.4,577,577,512.3,512.3,556.1,556.1,551,551,615,557.2,557.2,520.8,6.3,4.8,5.9,0,0,5.9,5.5,5.2,5.6,0,5.3,5.7,0,5.5,0,-0.258819045,-0.965925826
122,Normal,392.5,108901.6,73536,357,98850.5,226.1,225,224.6,131.1,130.6,129.6,190,189.6,190.1,60,1,75.7,61.9,58,0,53.9,0,0,0,0,0/0,192,0,26136,65530,15,32.8,19.3,52.1,628.8,628.7,629.5,628,627.9,628.4,627.5,626.6,26.9,12.7,13.1,21.1,11.4,14.2,12.8,9.2,16914.7,7984.4,8246.4,13250.8,7158,8923.2,8032,5764.7,627.9,627.9,627.8,627.8,628.6,628.6,627.1,627.1,627.1,627.1,627.5,626.7,626.7,625.9,13.4,12.8,12.7,0,0,13.3,8.5,12.5,11.7,0,14,12.8,0,9.1,0,-0.258819045,-0.965925826
122,Normal,398.8,108907.8,74001.4,362.7,98856.2,226.1,225,224.5,131,130.6,129.5,190.7,190.3,190.9,60,1,78.8,64.1,59.2,0,56.7,0,0,0,0,0/0,192,0,26136,65530,14,1.1,8.5,65.6,622.4,622.3,623.1,621.6,621.5,622,621.2,620.4,27.6,13,13.7,21.2,11.5,14.3,13.1,9.2,17178.2,8089.9,8536.4,13177.9,7147.2,8894.6,8137.7,5707.6,622.3,622.3,622.2,622.2,623,623,621.5,621.5,621.5,621.5,621.9,621.1,621.1,620.3,13.8,13.4,13.1,0,0,13.8,8.3,12.8,11.7,0,14.1,12.9,0,9.1,0,-0.258819045,-0.965925826
122,Normal,403.1,108912.2,29443.3,366.6,98860.1,222.3,222.5,221.3,128.8,128.7,128.2,77.4,77,77.4,60,1,57.2,65.5,60.5,0,51.8,0,0,0,0,0/0,192,0,26136,65530,15,66,11.2,77.3,592.6,571.3,583.2,563.8,555.2,589.8,581.4,552.7,11,5.2,5.5,9.6,5.5,5.4,5.2,5.3,6518.6,2970.7,3207.6,5412.4,3053.6,3184.9,3023.2,2929.3,595.2,595.2,568.8,568.8,586,586,566.4,566.4,557.4,557.4,585.5,576.5,576.5,551.9,5.7,4.9,5.6,0,0,5.5,4.8,4.9,5.2,0.2,5.2,5.2,0,5.3,0,-0.258819045,-0.965925826
122,Normal,405.8,108914.8,73661.9,368.8,98862.3,225.7,225,224.5,130.9,130.4,129.7,190.3,190.1,190.6,60,1,62.1,63.4,59.4,0,47.5,0,0,0,0,0/0,192,0,26136,65530,14,89.7,36.2,25.3,628.9,628.8,629.6,628.1,615,628.5,626.4,612.3,26.2,12.4,12.8,21.4,11.2,14.3,12.5,11.5,16477.1,7797.1,8058.8,13441.3,6888,8987.5,7830,7041.4,629,629,629,629,629.8,629.8,628.3,628.3,620.5,620.5,628.6,628.3,628.3,618.7,13.1,12.8,12.6,0,0,13.1,8.8,12.4,11.3,0,14,12.5,0,10.5,0,-0.5,-0.866025404
122,Normal,412,108921.1,75755.7,374.5,98868,226.1,225.3,224.9,131.2,130.6,129.8,194.9,194.6,195.2,60,1,79.4,64.1,59.8,0,57.5,0,0,0,0,0/0,192,0,26136,65530,14,35,1,9.8,578.6,581.7,592.8,577.9,524.8,591.2,593.4,547.1,28.8,13.9,13.9,24.9,13.6,14.8,13.3,14.4,16663.6,8085.6,8239.9,14389.7,7137.2,8749.7,7892.2,7878.2,574.3,574.3,577.4,577.4,590.6,590.6,580.3,580.3,525.2,525.2,595.4,582.7,582.7,550.1,14.7,13.8,14.1,0,0,14.2,11.2,13.2,13.7,0,14.5,13.5,0,14.1,0,-0.5,-0.866025404
122,Normal,418.5,108927.5,75540.3,380.4,98873.9,226,225,224.8,131.2,130.5,129.7,194.7,194.4,194.8,60,1,80,66.8,61.4,0,58.6,0,0,0,0,0/0,192,0,26136,65530,18,99.4,12.3,15.8,595.4,572.7,573.8,542.3,516.3,594.9,564.6,548.7,27.8,13.9,14.1,27.1,14.1,14.7,14,14.5,16552.1,7960.5,8090.5,14696.3,7279.8,8745,7904.4,7956.1,586.1,586.1,575.6,575.6,580.7,580.7,548.5,548.5,520.8,520.8,580.3,569.9,569.9,555.9,14.4,13.6,14,0,0,14.1,13,13.5,13.3,0.3,14.9,13.6,0,14.1,0,-0.5,-0.866025404
122,Normal,424.8,108933.8,73634.4,386,98879.5,226,224.9,224.8,131.2,130.4,129.7,190.3,190.1,190.6,60,1,80.8,69.2,63.5,0,59.8,0,0,0,0,0/0,192,0,26136,65530,17,40.9,31.7,67.8,598.5,596.8,599.1,597.8,553.1,598.1,594.9,579.8,27.7,13.4,13.4,22.3,13.2,14.8,13.2,13.3,16578.4,7997.1,8027.9,13330.9,7300.9,8851.8,7852.6,7711.3,604.3,604.3,604.2,604.2,605,605,603.6,603.6,603.5,603.5,603.9,604.1,604.1,603.4,13.6,13.2,13,0,0,13.4,9.8,11.7,11.6,0,14.4,12.7,0,11.1,0,-0.5,-0.866025404
122,Normal,430.8,108939.9,73639,391.3,98884.8,226.1,225.1,224.8,131.2,130.6,129.7,190.4,190.1,190.8,60,1,79.5,70.6,64.7,0,59.1,0,0,0,0,0/0,192,0,26136,65530,17,63,10.4,10.7,591.2,580,577.4,552,531.8,590.8,568.8,547.1,27.7,13.5,13.8,26.3,13.4,14.7,13.6,14.5,16376.2,7830,7968.1,14517.6,7126.1,8684.7,7735.6,7932.9,587.7,587.7,583.1,583.1,577.3,577.3,555.1,555.1,533,533,587.3,568.5,568.5,546.7,13.9,13.5,13.5,0,0,14,12.3,13.6,13.3,0,14.6,13.3,0,14.3,0,-0.5,-0.866025404
122,Normal,436.9,108945.9,73661.9,397.1,98890.6,225.9,225,224.8,131.1,130.4,129.7,190.3,189.6,190.4,60,1,80.4,71.5,65.6,0,60,0,0,0,0,0/0,192,0,26136,65530,19,61.7,27.3,34.1,582.4,582.2,576.4,549,541.1,579.3,572.9,549.6,28.1,13.3,13.7,26.3,13.2,14.8,13.4,14.4,16365.4,7743.2,7896.6,14438.7,7142.5,8573.6,7676.8,7914.2,582.7,582.7,582.4,582.4,575.9,575.9,546.9,546.9,542.4,542.4,579.5,573.3,573.3,545.8,14,13.7,13.5,0,0,13.9,12.5,13.6,13,0.1,14.6,13.2,0.1,14.3,0,-0.5,-0.866025404
122,Normal,443.2,108952.3,43115.1,402.7,98896.2,224,222.9,223.1,130.1,129.2,128.6,105.9,105.6,105.7,60,1,74,72.4,66.3,0,59.7,0,0,0,0,0/0,192,0,26136,65530,18,5.2,1.1,31,584.3,584.3,569.3,528.8,534.3,573.7,565.7,545.3,16.4,7.1,7.5,14.1,7.6,8,7.2,7.3,9582.5,4148.5,4269.7,7456,4060.6,4589.6,4073,3980.6,568.8,568.8,567.9,567.9,570.8,570.8,538.3,538.3,539.5,539.5,585.7,560.6,560.6,553.6,8.6,7.6,8.4,0,0,8.1,7.6,8.5,7.7,0.3,8.1,7.7,0,8.5,0,-0.5,-0.866025404
122,Normal,448.7,108957.7,71719.5,407.7,98901.2,225.6,224.6,224.6,131.1,130.2,129.6,185,184.7,185.2,60,1,78.1,72.2,66.5,0,59,0,0,0,0,0/0,192,0,26136,65530,17,37.9,43.2,37.3,595,583.5,581.5,552.1,551.2,594.6,577.5,555.4,26.7,13,13.1,25.1,12.7,14.4,12.8,13.9,15886.5,7585.5,7617.6,13857.7,7000.2,8562.2,7392,7720,591.7,591.7,579.7,579.7,578.9,578.9,557,557,550.6,550.6,591.3,576.3,576.3,552.8,13.5,13,13.2,0,0,13.4,11.8,12.8,12.6,0.2,14.1,12.8,0,13.7,0,-0.5,-0.866025404
122,Normal,454.7,108963.7,72395.2,413.1,98906.6,225.8,224.4,224.7,131.2,130.2,129.5,186.3,186,186.2,60,1,78.9,72.4,66.5,0,59.4,0,0,0,0,0/0,192,0,26136,65530,17,135.8,36.3,0.1,579,582.5,574.6,558,550.5,591.5,577.7,555.1,27.8,13.3,13.4,25,12.7,14.6,13,14.2,16096.2,7747.2,7699.6,13950,6991.3,8635.9,7510.1,7882.4,582,582,586,586,574.9,574.9,563.3,563.3,554.6,554.6,595.8,578.7,578.7,553.5,13.9,13.3,13.3,0,0,13.5,11.7,12.7,12.4,0.2,14.3,12.8,0,14.1,0,-0.5,-0.866025404
122,Normal,460.9,108970,72268,418.8,98912.3,225.7,224.4,224.6,131.1,130.1,129.4,187,186.5,187,59.9,1,80.1,72.7,66.6,0,60,0,0,0,0,0/0,192,0,26136,65530,17,66.8,10.3,69.4,576.6,584.8,584.4,579.5,586.4,590.7,575.6,558.3,27.6,13.2,13.1,23.8,12.2,14.6,12.8,13.9,15914.1,7719.3,7655.6,13792.1,7154,8624.2,7367.6,7760.3,580.9,580.9,581.4,581.4,578,578,580.9,580.9,586.3,586.3,594,577.5,577.5,551.3,13.8,13.2,13.3,0,0,13.3,11.3,12.1,12.1,0.1,14.3,12.7,0,13.9,0,-0.5,-0.866025404
122,Normal,466.6,108975.6,66201.5,423.9,98917.4,225.5,224.4,224.5,131,130.1,129.5,171,170.8,171.1,60,1,74.8,72.7,66.7,0,58.1,0,0,0,0,0/0,192,0,26136,65530,16,19.3,14,9.2,588.4,588.2,589.6,571.5,585.2,596.5,569.5,556.9,25,12,11.9,21.7,11.2,13.3,11.9,12.8,14710,7058.4,7016.2,12401.5,6554.2,7933.4,6777,7128.3,586.6,586.6,591,591,589.2,589.2,572.7,572.7,589.9,589.9,597.8,571.8,571.8,556.1,12.6,12.1,12,0,0,12,10.3,11.1,11,0.1,13,11.7,0,12.8,0,-0.5,-0.866025404
122,Normal,472.4,108981.5,68936.9,429.2,98922.7,225.7,224.5,224.6,131.1,130.2,129.5,177.5,177.2,177.6,60,1,75.8,72.5,66.7,0,58,0,0,0,0,0/0,192,0,26136,65530,18,23.1,12.4,10.6,581.9,591.8,582.6,575.7,582,597.8,568.4,554,26.5,12.4,12.7,22.1,11.8,13.9,12.5,13.5,15420.3,7338.3,7399,12722.9,6867.6,8309.4,7105,7479,581.9,581.9,591.4,591.4,576.6,576.6,575.5,575.5,582.9,582.9,595.1,568.6,568.6,547.7,13.3,12.8,12.4,0,0,12.9,10.7,11.2,11.6,0.1,13.7,12.4,0,13.4,0,-0.5,-0.866025404
122,Normal,477.3,108986.3,64250.9,433.6,98927.1,225.2,224.1,224.1,130.8,129.9,129.2,165.4,165.1,165.5,60,1,70.8,71.1,65.5,0,54.6,0,0,0,0,0/0,192,0,26136,65530,16,12.4,7.4,4.9,595.3,584.3,583.4,577.3,581.9,605.6,570.8,563.5,24.3,11.3,11.8,20.6,11.1,12.6,11.6,12.2,14465.7,6602.5,6884.1,11892.3,6459,7630.5,6621.2,6874.7,588.4,588.4,585.2,585.2,582.7,582.7,576.7,576.7,578.6,578.6,603.8,575,575,557.3,12.1,11.9,11.5,0,0,11.8,10.1,10.2,10.9,0.1,12.3,11.2,0,12.2,0,-0.707106781,-0.707106781
122,Normal,481.1,108990.2,37299,437.2,98930.7,223.9,222.2,222.8,130.1,128.8,128.3,98.8,98.3,98.9,60,1,56.6,68.8,63.7,0,49.7,0,0,0,0,0/0,192,0,26136,65530,15,31.2,23.5,31.4,602.1,584.5,583.5,560.9,598.8,610.6,610.1,565.2,13.9,6.8,7,12.7,6.3,7.3,6.2,7,8369.1,3974.6,4084.5,7123.4,3772.4,4457.3,3782.6,3956.4,600.6,600.6,582.3,582.3,583.5,583.5,564.4,564.4,602.3,602.3,602.7,608.5,608.5,562,7.5,6.4,7.3,0,0,7.1,6.4,6.4,6.3,0,7.2,6.2,0,7,0,-0.707106781,-0.707106781
122,Normal,485.2,108994.2,54452.7,440.7,98934.2,224.7,223.5,223.6,130.4,129.6,128.9,140.3,140.1,140.2,60,1,65.5,65.9,61.2,0,50.9,0,0,0,0,0/0,192,0,26136,65530,16,33.9,17.1,16.7,609.3,609.3,591.7,544.3,583.4,605.8,587.8,556.9,19.4,8.9,10,18.7,9.5,10.8,9.8,10.1,11820.4,5422.7,5917,10178.4,5542.3,6542.6,5760.4,5624.6,610.8,610.8,600.9,600.9,585.9,585.9,539.3,539.3,574.9,574.9,610.5,590.8,590.8,561.6,9.3,9.8,9,0,0,10,9.3,8.5,9.1,0.2,10,9.4,0,9.2,0,-0.707106781,-0.707106781
122,Normal,490.6,108999.7,66421,445.5,98939,224.9,225.1,223.9,130.4,130.3,129.6,171.4,171,171.4,60,1,71.4,65.3,60.5,0,53.9,0,0,0,0,0/0,192,0,26136,65530,15,103.9,18,121.9,613.7,613.6,595.7,535.8,588.7,613.3,590,560.5,23.8,11.1,12.1,23.3,11.3,12.6,11.8,12.5,14606,6810.9,7207.9,12484.1,6652.3,7727.5,6962,7006.2,604.5,604.5,610.8,610.8,590.7,590.7,536,536,587.2,587.2,610.5,593.5,593.5,562.3,12.4,11.8,11.4,0,0,12.4,11.4,11.7,11.3,0,12.6,11.6,0.1,12.3,0,-0.707106781,-0.707106781
122,Normal,495.9,109004.9,59234.6,450.4,98943.9,225.2,224,224.2,130.8,129.8,129.3,153.3,152.8,153.2,60,1,68.3,65.7,60.7,0,53.6,0,0,0,0,0/0,192,0,26136,65530,14,47,12.5,29.5,589,608,589,553.2,595.7,604.8,593.2,565.3,22.2,9.8,10.9,20,9.8,11.5,10.4,11.1,13075.8,5958.4,6420.1,11064,5837.8,6955.2,6169.2,6274.8,593.2,593.2,610.3,610.3,593.3,593.3,558.4,558.4,592.7,592.7,610.1,592.6,592.6,566.8,11.4,10.5,9.9,0,0,10.9,9.8,10,9.8,0,11.1,10.2,0,10.9,0,-0.707106781,-0.707106781
122,Normal,500.5,109009.6,52788.3,454.4,98947.9,224.5,223.3,223.6,130.5,129.4,128.9,136.9,136.5,136.9,60,1,63.8,64.7,59.8,0,51.3,0,0,0,0,0/0,192,0,26136,65530,15,20.3,35.8,56.1,601.5,620.4,593.6,543.9,597.5,609.8,581.2,564.6,19.5,8.5,9.8,17.9,8.6,10.1,9.4,9.7,11729.2,5273.4,5817.2,9735.8,5138.5,6158.9,5463.2,5476.6,601.9,601.9,620.6,620.6,588.1,588.1,549,549,594.4,594.4,607.4,583,583,566.3,10,9.1,8.7,0,0,10,8.6,9,8.7,0,9.9,9.3,0,9.6,0,-0.707106781,-0.707106781
122,Normal,504.7,109013.8,48287,458.3,98951.8,224.1,222.9,223.1,130.1,129.2,128.6,125.6,125.2,125.7,60,1,60.5,63.2,58.8,0,49,0,0,0,0,0/0,192,0,26136,65530,16,14.7,15.6,0.8,603.8,618.2,592.6,549.8,591,609,586.1,560.8,17.4,7.7,8.8,16.3,7.9,9,8.5,8.8,10506.1,4760.1,5214.8,8961.7,4668.9,5481,4981.8,4935,598.9,598.9,619.4,619.4,589.2,589.2,555.4,555.4,594.7,594.7,607.7,591,591,568.7,9.2,8.1,8,0,0,8.9,7.8,8,8,0,8.9,8.4,0,8.6,0,-0.707106781,-0.707106781
122,Normal,506.9,109015.9,26164,460.1,98953.6,223,221.6,221.9,129.5,128.5,128,68.8,68.8,68.6,60,1,48.3,60.9,56.8,0,43.9,0,0,0,0,0/0,192,0,26136,65530,14,91.2,42.1,133.3,618.5,591.2,598.8,568.1,568.2,610.4,585.2,568.9,8.9,4.2,4.4,8.4,4.7,4.6,4.3,4.9,5504.6,2483,2634.7,4772,2670.5,2807.8,2516.3,2787.6,616,616,595.3,595.3,599,599,572,572,571.4,571.4,621.4,586,586,570.5,4.8,3.8,4.7,0,0,4.5,4.5,3.9,4.6,0.2,4.5,4.6,0,4.9,0,-0.707106781,-0.707106781
122,Normal,509,109018,26111.2,461.9,98955.4,222.8,221.6,221.9,129.5,128.4,128,68.5,68.3,68.4,60,1,51.4,59,55.6,0,45.1,0,0,0,0,0/0,192,0,26136,65530,13,115.4,24.1,23.3,616.4,595.7,602.4,561.2,571,616.3,583.6,575.8,9.2,4.3,4.7,8.5,4.5,4.5,4.5,4.5,5670.8,2561.5,2831.2,4770.2,2569.5,2773.3,2626.2,2591.1,617.2,617.2,594.7,594.7,601,601,560.8,560.8,568.7,568.7,611.4,580.3,580.3,571.4,4.9,4,4.7,0,0,4.7,4.4,4,4.4,0.1,4.3,4.5,0,4.4,0,-0.707106781,-0.707106781
122,Normal,512,109021.1,24819,464.6,98958.1,222.9,221.6,222,129.5,128.4,128,65.1,64.8,65,60,1,52.3,57.6,54.5,0,45.8,0,0,0,0,0/0,192,0,26136,65530,12,146.4,26.9,187.2,600.6,589.3,605.2,551.9,572.1,612.6,594.9,570,8.9,4,4.4,8.2,4.3,4.3,4.1,4.4,5345.3,2357.2,2662.8,4525.5,2460,2634.1,2439,2508,604,604,589.7,589.7,612.8,612.8,551.5,551.5,569.3,569.3,603.1,593.6,593.6,571.3,4.7,3.9,4.5,0,0,4.3,4.4,3.9,4.3,0,4.4,4.3,0,4.3,0,-0.707106781,-0.707106781
122,Normal,513.8,109022.9,18202.1,466.1,98959.6,222.5,221.2,221.5,129.2,128.2,127.7,47.7,47.5,47.7,60,1,45.1,55.5,52.5,0,41.8,0,0,0,0,0/0,192,0,26136,65530,12,180.1,20.5,200.7,604.1,614.6,586.3,560,560.6,596.6,589,569.7,6.3,2.8,3.3,5.8,3.3,3,3.1,2.8,3805.8,1720.8,1934.7,3248,1849.9,1789.8,1825.9,1595.1,604.9,604.9,611.3,611.3,591.2,591.2,558.5,558.5,564,564,597.8,591.8,591.8,567.9,3.7,2.5,3.3,0,0,3.2,3.1,2.6,3.1,0.2,2.9,3.2,0,2.8,0,-0.707106781,-0.707106781
122,Normal,515.3,109024.3,15188.6,467.2,98960.7,222.2,221,221.2,129,128.1,127.6,40.2,40,39.9,60,1,45.3,53.4,50.5,0,41.7,0,0,0,0,0/0,192,0,0,65530,12,175.4,29.9,157,602.7,599.5,573,573,591.9,585.1,610.3,577.4,5.1,2.4,2.6,4.6,2.8,2.4,2.4,2.3,3073.7,1438.8,1489.8,2635.8,1657.3,1404.2,1464.7,1328,609.8,609.8,594.5,594.5,577.2,577.2,572.2,572.2,594.7,594.7,581.4,609.3,609.3,571.4,3.1,1.7,2.9,0,0.1,2.5,2.5,2.1,2.6,0.3,2.3,2.6,0,2.3,0,-0.707106781,-0.707106781
122,Normal,516.6,109025.6,18089.4,468.4,98961.9,222.4,221,221.2,129.1,128.1,127.5,47.7,47.5,47.6,60,1,47.9,51.8,48.8,0,42.9,0,0,0,0,0/0,192,0,0,65530,12,167.9,19.5,130.1,605.8,595.3,587.1,582.5,581.2,593.1,608.9,579.1,6.4,2.9,3.1,5.6,3.1,2.9,2.9,2.8,3877.1,1726.3,1820,3262,1801.7,1719.9,1765.8,1621.4,609,609,594,594,583.9,583.9,582.5,582.5,575.7,575.7,589.5,603.8,603.8,575.3,3.7,2.5,3.5,0,0.1,3,3,2.6,3,0.1,2.9,3.1,0,2.8,0,-0.866025404,-0.5
122,Normal,518.3,109027.3,30992.3,469.9,98963.4,222.6,221.3,221.7,129.4,128.3,127.8,81.2,81.1,81.1,60,1,52.2,51,47.9,0,43.9,0,0,0,0,0/0,192,0,0,65530,11,93.3,24.2,71.1,614.1,605.7,605.6,585.2,593.3,594,606.8,579.1,11.1,4.7,5.4,9.4,5.3,5.5,5.3,5.4,6816.5,2846.7,3270.2,5500.8,3144.4,3267,3216,3127.1,611.5,611.5,607.1,607.1,602.9,602.9,590.2,590.2,590.5,590.5,592.2,607.3,607.3,581,5.9,4.9,5.3,0,0,5.4,5,4.4,5.3,0,5.5,5.4,0,5.3,0,-0.866025404,-0.5
122,Normal,520.2,109029.2,24615.4,471.4,98964.9,222.6,221.5,221.7,129.3,128.3,127.9,64.2,63.9,63.8,60,1,52.2,50.3,47.3,0,44.4,0,0,0,0,0/0,192,0,0,65530,12,125.5,8.3,66.8,620.7,598.4,610.9,564.8,582.6,594.8,599.6,573.7,8.7,3.6,4.2,7.8,4.2,4.4,4.1,4,5400,2154.2,2565.7,4405.4,2446.9,2617.1,2458.3,2294.8,616.2,616.2,602.6,602.6,611.8,611.8,561.1,561.1,585.3,585.3,593.6,604.2,604.2,576.3,4.8,3.7,4.3,0,0,4.1,4.2,3.6,4.2,0,4.2,4.2,0,4.1,0,-0.866025404,-0.5
122,Normal,522.4,109031.5,35621.4,473.3,98966.8,223.5,222.5,222.4,129.7,129,128.3,92.9,92.6,92.8,60,1,56,49.9,47,0,45.6,0,0,0,0,0/0,192,0,0,65530,10,54.9,7,38.9,622.5,617.6,606.2,593,585.8,616.4,607.7,589.8,12.5,5.3,6.2,10.5,6.1,6.4,5.9,6.1,7781.2,3273.2,3758.4,6226.5,3573.3,3944.9,3585.4,3597.7,622.2,622.2,622.4,622.4,604.3,604.3,596.1,596.1,585.6,585.6,618.8,611.7,611.7,585.1,6.6,5.6,5.7,0,0,6.2,5.7,4.8,6.1,0,6.3,6.1,0,6.1,0,-0.866025404,-0.5
122,Normal,525.6,109034.6,35440.2,476.2,98969.7,223.5,222.3,222.6,129.9,128.8,128.4,91.8,91.5,91.6,60,1,59.6,50.3,47.3,0,48,0,0,0,0,0/0,192,0,0,65530,11,57.3,4.1,53.1,607.4,633.7,592.9,580.4,596.6,626.7,609,581,12.8,5,6.3,10.7,6,6.3,6,6.2,7774.7,3168.5,3735.2,6210.2,3579.6,3948.2,3654,3602.2,607.9,607.9,633.3,633.3,598.1,598.1,580.1,580.1,597.1,597.1,630.3,603.4,603.4,581.9,6.7,5.7,5.6,0,0,6.2,5.8,4.9,6.1,0,6.1,6.1,0,6,0,-0.866025404,-0.5
122,Normal,528.1,109037.1,23104.6,478.5,98972,222.7,221.8,222,129.3,128.4,128.1,60.7,60.5,60.6,60,1,56,50.6,47.3,0,47.6,0,0,0,0,0/0,192,0,0,65530,11,106.3,3.9,102.4,605.2,634.4,593.2,569.8,584,612.2,599.7,576.5,8.2,3.2,4.1,7.2,4,3.9,3.9,3.9,4962.6,2030,2432.1,4102.5,2336,2387.5,2338.8,2248.3,606.2,606.2,635.5,635.5,589.9,589.9,573,573,591.6,591.6,609.7,595.6,595.6,581.5,4.5,3.4,3.8,0,0,4,3.9,3.3,4,0,3.8,4,0,3.9,0,-0.866025404,-0.5
122,Normal,529.6,109038.6,18787.3,479.5,98973,222.7,221.6,222,129.4,128.4,128.1,49.4,49.2,49.1,59.9,1,50.4,50,46.8,0,44.3,0,0,0,0,0/0,192,0,0,65530,12,146.2,10.2,147,608.7,604.2,600.9,579.9,594.7,601.1,594.2,572.1,6.6,2.9,3.2,5.8,3.1,3.2,3.1,2.9,4017.4,1752.1,1922.8,3363.4,1843.5,1923.5,1842,1659,612.8,612.8,606.3,606.3,603.1,603.1,573,573,593.4,593.4,605.1,593.8,593.8,566.1,3.8,2.6,3.5,0,0.1,3.2,3.1,2.7,3.2,0,3,3.2,0,2.9,0,-0.866025404,-0.5
122,Normal,531.4,109040.5,20152.4,481.1,98974.6,222.8,221.8,222,129.4,128.4,128.1,52.9,53.2,53.2,60,1,50.5,49.3,46.5,0,43.8,0,0,0,0,0/0,192,0,0,65530,11,175.5,4.3,118.8,614.9,607.3,600.2,562.9,597.6,623.3,597.9,572.4,7,3,3.4,6.3,3.5,3.4,3.4,3.2,4304.3,1821.9,2040.6,3546.2,2091.6,2119.2,2032.8,1831.6,614.8,614.8,607.1,607.1,599.7,599.7,563,563,599.1,599.1,624.6,600.1,600.1,570,4,2.8,3.7,0,0.1,3.4,3.5,2.8,3.4,0,3.3,3.5,0,3.2,0,-0.866025404,-0.5
122,Normal,533.2,109042.3,17610.8,482.6,98976.1,222.6,221.5,221.9,129.3,128.3,128,46.3,46.2,46.3,60,1,49.8,48.6,45.9,0,43.6,0,0,0,0,0/0,192,0,0,65530,11,121.3,11,121.8,600.1,610.2,593.2,543.5,570.7,602.4,603.6,577.6,6.1,2.6,3,5.7,3.2,2.9,2.9,2.7,3660.6,1586.5,1779.6,3097.9,1826.2,1746.9,1750.4,1559.5,601.3,601.3,604.2,604.2,597.4,597.4,547.7,547.7,576.3,576.3,601.4,608.7,608.7,580.6,3.7,2.4,3.4,0,0.1,2.9,3.1,2.6,3.1,0.1,2.9,3.1,0,2.8,0,-0.866025404,-0.5
122,Normal,534.6,109043.7,17362.1,483.9,98977.4,222.5,221.3,221.8,129.3,128.2,127.9,45,44.5,44.9,59.9,1,51.4,49.7,45.3,0,44.9,0,0,0,0,0/0,192,0,0,65530,10,113.2,3.9,127.8,604.5,609.8,590.8,565.5,578.8,602.7,612.8,580.7,5.9,2.6,2.9,5.4,3,2.9,2.7,2.7,3566.5,1585.4,1713.3,3053.7,1736.4,1747.8,1654.5,1567.8,606.6,606.6,609.4,609.4,589.7,589.7,569.9,569.9,580.1,580.1,603.6,614,614,580.1,3.6,2.2,3.3,0,0.1,2.9,2.9,2.5,2.9,0.2,2.8,2.9,0,2.7,0,-0.866025404,-0.5
122,Normal,536.1,109045.1,15134.7,484.9,98978.4,222.2,221.2,221.3,129,128.2,127.7,38.9,38.9,39,60,1,50.7,49.7,44.9,0,44.7,0,0,0,0,0/0,192,0,0,65530,11,245.7,2.9,243.5,614.8,610.1,593.2,572.5,562.2,608.2,600.3,572.8,5,2.2,2.5,4.6,2.8,2.4,2.4,2.3,3074,1342.2,1483,2633.5,1574.1,1459.6,1440.7,1317.4,619.2,619.2,611.7,611.7,589.4,589.4,566.7,566.7,562.4,562.4,610,604.7,604.7,571.1,3.1,1.7,2.8,0,0.1,2.5,2.6,2.1,2.5,0.2,2.4,2.6,0,2.3,0,-0.866025404,-0.5
122,Normal,537.4,109046.4,17446.5,486.1,98979.6,222.6,221.3,221.8,129.3,128.3,127.8,46.2,46.2,46.2,60,1,51.4,49.3,44.4,0,45.4,0,0,0,0,0/0,192,0,0,65530,11,87.6,36,10,620.2,602.1,583.3,580.9,604.2,613,604.1,577.4,5.8,2.5,3,5.3,3.1,2.8,2.9,2.9,3597.1,1505.2,1749.9,3078.7,1873,1716.4,1751.8,1674.4,622.7,622.7,606,606,583.1,583.1,578.7,578.7,607.1,607.1,614,608.5,608.5,577.9,3.4,2.2,3.2,0,0.1,3,3,2.4,3,0.2,2.7,3,0,3,0,-0.866025404,-0.5
122,Normal,538.8,109047.8,18552.7,487.4,98980.9,222.5,221.3,221.7,129.3,128.2,127.8,48.4,48.2,48.2,60,1,52.6,49.3,44.1,0,46.1,0,0,0,0,0/0,192,0,0,65530,11,49,5.3,3.5,607.9,602.9,585.8,580.1,602.5,584.5,594,578.7,6.4,2.8,3,5.4,3.4,3.2,3.2,3,3890.5,1688.1,1757.4,3132.5,2048.5,1870.4,1900.8,1736.1,612.2,612.2,603.7,603.7,589.1,589.1,576.6,576.6,602.1,602.1,587.5,590.4,590.4,576.2,3.7,2.4,3.2,0,0.1,2.9,3.1,2.3,3.2,0.2,3.1,3.3,0,3,0,-0.965925826,-0.258819045
122,Normal,540.1,109049.1,17563.4,488.4,98981.9,222.5,221.3,221.6,129.3,128.2,127.8,46.2,46,46.1,60,1,53,49.1,43.8,0,46.7,0,0,0,0,0/0,192,0,0,65530,11,84.6,38.1,84.1,605.6,618.5,594.5,574.8,590.6,585.8,608.7,575.7,6,2.4,2.8,5.2,3.4,3.1,3,3,3633.6,1484.4,1664.6,2988.9,2008,1815.9,1826.1,1727.1,600.3,600.3,614.3,614.3,597,597,578.5,578.5,589.6,589.6,582,607.9,607.9,569.2,3.6,2.2,3,0,0,2.7,3,2.2,3.1,0.2,3,3.1,0,3,0,-0.965925826,-0.258819045
122,Normal,541.3,109050.4,11120.3,489.2,98982.7,222.3,221.2,221.4,129,128.1,127.7,29.2,29.2,29.1,60,1,51.2,48.8,43.6,0,46.5,0,0,0,0,0/0,192,0,0,65530,11,48.3,55.1,57.4,600.8,609.3,597.4,567.8,572,561.5,594.7,584.8,3.6,1.6,1.8,3.3,2.2,1.9,1.7,1.5,2162.8,974.8,1075.3,1873.7,1258.4,1066.8,1010.9,877.2,601.7,601.7,610.8,610.8,590.8,590.8,566.5,566.5,576.8,576.8,564.6,586.7,586.7,583,2.5,1,2.2,0,0,1.8,1.9,1.4,1.8,0.3,1.8,1.9,0,1.6,0,-0.965925826,-0.258819045
122,Normal,541.9,109051,10527.2,489.6,98983.1,222.4,221,221.5,129.2,128.1,127.7,27.7,27.8,27.7,60,1,49.9,49.3,43.6,0,45.3,0,0,0,0,0/0,192,0,0,65530,10,228.6,6.5,235.2,606.4,599.8,582.6,558.1,565.9,564.9,616.9,565.1,3.3,1.5,1.7,3.1,2.2,1.7,1.5,1.5,2001.1,899.7,990.4,1730.1,1244.9,960.3,925.3,847.6,600.5,600.5,603.6,603.6,582.6,582.6,555.3,555.3,565.6,565.6,564.8,616.9,616.9,565.2,2.4,0.9,2.1,0,0,1.7,1.9,1.2,1.8,0.3,1.7,1.8,0,1.6,0,-0.965925826,-0.258819045
122,Normal,542.6,109051.7,8212,490.2,98983.7,222.3,220.9,221.3,129.1,128,127.6,21.8,21.6,21.6,60,1,48.2,48.5,43.2,0,44.8,0,0,0,0,0/0,192,0,0,65530,11,46.9,41.2,26.8,601.5,590,578.8,567.9,583.7,589.1,609.1,571,2.5,1.1,1.4,2.2,1.8,1.2,1.2,1.1,1503.7,649,810.3,1249.3,1050.6,706.9,730.9,628.1,597.9,597.9,594.9,594.9,578.6,578.6,567.2,567.2,585.4,585.4,589.2,606.6,606.6,575.6,2,0.4,1.7,0,0.1,1.3,1.4,0.8,1.4,0.3,1.2,1.4,0,1.1,0,-0.965925826,-0.258819045
122,Normal,543.3,109052.4,7878.4,490.8,98984.3,222.2,221,221.2,129,128,127.6,21.1,21.1,21,60,1,47.3,49.9,42.9,0,44.1,0,0,0,0,0/0,192,0,0,65530,10,218.4,8,226.4,593.1,586.2,574.8,551.8,575.2,565,584.4,545.5,2.5,1,1.2,2.1,1.8,1.1,1.3,1.1,1482.7,586.2,689.7,1158.7,1035.3,621.5,759.7,600,591.2,591.2,585.7,585.7,572.2,572.2,551.8,551.8,575.3,575.3,558.5,590.6,590.6,545,1.9,0.4,1.6,0,0.1,1.1,1.5,0.6,1.4,0.2,1.1,1.5,0,1.2,0,-0.965925826,-0.258819045
122,Normal,543.9,109053,6547.5,491.3,98984.8,222.4,220.8,221.3,129.1,128.1,127.5,32.4,32.6,31.8,59.9,1,46.3,48.7,42.4,0,43.6,0,0,0,0,0/0,192,0,0,65530,12,179.7,33.9,225,615,624.8,573.3,570.5,573.4,540,546.3,523.8,1.9,0.7,0.9,1.5,1.6,0.9,1.1,0.9,1168.5,437.3,515.9,855.7,917.4,486,600.9,471.4,594.2,594.2,605.2,605.2,560,560,547.5,547.5,553.8,553.8,527.3,568.7,568.7,539.6,1.6,0.2,1.3,0,0,0.8,1.2,0.3,1.2,0.3,0.9,1.4,0,1,0,-0.965925826,-0.258819045
122,Normal,544.4,109053.5,4690,491.5,98985,222.3,220.9,221.3,129,128,127.6,8.5,7.5,8.8,60,1,45.3,49.4,42.1,0,42.9,0,0,0,0,0/0,192,0,0,65530,10,264.9,11,275.9,598.6,532.5,531.6,536.2,538,484.8,575.8,526.6,1.3,0.4,0.7,1.1,1.2,0.6,0.8,0.5,778.1,213,372.1,589.8,645.6,290.8,460.6,263.3,587.4,587.4,520,520,519.5,519.5,524,524,524.9,524.9,475.5,576.7,576.7,528.2,1.3,0,1.2,0,0.1,0.6,0.9,0.1,0.9,0.3,0.5,1,0,0.5,0,-0.965925826,-0.258819045
122,Normal,544.7,109053.8,4740.8,492,98985.5,222.3,221.1,221.3,129,128.1,127.7,20.8,22.9,20.6,60,1,45.1,49.8,41.8,0,43,0,0,0,0,0/0,192,0,0,65530,12,81.6,73.2,192.1,618.3,550.9,554.2,559.9,550.5,475.8,543.1,523.4,1.3,0.5,0.7,1.1,1.3,0.7,0.8,0.5,803.7,275.4,387.9,615.8,715.6,333,434.4,261.7,620.7,620.7,553.3,553.3,560,560,561.5,561.5,552.7,552.7,483.3,536.4,536.4,510.8,1.4,0,1.2,0,0.1,0.5,1,0.1,0.9,0.3,0.6,1,0,0.6,0,-0.965925826,-0.258819045
122,Normal,545.2,109054.3,5091.8,492.1,98985.6,222.5,221.2,221.5,129.1,128.3,127.7,15.4,16.9,15,60,1,45.1,50,41.4,0,43,0,0,0,0,0/0,192,0,0,65530,11,135.4,46.3,137.4,627.8,568.1,558.6,557.3,563.6,490.2,563.1,480,1.2,0.4,0.7,1.2,1.3,0.8,0.8,0.6,753.3,227.2,391,668.7,732.6,392.1,450.4,288,626,626,567,567,557.8,557.8,563.2,563.2,569.2,569.2,487.7,566.6,566.6,478.8,1.4,0,1.3,0,0.1,0.6,1,0.1,1,0.3,0.7,1,0,0.7,0,-0.965925826,-0.258819045
122,Normal,545.6,109054.6,4041.8,492.5,98986,222.7,221.3,221.7,129.3,128.3,127.8,6.9,7.8,7,60,1,45.1,49.9,41.1,0,43.3,0,0,0,0,0/0,192,0,0,65530,11,73.7,23,5.9,592.1,613.6,550.6,532.9,572.6,481.9,504.6,459.2,1.1,0.4,0.6,0.9,1,0.6,0.9,0.5,651.3,245.4,330.3,479.6,572.6,289.1,454.1,229.6,595,595,560.5,560.5,536.2,536.2,515.6,515.6,556,556,471.1,506.9,506.9,462.8,1.1,0,1.1,0,0.1,0.5,0.9,0.1,0.8,0.2,0.6,0.9,0,0.5,0,-0.965925826,-0.258819045
122,Normal,546,109055,3496.6,492.5,98986,222.3,220.9,221.3,129,128.1,127.6,13.3,14.3,12.6,60,1,44.7,49.9,40.9,0,43.1,0,0,0,0,0/0,192,0,0,65530,9,134.8,27,152.3,595.8,543,544.8,511.3,533,476.3,529.2,434.3,0.8,0.3,0.5,0.8,1,0.4,0.6,0.4,476.6,162.9,272.4,409,533,190.5,317.5,173.7,610.1,610.1,550.6,550.6,551,551,507.4,507.4,530.8,530.8,478.2,535.6,535.6,440.8,1.1,0,1,0,0.1,0.4,0.8,0,0.7,0.3,0.4,0.8,0,0.5,0,-0.965925826,-0.258819045
122,Normal,546.2,109055.2,3041.3,492.8,98986.3,222.5,221.3,221.7,129.1,128.3,127.8,15.6,14.8,16,60,1,44,49.7,40.6,0,42.6,0,0,0,0,0/0,192,0,0,65530,10,16.9,42.4,137.9,550,472.5,519.2,515.3,556.5,453,488.2,447.4,0.8,0.1,0.5,0.6,0.8,0.3,0.6,0.2,440,47.2,259.6,309.1,445.2,135.9,292.9,89.4,542.3,542.3,475.3,475.3,527.5,527.5,526.3,526.3,566,566,457.7,491.3,491.3,445.3,1.1,0,0.9,0,0.1,0.4,0.7,0,0.6,0.1,0.2,0.7,0,0.2,0,-1,-1.83772E-16
122,Normal,546.5,109055.5,2279.4,492.9,98986.4,222.6,221.6,221.9,129.2,128.3,128,11.9,12.3,11.6,60,1,43.2,49.1,40.3,0,41.9,0,0,0,0,0/0,192,0,0,65530,11,0,0,0,565.9,166.1,534.8,490.6,500.7,455.7,469.3,343.1,0.6,0,0.4,0.5,0.7,0.2,0.5,0.1,339.5,0,213.9,245.3,350.4,91.1,234.6,34.3,554.1,554.1,168.5,168.5,535,535,483.8,483.8,493.2,493.2,455.3,465.5,465.5,347.9,1,0,0.8,0,0.1,0.4,0.6,0,0.5,0.1,0.2,0.7,0,0.2,0,-1,-1.83772E-16
122,Normal,546.6,109055.6,1717.6,493.1,98986.6,222.3,221.2,221.6,129.1,128,127.8,3.2,3.9,3.7,60,1,42.4,48.4,40,0,41,0,0,0,0,0/0,192,0,0,65530,9,0,0,0,541.7,190.3,524.1,472.3,457.6,430.9,465.1,179.1,0.4,0,0.3,0.2,0.6,0,0.4,0.1,216.6,0,157.2,94.4,274.5,0,186,17.9,562.4,562.4,129,129,533.6,533.6,470.6,470.6,470.9,470.9,449.6,461.3,461.3,168.3,0.9,0,0.7,0,0.1,0.3,0.5,0,0.4,0.1,0,0.6,0,0.1,0,-1,-1.83772E-16
122,Normal,546.7,109055.7,884.3,493.1,98986.6,222.3,221.1,221.6,129.1,128,127.8,2.7,2.7,2.7,60,1,42.7,50,39.8,0,41.8,0,0,0,0,0/0,192,0,0,65530,10,0,0,0,542.3,542.5,515.9,541.7,482.5,542.3,465.9,525,0.1,0,0.2,0,0.4,0,0.3,0,54.2,0,103.1,0,193,0,139.7,0,539.8,539.8,252.5,252.5,512.1,512.1,229.2,229.2,481.1,481.1,539.8,465,465,215.2,0.7,0,0.6,0,0.1,0.1,0.4,0,0.3,0.2,0,0.4,0,0,0,-1,-1.83772E-16
122,Normal,546.8,109055.8,362.8,493.1,98986.6,222.5,221.4,221.8,129.2,128.2,127.9,2.6,2.7,2.9,59.9,1,41.4,49.1,39.7,0,40.4,0,0,0,0,0/0,192,0,0,65530,10,0,0,0,77.5,540.5,541.1,41,504.1,540.3,464.8,23.4,0,0,0.1,0,0.2,0,0.2,0,0,0,54.1,0,100.8,0,92.9,0,58.6,58.6,537.8,537.8,538.4,538.4,32.2,32.2,499,499,537.6,465.3,465.3,19.1,0.6,0,0.4,0,0.1,0,0.2,0,0.2,0,0,0.3,0,0,0,-1,-1.83772E-16
122,Normal,546.8,109055.8,233.1,493.1,98986.6,222.6,221.5,221.8,129.1,128.2,127.9,2,2.5,2.4,59.9,1,41.3,47.9,39.4,0,40.6,0,0,0,0,0/0,192,0,0,65530,10,0,0,0,492.6,7.8,484.1,492.1,455.8,10.1,456,10.5,0,0,0.1,0,0.1,0,0,0,0,0,48.4,0,45.5,0,0,0,92.8,92.8,489.8,489.8,476.5,476.5,489.2,489.2,461.2,461.2,489.6,458.2,458.2,482.2,0.5,0,0.4,0,0.1,0,0.2,0,0.1,0,0,0.2,0,0,0,-1,-1.83772E-16
122,Normal,546.8,109055.8,195.6,493.1,98986.6,222.4,221.5,221.8,129.1,128.1,128,2.5,2.9,2.7,60,1,40.1,49.1,39.3,0,39.4,0,0,0,0,0/0,192,0,0,65530,9,0,0,0,29.9,530.5,518.2,13,453,458.5,447.9,522.7,0,0,0,0,0.1,0,0.1,0,0,0,0,0,45.3,0,44.7,0,19.2,19.2,140.6,140.6,515.3,515.3,528.1,528.1,450.8,450.8,528.6,452.2,452.2,522.5,0.5,0,0.3,0,0.1,0,0.1,0,0.1,0,0,0.2,0,0,0,-1,-1.83772E-16
122,Normal,546.8,109055.8,166.3,493.1,98986.6,222,221,221.5,129,127.8,127.8,2.2,2.5,2.6,60,1,40.3,49.9,39.1,0,39.8,0,0,0,0,0/0,192,0,0,65530,10,0,0,0,531.6,530.5,530.5,6.2,180.8,173.5,209.3,498.2,0,0,0,0,0,0,0,0,0,0,0,0,0,0,0,0,47.9,47.9,529.2,529.2,529.2,529.2,3.9,3.9,179.3,179.3,530.7,179,179,497.6,0.5,0,0.3,0,0,0,0.1,0,0,0,0,0.2,0,0,0,-1,-1.83772E-16
122,Normal,546.9,109055.9,173.5,493.1,98986.6,222.1,220.8,221.3,128.9,127.9,127.6,2.3,2.6,2.7,60,1,38.5,48.2,38.8,0,38.1,0,0,0,0,0/0,192,0,0,65530,10,0,0,0,3.7,3.5,448.4,434.5,442.1,2.7,280.2,4.2,0,0,0.1,0,0,0,0,0,0,0,44.8,0,0,0,0,0,149.4,149.4,2.6,2.6,447.9,447.9,53.8,53.8,20.8,20.8,2.6,438.4,438.4,4,0.5,0,0.3,0,0.1,0,0.1,0,0,0,0,0.1,0,0,0,-1,-1.83772E-16
122,Normal,546.9,109055.9,127.9,493.1,98986.6,222.1,220.9,221.5,128.7,127.7,127.4,1.8,2.1,2.1,60,1,38.5,49.1,38.5,0,38.2,0,0,0,0,0/0,192,0,0,65530,10,0,0,0,257.6,2.6,343.7,334,270.1,2.7,11.6,270,0,0,0.1,0,0,0,0,0,0,0,34.3,0,0,0,0,0,354.6,354.6,174.4,174.4,348.2,348.2,2.7,2.7,3.2,3.2,2.6,216.4,216.4,3.6,0.5,0,0.3,0,0.1,0,0.1,0,0,0,0,0.1,0,0,0,-1,-1.83772E-16
122,Waiting,546.9,109055.9,0,493.1,98986.6,221.9,221,221.5,128.6,127.5,127.5,0,0,0,60,1,36.5,49,38.1,0,37.4,0,0,0,0,0/0,0,0,0,65530,12,0,0,0,91.7,91,90.6,91.7,91.4,91.5,91.5,92,0,0,0,0,0,0,0,0,0,0,0,0,0,0,0,0,92.2,92.2,91.4,91.4,91,91,92.1,92.1,91.8,91.8,91.9,91.9,91.9,92.5,0,0,0,0,0,0,0,0,0,0,0,0,0,0,0,-1,-1.83772E-16
122,Waiting,546.9,109055.9,0,493.1,98986.6,222.3,221.4,221.7,128.7,127.9,127.6,0,0,0,60,1,35.5,47.6,37.5,0,36.2,0,0,0,0,0/0,0,0,0,65530,12,0,0,0,65.7,64.9,64.4,65.6,65.3,65.4,65.4,66,0,0,0,0,0,0,0,0,0,0,0,0,0,0,0,0,65.7,65.7,64.9,64.9,64.4,64.4,65.6,65.6,65.3,65.3,65.4,65.4,65.4,66.1,0,0,0,0,0,0,0,0,0,0,0,0,0,0,0,-1,-1.83772E-16
122,Waiting,546.9,109055.9,0,493.1,98986.6,222.6,220.6,222.1,129.1,127.6,127.4,0,0,0,60,1,34.9,46.6,37,0,35.4,0,0,0,0,0/0,0,0,0,65530,12,0,0,0,55.3,54.5,54,55.3,54.9,55,55,55.7,0,0,0,0,0,0,0,0,0,0,0,0,0,0,0,0,55.2,55.2,54.4,54.4,53.9,53.9,55.2,55.2,54.8,54.8,54.9,55,55,55.6,0,0,0,0,0,0,0,0,0,0,0,0,0,0,0,-0.965925826,0.258819045
122,Waiting,546.9,109055.9,0,493.1,98986.6,222.3,221.3,221.9,128.8,127.8,127.7,0,0,0,59.9,1,34,45.8,36.6,0,34.6,0,0,0,0,0/0,0,0,0,65530,12,0,0,0,42.3,41.4,40.9,42.3,41.9,42,42,42.7,0,0,0,0,0,0,0,0,0,0,0,0,0,0,0,0,42.2,42.2,41.3,41.3,40.8,40.8,42.2,42.2,41.8,41.8,41.9,42,42,42.6,0,0,0,0,0,0,0,0,0,0,0,0,0,0,0,-0.965925826,0.258819045
122,Waiting,546.9,109055.9,0,493.1,98986.6,222.2,221.2,221.6,128.7,127.7,127.5,0,0,0,60,1,33.3,45.2,36.1,0,33.7,0,0,0,0,0/0,0,0,0,65530,11,0,0,0,32.2,31.3,30.8,32.2,31.8,31.9,31.9,32.6,0,0,0,0,0,0,0,0,0,0,0,0,0,0,0,0,32.1,32.1,31.3,31.3,30.7,30.7,32.2,32.2,31.7,31.7,31.8,31.9,31.9,32.6,0,0,0,0,0,0,0,0,0,0,0,0,0,0,0,-0.965925826,0.258819045
122,Waiting,546.9,109055.9,0,493.1,98986.6,222.6,220.5,222.1,129.1,127.6,127.3,0,0,0,60,1,33.1,44.6,35.7,0,33.3,0,0,0,0,0/0,0,0,0,65530,11,0,0,0,27.5,26.6,26.1,27.5,27.1,27.2,27.3,28,0,0,0,0,0,0,0,0,0,0,0,0,0,0,0,0,27.5,27.5,26.6,26.6,26.1,26.1,27.5,27.5,27.1,27.1,27.2,27.3,27.3,28,0,0,0,0,0,0,0,0,0,0,0,0,0,0,0,-0.965925826,0.258819045
122,Waiting,546.9,109055.9,0,493.1,98986.6,222.4,221.6,221.8,128.7,128,127.7,0,0,0,60,1,32.8,44.2,35.5,0,33,0,0,0,0,0/0,0,0,0,65530,11,0,0,0,25.4,24.5,24,25.4,25,25.1,25.2,25.9,0,0,0,0,0,0,0,0,0,0,0,0,0,0,0,0,25.4,25.4,24.5,24.5,23.9,23.9,25.4,25.4,25,25,25.1,25.2,25.2,25.9,0,0,0,0,0,0,0,0,0,0,0,0,0,0,0,-0.965925826,0.258819045
122,Waiting,546.9,109055.9,0,493.1,98986.6,222.4,221.3,221.9,128.8,127.8,127.6,0,0,0,60,1,32.5,43.8,35.2,0,32.6,0,0,0,0,0/0,0,0,0,65530,10,0,0,0,23.1,22.2,21.7,23.2,22.7,22.8,22.9,23.6,0,0,0,0,0,0,0,0,0,0,0,0,0,0,0,0,23.1,23.1,22.2,22.2,21.6,21.6,23.2,23.2,22.7,22.7,22.8,22.9,22.9,23.6,0,0,0,0,0,0,0,0,0,0,0,0,0,0,0,-0.965925826,0.258819045
122,Waiting,546.9,109055.9,0,493.1,98986.6,222.5,221.7,222,128.8,128,127.8,0,0,0,60,1,32.6,43.5,35,0,32.5,0,0,0,0,0/0,0,0,0,65530,10,0,0,0,23.4,22.5,21.9,23.4,23,23.1,23.2,23.9,0,0,0,0,0,0,0,0,0,0,0,0,0,0,0,0,23.4,23.4,22.5,22.5,21.9,21.9,23.4,23.4,23,23,23.1,23.1,23.1,23.8,0,0,0,0,0,0,0,0,0,0,0,0,0,0,0,-0.965925826,0.258819045
122,Waiting,546.9,109055.9,0,493.1,98986.6,222.8,222.1,222.3,129,128.2,128,0,0,0,60,1,32.5,43.2,34.8,0,32.4,0,0,0,0,0/0,0,0,0,65530,10,0,0,0,24.9,24,23.4,24.9,24.5,24.6,24.6,25.4,0,0,0,0,0,0,0,0,0,0,0,0,0,0,0,0,24.9,24.9,24,24,23.4,23.4,24.9,24.9,24.5,24.5,24.6,24.6,24.6,25.3,0,0,0,0,0,0,0,0,0,0,0,0,0,0,0,-0.965925826,0.258819045
122,Waiting,546.9,109055.9,0,493.1,98986.6,222.9,222.1,222.4,129.1,128.2,128,0,0,0,60,1,32.2,43,34.6,0,32.2,0,0,0,0,0/0,0,0,0,65530,10,0,0,0,25.2,24.3,23.7,25.2,24.8,24.9,24.9,25.6,0,0,0,0,0,0,0,0,0,0,0,0,0,0,0,0,25.1,25.1,24.2,24.2,23.7,23.7,25.2,25.2,24.7,24.7,24.9,24.9,24.9,25.6,0,0,0,0,0,0,0,0,0,0,0,0,0,0,0,-0.965925826,0.258819045
122,Waiting,546.9,109055.9,0,493.1,98986.6,223.2,222.3,222.7,129.3,128.3,128.1,0,0,0,60,1,32.1,42.7,34.4,0,32,0,0,0,0,0/0,0,0,0,65530,10,0,0,0,25.3,24.4,23.9,25.4,25,25,25.1,25.8,0,0,0,0,0,0,0,0,0,0,0,0,0,0,0,0,25.3,25.3,24.4,24.4,23.9,23.9,25.4,25.4,24.9,24.9,25,25.1,25.1,25.8,0,0,0,0,0,0,0,0,0,0,0,0,0,0,0,-0.965925826,0.258819045
122,Waiting,546.9,109055.9,0,493.1,98986.6,223,222.2,222.5,129.1,128.3,128.1,0,0,0,60,1,32,42.6,34.3,0,31.9,0,0,0,0,0/0,0,0,0,65530,10,0,0,0,25,24.1,23.6,25.1,24.6,24.7,24.8,25.5,0,0,0,0,0,0,0,0,0,0,0,0,0,0,0,0,25,25,24.1,24.1,23.6,23.6,25.1,25.1,24.7,24.7,24.8,24.8,24.8,25.5,0,0,0,0,0,0,0,0,0,0,0,0,0,0,0,-0.965925826,0.258819045
122,Waiting,546.9,109055.9,0,493.1,98986.6,223.3,222.5,222.8,129.3,128.4,128.3,0,0,0,60,1,31.9,42.4,34.1,0,31.8,0,0,0,0,0/0,0,0,0,65530,10,0,0,0,24.7,23.7,23.2,24.7,24.3,24.4,24.4,25.1,0,0,0,0,0,0,0,0,0,0,0,0,0,0,0,0,24.7,24.7,23.7,23.7,23.2,23.2,24.7,24.7,24.3,24.3,24.4,24.4,24.4,25.1,0,0,0,0,0,0,0,0,0,0,0,0,0,0,0,-0.965925826,0.258819045
122,Waiting,546.9,109055.9,0,493.1,98986.6,223.7,222.6,223.2,129.6,128.6,128.4,0,0,0,60,1,31.8,42.2,34,0,31.6,0,0,0,0,0/0,0,0,0,65530,10,0,0,0,23.8,22.9,22.3,23.8,23.4,23.5,23.6,24.3,0,0,0,0,0,0,0,0,0,0,0,0,0,0,0,0,23.8,23.8,22.9,22.9,22.4,22.4,23.8,23.8,23.4,23.4,23.5,23.6,23.6,24.3,0,0,0,0,0,0,0,0,0,0,0,0,0,0,0,-0.866025404,0.5
122,Waiting,546.9,109055.9,0,493.1,98986.6,224,222.9,223.4,129.7,128.7,128.5,0,0,0,60,1,31.8,42.1,33.8,0,31.5,0,0,0,0,0/0,0,0,0,65530,10,0,0,0,26.3,25.4,24.8,26.3,25.9,26,26,26.7,0,0,0,0,0,0,0,0,0,0,0,0,0,0,0,0,26.3,26.3,25.4,25.4,24.8,24.8,26.3,26.3,25.9,25.9,25.9,26,26,26.7,0,0,0,0,0,0,0,0,0,0,0,0,0,0,0,-0.866025404,0.5
122,Waiting,546.9,109055.9,0,493.1,98986.6,224.3,223.1,223.6,129.8,128.9,128.6,0,0,0,60,1,31.7,41.9,33.7,0,31.4,0,0,0,0,0/0,0,0,0,65530,10,0,0,0,28,27.1,26.6,28,27.6,27.7,27.8,28.5,0,0,0,0,0,0,0,0,0,0,0,0,0,0,0,0,28,28,27.1,27.1,26.6,26.6,28,28,27.6,27.6,27.7,27.8,27.8,28.4,0,0,0,0,0,0,0,0,0,0,0,0,0,0,0,-0.866025404,0.5
122,Waiting,546.9,109055.9,0,493.1,98986.6,224.7,223.7,224.1,130.1,129.2,129,0,0,0,60,1,31.5,41.8,33.6,0,31.3,0,0,0,0,0/0,0,0,0,65530,10,0,0,0,28.2,27.3,26.7,28.2,27.8,27.9,27.9,28.6,0,0,0,0,0,0,0,0,0,0,0,0,0,0,0,0,28.2,28.2,27.3,27.3,26.7,26.7,28.2,28.2,27.8,27.8,27.9,27.9,27.9,28.6,0,0,0,0,0,0,0,0,0,0,0,0,0,0,0,-0.866025404,0.5
122,Waiting,546.9,109055.9,0,493.1,98986.6,224.7,223.5,224,130.1,129.1,128.8,0,0,0,60,1,31.5,41.6,33.5,0,31.2,0,0,0,0,0/0,0,0,0,65530,10,0,0,0,26.9,26,25.5,26.9,26.5,26.6,26.6,27.4,0,0,0,0,0,0,0,0,0,0,0,0,0,0,0,0,26.9,26.9,26,26,25.5,25.5,26.9,26.9,26.5,26.5,26.6,26.7,26.7,27.4,0,0,0,0,0,0,0,0,0,0,0,0,0,0,0,-0.866025404,0.5
122,Waiting,546.9,109055.9,0,493.1,98986.6,224.9,223.6,224.4,130.3,129.2,129,0,0,0,60,1,31.3,41.4,33.3,0,31,0,0,0,0,0/0,0,0,0,65530,10,0,0,0,22.9,22,21.4,22.9,22.5,22.6,22.7,23.4,0,0,0,0,0,0,0,0,0,0,0,0,0,0,0,0,22.9,22.9,22,22,21.4,21.4,22.9,22.9,22.5,22.5,22.6,22.6,22.6,23.4,0,0,0,0,0,0,0,0,0,0,0,0,0,0,0,-0.866025404,0.5
122,Waiting,546.9,109055.9,0,493.1,98986.6,225.1,223.8,224.3,130.3,129.3,129,0,0,0,60,1,31.2,41.3,33.1,0,30.9,0,0,0,0,0/0,0,0,0,65530,9,0,0,0,23.8,22.9,22.4,23.9,23.4,23.5,23.6,24.3,0,0,0,0,0,0,0,0,0,0,0,0,0,0,0,0,23.8,23.8,23,23,22.4,22.4,23.8,23.8,23.5,23.5,23.6,23.6,23.6,24.3,0,0,0,0,0,0,0,0,0,0,0,0,0,0,0,-0.866025404,0.5
122,Waiting,546.9,109055.9,0,493.1,98986.6,225.1,223.8,224.4,130.3,129.3,129,0,0,0,60,1,31.2,41.2,33,0,30.8,0,0,0,0,0/0,0,0,0,65530,9,0,0,0,24.9,24,23.4,24.9,24.5,24.6,24.6,25.4,0,0,0,0,0,0,0,0,0,0,0,0,0,0,0,0,24.9,24.9,24,24,23.4,23.4,24.9,24.9,24.5,24.5,24.6,24.7,24.7,25.4,0,0,0,0,0,0,0,0,0,0,0,0,0,0,0,-0.866025404,0.5
122,Waiting,546.9,109055.9,0,493.1,98986.6,224.9,223.5,224.2,130.3,129.2,128.9,0,0,0,60,1,31.1,41.1,33,0,30.7,0,0,0,0,0/0,0,0,0,65530,10,0,0,0,24,23.1,22.6,24,23.6,23.7,23.7,24.5,0,0,0,0,0,0,0,0,0,0,0,0,0,0,0,0,24,24,23.1,23.1,22.6,22.6,24.1,24.1,23.6,23.6,23.7,23.8,23.8,24.5,0,0,0,0,0,0,0,0,0,0,0,0,0,0,0,-0.866025404,0.5
122,Waiting,546.9,109055.9,0,493.1,98986.6,224.8,224.6,224,129.9,129.6,129.3,0,0,0,60,1,31.1,41.2,32.9,0,30.7,0,0,0,0,0/0,0,0,0,65530,10,0,0,0,22.6,21.7,21.1,22.6,22.2,22.3,22.4,23.1,0,0,0,0,0,0,0,0,0,0,0,0,0,0,0,0,22.6,22.6,21.7,21.7,21.1,21.1,22.6,22.6,22.2,22.2,22.3,22.4,22.4,23.1,0,0,0,0,0,0,0,0,0,0,0,0,0,0,0,-0.866025404,0.5
122,Waiting,546.9,109055.9,0,493.1,98986.6,225.3,223.8,224.5,130.4,129.4,129.1,0,0,0,60,1,31.1,41.1,32.9,0,30.6,0,0,0,0,0/0,0,0,0,65530,10,0,0,0,22.9,21.9,21.4,22.9,22.5,22.6,22.6,23.3,0,0,0,0,0,0,0,0,0,0,0,0,0,0,0,0,22.8,22.8,21.9,21.9,21.4,21.4,22.9,22.9,22.5,22.5,22.6,22.6,22.6,23.3,0,0,0,0,0,0,0,0,0,0,0,0,0,0,0,-0.866025404,0.5
122,Waiting,546.9,109055.9,0,493.1,98986.6,225.3,223.7,224.6,130.5,129.3,129,0,0,0,60,1,31,41,32.8,0,30.6,0,0,0,0,0/0,0,0,0,65530,10,0,0,0,22.4,21.4,20.9,22.4,22,22.1,22.1,22.8,0,0,0,0,0,0,0,0,0,0,0,0,0,0,0,0,22.4,22.4,21.4,21.4,20.9,20.9,22.4,22.4,22,22,22.1,22.2,22.2,22.9,0,0,0,0,0,0,0,0,0,0,0,0,0,0,0,-0.707106781,0.707106781
122,Waiting,546.9,109055.9,0,493.1,98986.6,225.3,223.9,224.5,130.4,129.4,129.1,0,0,0,60,1,31,40.9,32.8,0,30.5,0,0,0,0,0/0,0,0,0,65530,9,0,0,0,22.5,21.5,21,22.5,22.1,22.2,22.2,22.9,0,0,0,0,0,0,0,0,0,0,0,0,0,0,0,0,22.5,22.5,21.5,21.5,21,21,22.5,22.5,22.1,22.1,22.2,22.2,22.2,22.9,0,0,0,0,0,0,0,0,0,0,0,0,0,0,0,-0.707106781,0.707106781
122,Waiting,546.9,109055.9,0,493.1,98986.6,225.5,223.9,224.7,130.6,129.5,129.1,0,0,0,59.9,1,31,40.9,32.7,0,30.5,0,0,0,0,0/0,0,0,0,65530,9,0,0,0,22.4,21.4,20.9,22.4,22,22,22.1,22.8,0,0,0,0,0,0,0,0,0,0,0,0,0,0,0,0,22.4,22.4,21.4,21.4,20.9,20.9,22.4,22.4,22,22,22.1,22.1,22.1,22.8,0,0,0,0,0,0,0,0,0,0,0,0,0,0,0,-0.707106781,0.707106781
122,Waiting,546.9,109055.9,0,493.1,98986.6,225.5,224.1,224.9,130.6,129.5,129.3,0,0,0,60,1,31,40.8,32.7,0,30.5,0,0,0,0,0/0,0,0,0,65530,10,0,0,0,23,22.1,21.5,23,22.6,22.7,22.7,23.5,0,0,0,0,0,0,0,0,0,0,0,0,0,0,0,0,23,23,22.1,22.1,21.5,21.5,23,23,22.6,22.6,22.7,22.8,22.8,23.5,0,0,0,0,0,0,0,0,0,0,0,0,0,0,0,-0.707106781,0.707106781
122,Waiting,546.9,109055.9,0,493.1,98986.6,225.5,224,224.9,130.6,129.5,129.3,0,0,0,60,1,31,40.8,32.7,0,30.5,0,0,0,0,0/0,0,0,0,65530,9,0,0,0,22.3,21.4,20.9,22.4,21.9,22,22.1,22.8,0,0,0,0,0,0,0,0,0,0,0,0,0,0,0,0,22.4,22.4,21.4,21.4,20.9,20.9,22.4,22.4,22,22,22,22.1,22.1,22.8,0,0,0,0,0,0,0,0,0,0,0,0,0,0,0,-0.707106781,0.707106781
122,Waiting,546.9,109055.9,0,493.1,98986.6,225.3,223.8,224.8,130.6,129.4,129.1,0,0,0,60,1,31,40.7,32.7,0,30.5,0,0,0,0,0/0,0,0,0,65530,9,0,0,0,25.9,25,24.5,25.9,25.5,25.6,25.6,26.4,0,0,0,0,0,0,0,0,0,0,0,0,0,0,0,0,25.9,25.9,25,25,24.5,24.5,25.9,25.9,25.5,25.5,25.6,25.7,25.7,26.4,0,0,0,0,0,0,0,0,0,0,0,0,0,0,0,-0.707106781,0.707106781
122,Waiting,546.9,109055.9,0,493.1,98986.6,225.5,224.1,225,130.7,129.5,129.3,0,0,0,60,1,30.9,40.6,32.6,0,30.4,0,0,0,0,0/0,0,0,0,65530,9,0,0,0,31.7,30.8,30.2,31.7,31.3,31.4,31.4,32.1,0,0,0,0,0,0,0,0,0,0,0,0,0,0,0,0,31.7,31.7,30.8,30.8,30.2,30.2,31.7,31.7,31.3,31.3,31.4,31.4,31.4,32.1,0,0,0,0,0,0,0,0,0,0,0,0,0,0,0,-0.707106781,0.707106781
122,Waiting,546.9,109055.9,0,493.1,98986.6,225.4,223.9,224.8,130.6,129.4,129.2,0,0,0,60,1,30.9,40.6,32.6,0,30.4,0,0,0,0,0/0,0,0,0,65530,9,0,0,0,34,33.1,32.5,34,33.6,33.7,33.7,34.4,0,0,0,0,0,0,0,0,0,0,0,0,0,0,0,0,34,34,33.1,33.1,32.5,32.5,34,34,33.6,33.6,33.7,33.7,33.7,34.4,0,0,0,0,0,0,0,0,0,0,0,0,0,0,0,-0.707106781,0.707106781
122,Waiting,546.9,109055.9,0,493.1,98986.6,225.3,223.8,224.8,130.6,129.3,129.1,0,0,0,60,1,30.9,40.5,32.5,0,30.4,0,0,0,0,0/0,0,0,0,65530,9,0,0,0,35.8,35,34.5,35.8,35.4,35.6,35.5,36.3,0,0,0,0,0,0,0,0,0,0,0,0,0,0,0,0,35.9,35.9,35,35,34.5,34.5,35.8,35.8,35.4,35.4,35.6,35.6,35.6,36.3,0,0,0,0,0,0,0,0,0,0,0,0,0,0,0,-0.707106781,0.707106781
122,Waiting,546.9,109055.9,0,493.1,98986.6,225.3,223.6,224.8,130.6,129.2,129.1,0,0,0,60,1,30.9,40.5,32.5,0,30.3,0,0,0,0,0/0,0,0,0,65530,9,0,0,0,36.5,35.7,35.2,36.5,36.1,36.2,36.3,37,0,0,0,0,0,0,0,0,0,0,0,0,0,0,0,0,36.5,36.5,35.7,35.7,35.2,35.2,36.5,36.5,36.1,36.1,36.3,36.3,36.3,37,0,0,0,0,0,0,0,0,0,0,0,0,0,0,0,-0.707106781,0.707106781
122,Waiting,546.9,109055.9,0,493.1,98986.6,225.5,223.8,224.9,130.7,129.4,129.2,0,0,0,60,1,30.8,40.4,32.4,0,30.3,0,0,0,0,0/0,0,0,0,65530,9,0,0,0,32.5,31.7,31.1,32.5,32.1,32.2,32.2,33,0,0,0,0,0,0,0,0,0,0,0,0,0,0,0,0,32.5,32.5,31.7,31.7,31.1,31.1,32.5,32.5,32.1,32.1,32.2,32.2,32.2,33,0,0,0,0,0,0,0,0,0,0,0,0,0,0,0,-0.707106781,0.707106781
122,Waiting,546.9,109055.9,0,493.1,98986.6,225.4,223.6,224.7,130.6,129.3,129,0,0,0,60,1,30.8,40.3,32.3,0,30.3,0,0,0,0,0/0,0,0,0,65530,9,0,0,0,30,29.1,28.5,30,29.6,29.7,29.7,30.4,0,0,0,0,0,0,0,0,0,0,0,0,0,0,0,0,30,30,29.1,29.1,28.5,28.5,30,30,29.6,29.6,29.7,29.7,29.7,30.4,0,0,0,0,0,0,0,0,0,0,0,0,0,0,0,-0.707106781,0.707106781
122,Waiting,546.9,109055.9,0,493.1,98986.6,225.6,223.9,224.8,130.7,129.4,129.1,0,0,0,60,1,30.8,40.3,32.3,0,30.2,0,0,0,0,0/0,0,0,0,65530,9,0,0,0,32.9,32,31.4,32.9,32.5,32.6,32.6,33.3,0,0,0,0,0,0,0,0,0,0,0,0,0,0,0,0,32.9,32.9,32.1,32.1,31.5,31.5,32.9,32.9,32.5,32.5,32.6,32.7,32.7,33.4,0,0,0,0,0,0,0,0,0,0,0,0,0,0,0,-0.5,0.866025404
122,Waiting,546.9,109055.9,0,493.1,98986.6,226,224.2,225.5,131.1,129.6,129.4,0,0,0,60,1,30.7,40.2,32.2,0,30.2,0,0,0,0,0/0,0,0,0,65530,9,0,0,0,34.9,34,33.5,34.8,34.4,34.6,34.6,35.3,0,0,0,0,0,0,0,0,0,0,0,0,0,0,0,0,34.9,34.9,34,34,33.4,33.4,34.8,34.8,34.4,34.4,34.6,34.6,34.6,35.2,0,0,0,0,0,0,0,0,0,0,0,0,0,0,0,-0.5,0.866025404
122,Waiting,546.9,109055.9,0,493.1,98986.6,226,224.2,225.2,130.9,129.7,129.3,0,0,0,60,1,30.7,40.1,32.2,0,30.1,0,0,0,0,0/0,0,0,0,65530,9,0,0,0,38.3,37.5,36.9,38.3,37.9,38.1,38,38.7,0,0,0,0,0,0,0,0,0,0,0,0,0,0,0,0,38.3,38.3,37.5,37.5,36.9,36.9,38.3,38.3,37.9,37.9,38.1,38.1,38.1,38.7,0,0,0,0,0,0,0,0,0,0,0,0,0,0,0,-0.5,0.866025404
122,Waiting,546.9,109055.9,0,493.1,98986.6,225.7,224,225.1,130.8,129.5,129.3,0,0,0,60,1,30.6,40.1,32.1,0,30.1,0,0,0,0,0/0,0,0,0,65530,9,0,0,0,32.6,31.8,31.2,32.6,32.2,32.4,32.4,33.1,0,0,0,0,0,0,0,0,0,0,0,0,0,0,0,0,32.5,32.5,31.7,31.7,31.1,31.1,32.5,32.5,32.2,32.2,32.2,32.3,32.3,33,0,0,0,0,0,0,0,0,0,0,0,0,0,0,0,-0.5,0.866025404
122,Waiting,546.9,109055.9,0,493.1,98986.6,225.7,224,225.1,130.8,129.5,129.3,0,0,0,60,1,30.6,40,32.1,0,30,0,0,0,0,0/0,0,0,0,65530,9,0,0,0,26.6,25.7,25.2,26.6,26.2,26.3,26.3,27,0,0,0,0,0,0,0,0,0,0,0,0,0,0,0,0,26.6,26.6,25.7,25.7,25.1,25.1,26.6,26.6,26.2,26.2,26.3,26.3,26.3,27,0,0,0,0,0,0,0,0,0,0,0,0,0,0,0,-0.5,0.866025404
122,Waiting,546.9,109055.9,0,493.1,98986.6,225.6,223.9,225.1,130.8,129.4,129.3,0,0,0,60,1,30.6,40,32.1,0,30,0,0,0,0,0/0,0,0,0,65530,9,0,0,0,28.4,27.5,26.9,28.4,28,28.1,28.1,28.8,0,0,0,0,0,0,0,0,0,0,0,0,0,0,0,0,28.4,28.4,27.5,27.5,27,27,28.4,28.4,28,28,28.1,28.1,28.1,28.9,0,0,0,0,0,0,0,0,0,0,0,0,0,0,0,-0.5,0.866025404
122,Waiting,546.9,109055.9,0,493.1,98986.6,225.5,223.8,224.8,130.6,129.4,129.2,0,0,0,60,1,30.5,40,32.1,0,29.9,0,0,0,0,0/0,0,0,0,65530,9,0,0,0,26.9,26,25.5,26.9,26.5,26.6,26.6,27.3,0,0,0,0,0,0,0,0,0,0,0,0,0,0,0,0,26.8,26.8,26,26,25.4,25.4,26.9,26.9,26.5,26.5,26.6,26.6,26.6,27.3,0,0,0,0,0,0,0,0,0,0,0,0,0,0,0,-0.5,0.866025404
122,Waiting,546.9,109055.9,0,493.1,98986.6,225.6,223.8,225,130.7,129.4,129.2,0,0,0,60,1,30.5,39.9,32,0,29.7,0,0,0,0,0/0,0,0,0,65530,9,0,0,0,27.6,26.7,26.2,27.6,27.2,27.3,27.4,28.1,0,0,0,0,0,0,0,0,0,0,0,0,0,0,0,0,27.6,27.6,26.8,26.8,26.2,26.2,27.6,27.6,27.2,27.2,27.3,27.4,27.4,28.1,0,0,0,0,0,0,0,0,0,0,0,0,0,0,0,-0.5,0.866025404
122,Waiting,546.9,109055.9,0,493.1,98986.6,225.6,223.9,225.1,130.8,129.4,129.2,0,0,0,60,1,30.5,39.9,32,0,29.7,0,0,0,0,0/0,0,0,0,65530,9,0,0,0,30.3,29.4,28.9,30.3,29.9,30,30,30.7,0,0,0,0,0,0,0,0,0,0,0,0,0,0,0,0,30.3,30.3,29.4,29.4,28.8,28.8,30.3,30.3,29.9,29.9,30,30,30,30.7,0,0,0,0,0,0,0,0,0,0,0,0,0,0,0,-0.5,0.866025404
122,Waiting,546.9,109055.9,0,493.1,98986.6,225.8,222.8,225.2,131.1,129.1,128.8,0,0,0,60,1,30.5,39.8,32,0,29.6,0,0,0,0,0/0,0,0,0,65530,9,0,0,0,33.5,32.6,32,33.4,33,33.2,33.2,33.9,0,0,0,0,0,0,0,0,0,0,0,0,0,0,0,0,33.5,33.5,32.6,32.6,32,32,33.5,33.5,33.1,33.1,33.2,33.2,33.2,33.9,0,0,0,0,0,0,0,0,0,0,0,0,0,0,0,-0.5,0.866025404
122,Waiting,546.9,109055.9,0,493.1,98986.6,225.4,223.6,224.9,130.7,129.3,129.1,0,0,0,60,1,30.5,39.8,32,0,29.6,0,0,0,0,0/0,0,0,0,65530,9,0,0,0,34.4,33.5,32.9,34.4,33.9,34.1,34.1,34.8,0,0,0,0,0,0,0,0,0,0,0,0,0,0,0,0,34.4,34.4,33.5,33.5,32.9,32.9,34.4,34.4,34,34,34.1,34.1,34.1,34.8,0,0,0,0,0,0,0,0,0,0,0,0,0,0,0,-0.5,0.866025404
122,Waiting,546.9,109055.9,0,493.1,98986.6,225.1,223.1,224.5,130.5,129,128.8,0,0,0,60,1,30.5,39.8,32,0,29.6,0,0,0,0,0/0,0,0,0,65530,9,0,0,0,32.1,31.2,30.6,32.1,31.7,31.8,31.8,32.5,0,0,0,0,0,0,0,0,0,0,0,0,0,0,0,0,32.1,32.1,31.2,31.2,30.6,30.6,32.1,32.1,31.7,31.7,31.8,31.8,31.8,32.5,0,0,0,0,0,0,0,0,0,0,0,0,0,0,0,-0.5,0.866025404
122,Waiting,546.9,109055.9,0,493.1,98986.6,225.8,223.8,225.3,130.9,129.4,129.2,0,0,0,60,1,30.5,39.8,32,0,29.6,0,0,0,0,0/0,0,0,0,65530,9,0,0,0,31,30.1,29.6,31,30.6,30.7,30.8,31.5,0,0,0,0,0,0,0,0,0,0,0,0,0,0,0,0,31,31,30.1,30.1,29.6,29.6,31,31,30.6,30.6,30.7,30.7,30.7,31.5,0,0,0,0,0,0,0,0,0,0,0,0,0,0,0,-0.258819045,0.965925826
122,Waiting,546.9,109055.9,0,493.1,98986.6,225.7,223.8,225.2,130.9,129.4,129.2,0,0,0,60,1,30.5,39.8,32,0,29.6,0,0,0,0,0/0,0,0,0,65530,9,0,0,0,27.4,26.5,26,27.4,27,27.1,27.1,27.8,0,0,0,0,0,0,0,0,0,0,0,0,0,0,0,0,27.5,27.5,26.6,26.6,26.1,26.1,27.5,27.5,27.1,27.1,27.2,27.2,27.2,27.9,0,0,0,0,0,0,0,0,0,0,0,0,0,0,0,-0.258819045,0.965925826
122,Waiting,546.9,109055.9,0,493.1,98986.6,225.7,223.7,225.3,130.9,129.3,129.2,0,0,0,60,1,30.5,39.8,32,0,29.6,0,0,0,0,0/0,0,0,0,65530,9,0,0,0,26.3,25.4,24.8,26.3,25.9,26,26,26.7,0,0,0,0,0,0,0,0,0,0,0,0,0,0,0,0,26.2,26.2,25.4,25.4,24.8,24.8,26.3,26.3,25.9,25.9,26,26,26,26.7,0,0,0,0,0,0,0,0,0,0,0,0,0,0,0,-0.258819045,0.965925826
122,Waiting,546.9,109055.9,0,493.1,98986.6,225.8,223.8,225.3,131,129.4,129.3,0,0,0,59.9,1,30.5,39.7,32.1,0,29.6,0,0,0,0,0/0,0,0,0,65530,9,0,0,0,25.2,24.3,23.7,25.2,24.8,24.9,24.9,25.7,0,0,0,0,0,0,0,0,0,0,0,0,0,0,0,0,25.2,25.2,24.3,24.3,23.7,23.7,25.2,25.2,24.8,24.8,24.9,24.9,24.9,25.7,0,0,0,0,0,0,0,0,0,0,0,0,0,0,0,-0.258819045,0.965925826
122,Waiting,546.9,109055.9,0,493.1,98986.6,224.7,222.9,224.1,130.2,128.9,128.6,0,0,0,60,1,30.5,39.7,32.1,0,29.6,0,0,0,0,0/0,0,0,0,65530,9,0,0,0,25.7,24.8,24.2,25.7,25.3,25.4,25.4,26.2,0,0,0,0,0,0,0,0,0,0,0,0,0,0,0,0,25.7,25.7,24.8,24.8,24.2,24.2,25.7,25.7,25.3,25.3,25.4,25.4,25.4,26.1,0,0,0,0,0,0,0,0,0,0,0,0,0,0,0,-0.258819045,0.965925826
122,Waiting,546.9,109055.9,0,493.1,98986.6,224.5,222.7,223.8,130.1,128.8,128.5,0,0,0,60,1,30.5,39.7,32,0,29.6,0,0,0,0,0/0,0,0,0,65530,9,0,0,0,25.3,24.4,23.8,25.3,24.9,25,25,25.7,0,0,0,0,0,0,0,0,0,0,0,0,0,0,0,0,25.3,25.3,24.4,24.4,23.8,23.8,25.3,25.3,24.9,24.9,25,25,25,25.7,0,0,0,0,0,0,0,0,0,0,0,0,0,0,0,-0.258819045,0.965925826
122,Waiting,546.9,109055.9,0,493.1,98986.6,225,223.1,224.3,130.4,129.1,128.8,0,0,0,60,1,30.5,39.7,32,0,29.6,0,0,0,0,0/0,0,0,0,65530,9,0,0,0,25,24.1,23.5,25,24.6,24.7,24.7,25.5,0,0,0,0,0,0,0,0,0,0,0,0,0,0,0,0,25,25,24.1,24.1,23.5,23.5,25,25,24.6,24.6,24.7,24.7,24.7,25.5,0,0,0,0,0,0,0,0,0,0,0,0,0,0,0,-0.258819045,0.965925826
122,Waiting,546.9,109055.9,0,493.1,98986.6,225,223.2,224.5,130.4,129.1,128.9,0,0,0,60,1,30.4,39.7,31.9,0,29.6,0,0,0,0,0/0,0,0,0,65530,9,0,0,0,25.3,24.4,23.8,25.3,24.9,25,25,25.7,0,0,0,0,0,0,0,0,0,0,0,0,0,0,0,0,25.3,25.3,24.3,24.3,23.8,23.8,25.2,25.2,24.9,24.9,24.9,25,25,25.7,0,0,0,0,0,0,0,0,0,0,0,0,0,0,0,-0.258819045,0.965925826
122,Waiting,546.9,109055.9,0,493.1,98986.6,225.1,223.2,224.6,130.5,129,128.9,0,0,0,60,1,30.4,39.6,31.9,0,29.5,0,0,0,0,0/0,0,0,0,65530,9,0,0,0,25.9,25,24.5,25.9,25.5,25.6,25.7,26.3,0,0,0,0,0,0,0,0,0,0,0,0,0,0,0,0,25.9,25.9,25,25,24.5,24.5,26,26,25.5,25.5,25.7,25.7,25.7,26.4,0,0,0,0,0,0,0,0,0,0,0,0,0,0,0,-0.258819045,0.965925826
122,Waiting,546.9,109055.9,0,493.1,98986.6,224.8,223,224.5,130.4,128.9,128.8,0,0,0,60,1,30.4,39.6,31.9,0,29.5,0,0,0,0,0/0,0,0,0,65530,9,0,0,0,25.9,25,24.4,25.9,25.5,25.6,25.6,26.3,0,0,0,0,0,0,0,0,0,0,0,0,0,0,0,0,25.9,25.9,25,25,24.4,24.4,25.9,25.9,25.5,25.5,25.6,25.6,25.6,26.3,0,0,0,0,0,0,0,0,0,0,0,0,0,0,0,-0.258819045,0.965925826
122,Waiting,546.9,109055.9,0,493.1,98986.6,224.7,223,224.3,130.3,128.9,128.8,0,0,0,60,1,30.4,39.6,31.8,0,29.5,0,0,0,0,0/0,0,0,0,65530,9,0,0,0,54.8,41.2,53.5,54.8,54.4,47.2,54.5,55.2,0,0,0,0,0,0,0,0,0,0,0,0,0,0,0,0,54.9,54.9,41.5,41.5,53.6,53.6,54.9,54.9,54.5,54.5,47.5,54.6,54.6,55.2,0,0,0,0,0,0,0,0,0,0,0,0,0,0,0,-0.258819045,0.965925826
122,Waiting,546.9,109055.9,0,493.1,98986.6,225,223.4,224.7,130.5,129.1,129,0,0,0,60,1,30.4,39.5,31.8,0,29.5,0,0,0,0,0/0,0,0,0,65530,9,0,0,0,61.2,46,60,61.2,60.9,53.1,61,60.7,0,0,0,0,0,0,0,0,0,0,0,0,0,0,0,0,61.2,61.2,46,46,60,60,61.3,61.3,60.9,60.9,53.1,61,61,60.7,0,0,0,0,0,0,0,0,0,0,0,0,0,0,0,-0.258819045,0.965925826
123,Waiting,546.9,109055.9,0,493.1,98986.6,225.7,224.1,225.5,130.9,129.5,129.5,0,0,0,60,1,30.3,39.5,31.8,0,29.4,0,0,0,0,0/0,0,0,0,65530,9,0,0,0,62.8,45.7,61.6,62.8,62.5,52.8,62.6,60.4,0,0,0,0,0,0,0,0,0,0,0,0,0,0,0,0,62.8,62.8,45.8,45.8,61.7,61.7,62.9,62.9,62.5,62.5,53,62.6,62.6,60.6,0,0,0,0,0,0,0,0,0,0,0,0,0,0,0,0,1
123,Waiting,0,109055.9,0,0,98986.6,225.7,224.2,225.7,131,129.5,129.6,0,0,0,60,1,30.3,39.5,31.8,0,29.4,0,0,0,0,0/0,0,0,0,65530,8,0,0,0,62.8,44,61.7,62.9,62.5,51.6,62.6,59.7,0,0,0,0,0,0,0,0,0,0,0,0,0,0,0,0,62.8,62.8,43.8,43.8,61.6,61.6,62.9,62.9,62.5,62.5,51.5,62.6,62.6,59.6,0,0,0,0,0,0,0,0,0,0,0,0,0,0,0,0,1
123,Waiting,0,109055.9,0,0,98986.6,225,224.8,225,130.4,129.5,129.7,0,0,0,60,1,30.3,39.5,31.8,0,29.4,0,0,0,0,0/0,0,0,0,65530,9,0,0,0,62.4,44.8,61.2,62.4,62.1,51.6,62.2,59.8,0,0,0,0,0,0,0,0,0,0,0,0,0,0,0,0,62.4,62.4,44.8,44.8,61.2,61.2,62.5,62.5,62.1,62.1,51.6,62.2,62.2,59.8,0,0,0,0,0,0,0,0,0,0,0,0,0,0,0,0,1
123,Waiting,0,109055.9,0,0,98986.6,225.8,224.2,225.6,131,129.6,129.5,0,0,0,60,1,30.3,39.5,31.7,0,29.4,0,0,0,0,0/0,0,0,0,65530,9,0,0,0,62.4,45.6,61.2,62.4,62.1,52.3,62.2,60.6,0,0,0,0,0,0,0,0,0,0,0,0,0,0,0,0,62.4,62.4,45.8,45.8,61.2,61.2,62.5,62.5,62.1,62.1,52.5,62.2,62.2,60.7,0,0,0,0,0,0,0,0,0,0,0,0,0,0,0,0,1
123,Waiting,0,109055.9,0,0,98986.6,226.2,224.5,226.2,131.3,129.7,129.8,0,0,0,60,1,30.3,39.4,31.7,0,29.4,0,0,0,0,0/0,0,0,0,65530,9,0,0,0,61.4,45.4,60.2,61.4,61.1,52.1,61.2,60.1,0,0,0,0,0,0,0,0,0,0,0,0,0,0,0,0,61.4,61.4,45.3,45.3,60.2,60.2,61.5,61.5,61.1,61.1,52.1,61.2,61.2,60.1,0,0,0,0,0,0,0,0,0,0,0,0,0,0,0,0,1
123,Waiting,0,109055.9,0,0,98986.6,225.9,224.3,225.8,131.1,129.6,129.6,0,0,0,60,1,30.3,39.4,31.7,0,29.4,0,0,0,0,0/0,0,0,0,65530,9,0,0,0,61.7,43.2,60.5,61.7,61.3,49.7,61.4,44.2,0,0,0,0,0,0,0,0,0,0,0,0,0,0,0,0,61.7,61.7,43.2,43.2,60.5,60.5,61.7,61.7,61.3,61.3,49.6,61.5,61.5,44.9,0,0,0,0,0,0,0,0,0,0,0,0,0,0,0,0,1
123,Waiting,0,109055.9,0,0,98986.6,226.1,224.6,225.9,131.1,129.7,129.7,0,0,0,60,1,30.2,39.4,31.7,0,29.4,0,0,0,0,0/0,0,0,0,65530,9,0,0,0,61.8,43.3,60.5,61.8,61.4,50,61.6,43.3,0,0,0,0,0,0,0,0,0,0,0,0,0,0,0,0,61.7,61.7,43.3,43.3,60.5,60.5,61.8,61.8,61.4,61.4,49.9,61.5,61.5,43.3,0,0,0,0,0,0,0,0,0,0,0,0,0,0,0,0,1
123,Waiting,0,109055.9,0,0,98986.6,226.2,224.6,225.8,131.1,129.8,129.7,0,0,0,60,1,30.2,39.4,31.7,0,29.3,0,0,0,0,0/0,0,0,0,65530,9,0,0,0,61.4,41.9,60.2,61.5,61.1,48.4,61.2,42.2,0,0,0,0,0,0,0,0,0,0,0,0,0,0,0,0,61.4,61.4,41.9,41.9,60.2,60.2,61.5,61.5,61.1,61.1,48.4,61.2,61.2,42.2,0,0,0,0,0,0,0,0,0,0,0,0,0,0,0,0,1
123,Waiting,0,109055.9,0,0,98986.6,226.5,224.8,226.3,131.4,129.9,129.9,0,0,0,60,1,30.2,39.4,31.7,0,29.3,0,0,0,0,0/0,0,0,0,65530,9,0,0,0,60.4,42.3,59.1,60.4,60,48.9,60.1,42.5,0,0,0,0,0,0,0,0,0,0,0,0,0,0,0,0,60.4,60.4,42.2,42.2,59.1,59.1,60.4,60.4,60,60,48.8,60.1,60.1,42.4,0,0,0,0,0,0,0,0,0,0,0,0,0,0,0,0,1
123,Waiting,0,109055.9,0,0,98986.6,226.4,224.8,226.3,131.4,129.8,129.9,0,0,0,60,1,30.2,39.4,31.7,0,29.3,0,0,0,0,0/0,0,0,0,65530,9,0,0,0,60.3,42.1,59,60.3,59.9,48.7,60,42.3,0,0,0,0,0,0,0,0,0,0,0,0,0,0,0,0,60.3,60.3,42.1,42.1,59,59,60.3,60.3,59.9,59.9,48.7,60,60,42.3,0,0,0,0,0,0,0,0,0,0,0,0,0,0,0,0,1
123,Waiting,0,109055.9,0,0,98986.6,226.5,224.9,226.4,131.4,129.9,129.9,0,0,0,60,1,30.2,39.4,31.7,0,29.3,0,0,0,0,0/0,0,0,0,65530,9,0,0,0,60.5,43.1,59.3,60.5,60.2,49.6,60.3,43.2,0,0,0,0,0,0,0,0,0,0,0,0,0,0,0,0,60.5,60.5,43,43,59.2,59.2,60.5,60.5,60.2,60.2,49.6,60.3,60.3,43.2,0,0,0,0,0,0,0,0,0,0,0,0,0,0,0,0,1
123,Waiting,0,109055.9,0,0,98986.6,226.7,225.4,226.7,131.6,130.1,130.2,0,0,0,60,1,30.1,39.3,31.7,0,29.2,0,0,0,0,0/0,0,0,0,65530,9,0,0,0,60.5,43,59.2,60.5,60.2,49.5,60.3,43.2,0,0,0,0,0,0,0,0,0,0,0,0,0,0,0,0,60.5,60.5,43.1,43.1,59.2,59.2,60.5,60.5,60.2,60.2,49.6,60.3,60.3,43.2,0,0,0,0,0,0,0,0,0,0,0,0,0,0,0,0,1
123,Waiting,0,109055.9,0,0,98986.6,226.9,225.4,226.7,131.6,130.2,130.2,0,0,0,60,1,30.1,39.3,31.7,0,29.2,0,0,0,0,0/0,0,0,0,65530,9,0,0,0,60.5,42.6,59.2,60.5,60.1,49.1,60.2,42.7,0,0,0,0,0,0,0,0,0,0,0,0,0,0,0,0,60.5,60.5,42.7,42.7,59.2,59.2,60.5,60.5,60.2,60.2,49.1,60.3,60.3,42.7,0,0,0,0,0,0,0,0,0,0,0,0,0,0,0,0.258819045,0.965925826
123,Waiting,0,109055.9,0,0,98986.6,227,225.5,226.8,131.7,130.3,130.3,0,0,0,60,1,30.1,39.3,31.7,0,29.2,0,0,0,0,0/0,0,0,0,65530,9,0,0,0,64.5,45.5,63.3,64.5,64.2,50.5,64.3,43.7,0,0,0,0,0,0,0,0,0,0,0,0,0,0,0,0,64.4,64.4,45.4,45.4,63.1,63.1,64.4,64.4,64,64,50.4,64.1,64.1,43.6,0,0,0,0,0,0,0,0,0,0,0,0,0,0,0,0.258819045,0.965925826
123,Waiting,0,109055.9,0,0,98986.6,227.1,225.6,227.1,131.8,130.2,130.4,0,0,0,60,1,30.1,39.3,31.7,0,29.2,0,0,0,0,0/0,0,0,0,65530,9,0,0,0,67.4,48.5,66.1,67.4,67,54.1,67.2,44.1,0,0,0,0,0,0,0,0,0,0,0,0,0,0,0,0,67.5,67.5,48.5,48.5,66.4,66.4,67.6,67.6,67.2,67.2,54,67.3,67.3,44.1,0,0,0,0,0,0,0,0,0,0,0,0,0,0,0,0.258819045,0.965925826
123,Waiting,0,109055.9,0,0,98986.6,227.2,225.8,227,131.8,130.4,130.4,0,0,0,60,1,30.1,39.3,31.6,0,29.2,0,0,0,0,0/0,0,0,0,65530,9,0,0,0,65.9,46.4,64.7,65.9,65.5,51.2,65.7,43,0,0,0,0,0,0,0,0,0,0,0,0,0,0,0,0,66,66,46.5,46.5,64.8,64.8,66,66,65.7,65.7,51.3,65.8,65.8,43,0,0,0,0,0,0,0,0,0,0,0,0,0,0,0,0.258819045,0.965925826
123,Waiting,0,109055.9,0,0,98986.6,227.2,225.9,227.2,131.8,130.4,130.5,0,0,0,60,1,30.1,39.3,31.6,0,29.2,0,0,0,0,0/0,0,0,0,65530,9,0,0,0,67.7,48,66.6,67.8,67.4,60.5,67.6,44.2,0,0,0,0,0,0,0,0,0,0,0,0,0,0,0,0,68.1,68.1,48.2,48.2,66.9,66.9,68.1,68.1,67.8,67.8,61.8,67.9,67.9,44.3,0,0,0,0,0,0,0,0,0,0,0,0,0,0,0,0.258819045,0.965925826
123,Waiting,0,109055.9,0,0,98986.6,227,225.7,227,131.7,130.3,130.4,0,0,0,60,1,30.1,39.2,31.6,0,29.2,0,0,0,0,0/0,0,0,0,65530,9,0,0,0,64,43.4,62.8,64,63.7,51.2,63.8,43.6,0,0,0,0,0,0,0,0,0,0,0,0,0,0,0,0,64.4,64.4,44.1,44.1,63.2,63.2,64.4,64.4,64.1,64.1,52.4,64.2,64.2,43.8,0,0,0,0,0,0,0,0,0,0,0,0,0,0,0,0.258819045,0.965925826
123,Waiting,0,109055.9,0,0,98986.6,226.9,225.5,226.9,131.6,130.2,130.3,0,0,0,60,1,30.1,39.2,31.6,0,29.2,0,0,0,0,0/0,0,0,0,65530,9,0,0,0,58.9,41,57.6,58.9,58.5,48.1,58.6,42.1,0,0,0,0,0,0,0,0,0,0,0,0,0,0,0,0,58.8,58.8,41,41,57.6,57.6,58.8,58.8,58.5,58.5,48.1,58.6,58.6,42.1,0,0,0,0,0,0,0,0,0,0,0,0,0,0,0,0.258819045,0.965925826
123,Waiting,0,109055.9,0,0,98986.6,227.4,225.9,227.2,131.9,130.5,130.5,0,0,0,60,1,30,39.2,31.6,0,29.1,0,0,0,0,0/0,0,0,0,65530,9,0,0,0,60.3,41.5,59,60.3,59.9,49.3,60,42.1,0,0,0,0,0,0,0,0,0,0,0,0,0,0,0,0,60.4,60.4,41.5,41.5,59.1,59.1,60.4,60.4,60.1,60.1,49.5,60.2,60.2,42.1,0,0,0,0,0,0,0,0,0,0,0,0,0,0,0,0.258819045,0.965925826
123,Waiting,0,109055.9,0,0,98986.6,227,225.6,226.8,131.7,130.3,130.3,0,0,0,60,1,30,39.2,31.6,0,29.1,0,0,0,0,0/0,0,0,0,65530,9,0,0,0,58.8,41.1,57.6,58.8,58.5,48.4,58.6,42.2,0,0,0,0,0,0,0,0,0,0,0,0,0,0,0,0,58.9,58.9,41.1,41.1,57.6,57.6,58.9,58.9,58.5,58.5,48.5,58.6,58.6,42.2,0,0,0,0,0,0,0,0,0,0,0,0,0,0,0,0.258819045,0.965925826
123,Waiting,0,109055.9,0,0,98986.6,227.2,225.9,227.1,131.8,130.4,130.5,0,0,0,60,1,30,39.2,31.6,0,29.1,0,0,0,0,0/0,0,0,0,65530,9,0,0,0,58,41.7,56.7,58,57.6,48.9,57.8,42.9,0,0,0,0,0,0,0,0,0,0,0,0,0,0,0,0,58,58,41.7,41.7,56.7,56.7,58,58,57.7,57.7,48.9,57.8,57.8,42.9,0,0,0,0,0,0,0,0,0,0,0,0,0,0,0,0.258819045,0.965925826
123,Waiting,0,109055.9,0,0,98986.6,227.2,225.7,227.1,131.8,130.4,130.4,0,0,0,60,1,30,39.2,31.6,0,29.1,0,0,0,0,0/0,0,0,0,65530,9,0,0,0,57.6,40.3,56.3,57.6,57.2,47.7,57.3,41.7,0,0,0,0,0,0,0,0,0,0,0,0,0,0,0,0,57.6,57.6,40.3,40.3,56.3,56.3,57.6,57.6,57.2,57.2,47.7,57.3,57.3,41.7,0,0,0,0,0,0,0,0,0,0,0,0,0,0,0,0.258819045,0.965925826
123,Waiting,0,109055.9,0,0,98986.6,227.6,226.2,227.3,132,130.6,130.6,0,0,0,60,1,30,39.1,31.5,0,29,0,0,0,0,0/0,0,0,0,65530,9,0,0,0,57.3,40.6,56,57.4,57,48.1,57.1,42,0,0,0,0,0,0,0,0,0,0,0,0,0,0,0,0,57.4,57.4,40.7,40.7,56.1,56.1,57.4,57.4,57,57,48.1,57.2,57.2,42,0,0,0,0,0,0,0,0,0,0,0,0,0,0,0,0.258819045,0.965925826
123,Waiting,0,109055.9,0,0,98986.6,227.5,226.1,227.3,132,130.6,130.6,0,0,0,60,1,30,39.1,31.5,0,29,0,0,0,0,0/0,0,0,0,65530,9,0,0,0,57.4,40.7,56.1,57.4,57,48.1,57.2,42.1,0,0,0,0,0,0,0,0,0,0,0,0,0,0,0,0,57.4,57.4,40.7,40.7,56.1,56.1,57.4,57.4,57,57,48.1,57.1,57.1,42.1,0,0,0,0,0,0,0,0,0,0,0,0,0,0,0,0.5,0.866025404
123,Waiting,0,109055.9,0,0,98986.6,227.6,226.3,227.1,131.9,130.7,130.6,0,0,0,60,1,30,39.1,31.5,0,29,0,0,0,0,0/0,0,0,0,65530,9,0,0,0,57.3,38.8,56,57.3,56.9,46.2,57.1,40.2,0,0,0,0,0,0,0,0,0,0,0,0,0,0,0,0,57.3,57.3,38.9,38.9,56,56,57.3,57.3,56.9,56.9,46.3,57,57,40.3,0,0,0,0,0,0,0,0,0,0,0,0,0,0,0,0.5,0.866025404
123,Waiting,0,109055.9,0,0,98986.6,227.3,226.2,227.1,131.8,130.6,130.6,0,0,0,60,1,29.9,39.1,31.5,0,29,0,0,0,0,0/0,0,0,0,65530,8,0,0,0,56.9,38.6,55.7,56.9,56.5,46.1,56.7,40.1,0,0,0,0,0,0,0,0,0,0,0,0,0,0,0,0,57,57,38.8,38.8,55.6,55.6,56.9,56.9,56.5,56.5,46.1,56.7,56.7,40.1,0,0,0,0,0,0,0,0,0,0,0,0,0,0,0,0.5,0.866025404
123,Waiting,0,109055.9,0,0,98986.6,227.7,226.2,227.4,132,130.7,130.7,0,0,0,60,1,29.9,39.1,31.5,0,29,0,0,0,0,0/0,0,0,0,65530,9,0,0,0,58.3,40.3,57.1,58.3,57.9,47.7,58.1,41.6,0,0,0,0,0,0,0,0,0,0,0,0,0,0,0,0,58.3,58.3,40.3,40.3,57,57,58.3,58.3,57.9,57.9,47.7,58,58,41.6,0,0,0,0,0,0,0,0,0,0,0,0,0,0,0,0.5,0.866025404
123,Waiting,0,109055.9,0,0,98986.6,227.5,226.1,227.3,131.9,130.6,130.6,0,0,0,60,1,29.9,39,31.4,0,29,0,0,0,0,0/0,0,0,0,65530,9,0,0,0,57.3,39.1,56,57.3,56.9,46.6,57,40.5,0,0,0,0,0,0,0,0,0,0,0,0,0,0,0,0,57.3,57.3,39.1,39.1,56,56,57.3,57.3,56.9,56.9,46.6,57,57,40.5,0,0,0,0,0,0,0,0,0,0,0,0,0,0,0,0.5,0.866025404
123,Waiting,0,109055.9,0,0,98986.6,227.7,226.5,227.5,132,130.8,130.8,0,0,0,60,1,29.9,39,31.4,0,28.9,0,0,0,0,0/0,0,0,0,65530,9,0,0,0,57.4,39.9,56.1,57.4,57,47.3,57.1,41.3,0,0,0,0,0,0,0,0,0,0,0,0,0,0,0,0,57.4,57.4,39.8,39.8,56.1,56.1,57.4,57.4,57,57,47.3,57.1,57.1,41.3,0,0,0,0,0,0,0,0,0,0,0,0,0,0,0,0.5,0.866025404
123,Waiting,0,109055.9,0,0,98986.6,227.8,226.4,227.5,132.1,130.8,130.7,0,0,0,60,1,29.8,39,31.4,0,28.9,0,0,0,0,0/0,0,0,0,65530,9,0,0,0,57.7,40.4,56.5,57.8,57.4,47.9,57.5,41.8,0,0,0,0,0,0,0,0,0,0,0,0,0,0,0,0,57.8,57.8,40.4,40.4,56.5,56.5,57.8,57.8,57.4,57.4,47.9,57.5,57.5,41.8,0,0,0,0,0,0,0,0,0,0,0,0,0,0,0,0.5,0.866025404
123,Waiting,0,109055.9,0,0,98986.6,227.9,226.6,227.7,132.2,130.9,130.9,0,0,0,60,1,29.8,39,31.4,0,28.9,0,0,0,0,0/0,0,0,0,65530,8,0,0,0,59,40.1,57.7,59,58.6,47.8,58.7,41.3,0,0,0,0,0,0,0,0,0,0,0,0,0,0,0,0,58.9,58.9,40.1,40.1,57.7,57.7,59,59,58.6,58.6,47.8,58.7,58.7,41.3,0,0,0,0,0,0,0,0,0,0,0,0,0,0,0,0.5,0.866025404
123,Waiting,0,109055.9,0,0,98986.6,228.2,226.6,227.8,132.3,130.9,130.8,0,0,0,60,1,29.8,39,31.4,0,28.9,0,0,0,0,0/0,0,0,0,65530,9,0,0,0,57.8,39.1,56.5,57.9,57.5,46.6,57.6,40.4,0,0,0,0,0,0,0,0,0,0,0,0,0,0,0,0,57.8,57.8,39.1,39.1,56.6,56.6,57.9,57.9,57.5,57.5,46.6,57.6,57.6,40.4,0,0,0,0,0,0,0,0,0,0,0,0,0,0,0,0.5,0.866025404
123,Waiting,0,109055.9,0,0,98986.6,228,226.8,227.9,132.2,130.9,131,0,0,0,60,1,29.8,39,31.4,0,28.9,0,0,0,0,0/0,0,0,0,65530,9,0,0,0,57.7,37.5,56.5,57.8,57.4,45,57.5,38.7,0,0,0,0,0,0,0,0,0,0,0,0,0,0,0,0,57.7,57.7,37.4,37.4,56.5,56.5,57.8,57.8,57.4,57.4,45,57.5,57.5,38.7,0,0,0,0,0,0,0,0,0,0,0,0,0,0,0,0.5,0.866025404
123,Waiting,0,109055.9,0,0,98986.6,228.1,226.7,227.8,132.2,131,130.9,0,0,0,60,1,29.8,39,31.4,0,28.9,0,0,0,0,0/0,0,0,0,65530,9,0,0,0,35.8,29.3,34.4,35.8,35.4,31.6,35.5,30.6,0,0,0,0,0,0,0,0,0,0,0,0,0,0,0,0,35.7,35.7,29.3,29.3,34.3,34.3,35.7,35.7,35.3,35.3,31.5,35.4,35.4,30.5,0,0,0,0,0,0,0,0,0,0,0,0,0,0,0,0.5,0.866025404
123,Waiting,0,109055.9,0,0,98986.6,228,226.5,227.7,132.2,130.8,130.8,0,0,0,60,1,29.8,38.9,31.4,0,28.9,0,0,0,0,0/0,0,0,0,65530,9,0,0,0,23.1,22.2,21.6,23.1,22.7,22.8,22.8,23.5,0,0,0,0,0,0,0,0,0,0,0,0,0,0,0,0,23.2,23.2,22.3,22.3,21.7,21.7,23.2,23.2,22.8,22.8,22.9,22.9,22.9,23.6,0,0,0,0,0,0,0,0,0,0,0,0,0,0,0,0.5,0.866025404
123,Waiting,0,109055.9,0,0,98986.6,227.9,226.6,227.7,132.2,130.9,130.9,0,0,0,60,1,29.8,38.9,31.4,0,28.9,0,0,0,0,0/0,0,0,0,65530,9,0,0,0,25.5,24.6,24,25.5,25.1,25.2,25.3,25.9,0,0,0,0,0,0,0,0,0,0,0,0,0,0,0,0,25.5,25.5,24.6,24.6,24,24,25.5,25.5,25.1,25.1,25.2,25.2,25.2,25.9,0,0,0,0,0,0,0,0,0,0,0,0,0,0,0,0.707106781,0.707106781
123,Waiting,0,109055.9,0,0,98986.6,228.2,226.8,227.8,132.3,131,130.9,0,0,0,60,1,29.8,38.9,31.3,0,28.9,0,0,0,0,0/0,0,0,0,65530,9,0,0,0,21.6,20.7,20.1,21.6,21.2,21.3,21.3,22.1,0,0,0,0,0,0,0,0,0,0,0,0,0,0,0,0,21.6,21.6,20.7,20.7,20.2,20.2,21.6,21.6,21.2,21.2,21.3,21.3,21.3,22,0,0,0,0,0,0,0,0,0,0,0,0,0,0,0,0.707106781,0.707106781
123,Waiting,0,109055.9,0,0,98986.6,228.4,227,227.9,132.3,131.1,131,0,0,0,60,1,29.7,38.9,31.3,0,28.8,0,0,0,0,0/0,0,0,0,65530,9,0,0,0,20.9,20,19.4,20.9,20.5,20.6,20.7,21.4,0,0,0,0,0,0,0,0,0,0,0,0,0,0,0,0,20.9,20.9,20,20,19.4,19.4,20.9,20.9,20.5,20.5,20.6,20.6,20.6,21.3,0,0,0,0,0,0,0,0,0,0,0,0,0,0,0,0.707106781,0.707106781
123,Waiting,0,109055.9,0,0,98986.6,228.5,227.1,228,132.4,131.2,131.1,0,0,0,60,1,29.7,38.8,31.2,0,28.8,0,0,0,0,0/0,0,0,0,65530,9,0,0,0,20.1,19.2,18.6,20.1,19.7,19.8,19.9,20.5,0,0,0,0,0,0,0,0,0,0,0,0,0,0,0,0,20.1,20.1,19.2,19.2,18.6,18.6,20.1,20.1,19.7,19.7,19.8,19.9,19.9,20.5,0,0,0,0,0,0,0,0,0,0,0,0,0,0,0,0.707106781,0.707106781
123,Waiting,0,109055.9,0,0,98986.6,228.4,227,228,132.4,131.2,131,0,0,0,60,1,29.7,38.8,31.2,0,28.8,0,0,0,0,0/0,0,0,0,65530,9,0,0,0,20.7,19.8,19.2,20.7,20.3,20.4,20.4,21.1,0,0,0,0,0,0,0,0,0,0,0,0,0,0,0,0,20.7,20.7,19.8,19.8,19.2,19.2,20.7,20.7,20.3,20.3,20.4,20.4,20.4,21.1,0,0,0,0,0,0,0,0,0,0,0,0,0,0,0,0.707106781,0.707106781
123,Waiting,0,109055.9,0,0,98986.6,228.3,227,228,132.4,131.1,131,0,0,0,60,1,29.7,38.8,31.2,0,28.8,0,0,0,0,0/0,0,0,0,65530,8,0,0,0,20.9,19.9,19.4,20.9,20.5,20.5,20.6,21.3,0,0,0,0,0,0,0,0,0,0,0,0,0,0,0,0,20.8,20.8,19.9,19.9,19.3,19.3,20.8,20.8,20.4,20.4,20.5,20.6,20.6,21.2,0,0,0,0,0,0,0,0,0,0,0,0,0,0,0,0.707106781,0.707106781
123,Waiting,0,109055.9,0,0,98986.6,228.5,227.2,228,132.4,131.2,131.1,0,0,0,60,1,29.7,38.7,31.1,0,28.7,0,0,0,0,0/0,0,0,0,65530,9,0,0,0,21.1,20.2,19.6,21.1,20.7,20.8,20.8,21.5,0,0,0,0,0,0,0,0,0,0,0,0,0,0,0,0,21.1,21.1,20.2,20.2,19.6,19.6,21.1,21.1,20.7,20.7,20.8,20.8,20.8,21.5,0,0,0,0,0,0,0,0,0,0,0,0,0,0,0,0.707106781,0.707106781
123,Waiting,0,109055.9,0,0,98986.6,228.5,227.2,228.1,132.4,131.2,131.1,0,0,0,60,1,29.6,38.7,31.1,0,28.7,0,0,0,0,0/0,0,0,0,65530,9,0,0,0,21.5,20.6,20,21.5,21.1,21.2,21.3,22,0,0,0,0,0,0,0,0,0,0,0,0,0,0,0,0,21.5,21.5,20.6,20.6,20,20,21.5,21.5,21.1,21.1,21.2,21.2,21.2,21.9,0,0,0,0,0,0,0,0,0,0,0,0,0,0,0,0.707106781,0.707106781
123,Waiting,0,109055.9,0,0,98986.6,228.3,226.7,227.9,132.4,131,130.9,0,0,0,60,1,29.6,38.7,31.1,0,28.7,0,0,0,0,0/0,0,0,0,65530,9,0,0,0,27,26.1,25.6,27,26.6,26.7,26.7,27.4,0,0,0,0,0,0,0,0,0,0,0,0,0,0,0,0,27,27,26.1,26.1,25.6,25.6,27,27,26.6,26.6,26.7,26.7,26.7,27.5,0,0,0,0,0,0,0,0,0,0,0,0,0,0,0,0.707106781,0.707106781
123,Waiting,0,109055.9,0,0,98986.6,228.6,227.3,227.9,132.4,131.3,131.1,0,0,0,60,1,29.5,38.7,31,0,28.7,0,0,0,0,0/0,0,0,0,65530,9,0,0,0,29.5,28.6,28,29.5,29.1,29.2,29.2,29.9,0,0,0,0,0,0,0,0,0,0,0,0,0,0,0,0,29.5,29.5,28.6,28.6,28,28,29.5,29.5,29.1,29.1,29.2,29.2,29.2,29.9,0,0,0,0,0,0,0,0,0,0,0,0,0,0,0,0.707106781,0.707106781
123,Waiting,0,109055.9,0,0,98986.6,228.5,227.2,228,132.4,131.2,131.1,0,0,0,60,1,29.5,38.6,31,0,28.7,0,0,0,0,0/0,0,0,0,65530,9,0,0,0,23.4,22.4,21.9,23.4,23,23.1,23.1,23.8,0,0,0,0,0,0,0,0,0,0,0,0,0,0,0,0,23.3,23.3,22.4,22.4,21.8,21.8,23.3,23.3,22.9,22.9,23,23.1,23.1,23.7,0,0,0,0,0,0,0,0,0,0,0,0,0,0,0,0.707106781,0.707106781
123,Waiting,0,109055.9,0,0,98986.6,228.6,227.3,228.1,132.5,131.3,131.1,0,0,0,60,1,29.5,38.6,31,0,28.6,0,0,0,0,0/0,0,0,0,65530,8,0,0,0,24.2,23.3,22.7,24.2,23.7,23.9,23.9,24.6,0,0,0,0,0,0,0,0,0,0,0,0,0,0,0,0,24.2,24.2,23.3,23.3,22.7,22.7,24.2,24.2,23.8,23.8,23.9,23.9,23.9,24.6,0,0,0,0,0,0,0,0,0,0,0,0,0,0,0,0.707106781,0.707106781
123,Waiting,0,109055.9,0,0,98986.6,228.7,227.2,228,132.5,131.3,131.1,0,0,0,60,1,29.4,38.6,31,0,28.6,0,0,0,0,0/0,0,0,0,65530,9,0,0,0,25.8,24.9,24.3,25.8,25.4,25.5,25.5,26.2,0,0,0,0,0,0,0,0,0,0,0,0,0,0,0,0,25.8,25.8,24.9,24.9,24.3,24.3,25.8,25.8,25.4,25.4,25.5,25.5,25.5,26.2,0,0,0,0,0,0,0,0,0,0,0,0,0,0,0,0.866025404,0.5
123,Waiting,0,109055.9,0,0,98986.6,228.8,227.4,228.2,132.5,131.4,131.2,0,0,0,60,1,29.4,38.5,31,0,28.5,0,0,0,0,0/0,0,0,0,65530,8,0,0,0,22.7,21.8,21.2,22.8,22.3,22.4,22.5,23.2,0,0,0,0,0,0,0,0,0,0,0,0,0,0,0,0,22.8,22.8,21.8,21.8,21.3,21.3,22.8,22.8,22.4,22.4,22.5,22.5,22.5,23.2,0,0,0,0,0,0,0,0,0,0,0,0,0,0,0,0.866025404,0.5
123,Waiting,0,109055.9,0,0,98986.6,228.8,227.3,228.2,132.6,131.4,131.1,0,0,0,60,1,29.3,38.5,30.9,0,28.5,0,0,0,0,0/0,0,0,0,65530,8,0,0,0,24.7,23.8,23.3,24.8,24.3,24.5,24.5,25.2,0,0,0,0,0,0,0,0,0,0,0,0,0,0,0,0,24.8,24.8,23.8,23.8,23.3,23.3,24.8,24.8,24.3,24.3,24.4,24.5,24.5,25.2,0,0,0,0,0,0,0,0,0,0,0,0,0,0,0,0.866025404,0.5
123,Waiting,0,109055.9,0,0,98986.6,228.9,227.3,228.2,132.6,131.4,131.1,0,0,0,60,1,29.3,38.5,30.9,0,28.5,0,0,0,0,0/0,0,0,0,65530,8,0,0,0,27.7,26.8,26.3,27.7,27.3,27.4,27.5,28.2,0,0,0,0,0,0,0,0,0,0,0,0,0,0,0,0,27.8,27.8,26.9,26.9,26.3,26.3,27.8,27.8,27.3,27.3,27.5,27.5,27.5,28.2,0,0,0,0,0,0,0,0,0,0,0,0,0,0,0,0.866025404,0.5
123,Waiting,0,109055.9,0,0,98986.6,228.9,227.2,228.1,132.6,131.4,131,0,0,0,59.9,1,29.1,38.4,30.9,0,28.4,0,0,0,0,0/0,0,0,0,65530,8,0,0,0,31.6,30.6,30.1,31.5,31.1,31.3,31.3,32,0,0,0,0,0,0,0,0,0,0,0,0,0,0,0,0,31.4,31.4,30.5,30.5,29.9,29.9,31.4,31.4,31,31,31.1,31.1,31.1,31.8,0,0,0,0,0,0,0,0,0,0,0,0,0,0,0,0.866025404,0.5
123,Waiting,0,109055.9,0,0,98986.6,228.9,227.3,228.2,132.6,131.4,131.1,0,0,0,60,1,29.1,38.4,30.8,0,28.3,0,0,0,0,0/0,0,0,0,65530,8,0,0,0,32.8,31.9,31.3,32.8,32.3,32.5,32.5,33.2,0,0,0,0,0,0,0,0,0,0,0,0,0,0,0,0,32.8,32.8,31.9,31.9,31.3,31.3,32.8,32.8,32.4,32.4,32.5,32.5,32.5,33.2,0,0,0,0,0,0,0,0,0,0,0,0,0,0,0,0.866025404,0.5
123,Waiting,0,109055.9,0,0,98986.6,229,227.5,228.4,132.7,131.5,131.2,0,0,0,60,1,29,38.4,30.8,0,28.3,0,0,0,0,0/0,0,0,0,65530,8,0,0,0,36.7,35.8,35.3,36.7,36.2,36.4,36.4,37.1,0,0,0,0,0,0,0,0,0,0,0,0,0,0,0,0,36.6,36.6,35.8,35.8,35.2,35.2,36.6,36.6,36.2,36.2,36.4,36.4,36.4,37.1,0,0,0,0,0,0,0,0,0,0,0,0,0,0,0,0.866025404,0.5
123,Waiting,0,109055.9,0,0,98986.6,228.5,228.4,227.9,132.1,131.7,131.5,0,0,0,60,1,28.9,38.3,30.8,0,28.2,0,0,0,0,0/0,0,0,0,65530,8,0,0,0,33.5,32.6,32,33.5,33,33.1,33.2,33.9,0,0,0,0,0,0,0,0,0,0,0,0,0,0,0,0,33.5,33.5,32.5,32.5,32,32,33.4,33.4,33,33,33.2,33.2,33.2,33.9,0,0,0,0,0,0,0,0,0,0,0,0,0,0,0,0.866025404,0.5
123,Waiting,0,109055.9,0,0,98986.6,229,227.5,228.3,132.7,131.5,131.2,0,0,0,60,1,28.9,38.3,30.8,0,28.2,0,0,0,0,0/0,0,0,0,65530,8,0,0,0,32.4,31.6,31,32.4,32,32.2,32.1,32.9,0,0,0,0,0,0,0,0,0,0,0,0,0,0,0,0,32.4,32.4,31.5,31.5,31,31,32.4,32.4,32,32,32.1,32.2,32.2,32.9,0,0,0,0,0,0,0,0,0,0,0,0,0,0,0,0.866025404,0.5
123,Waiting,0,109055.9,0,0,98986.6,229.2,227.7,228.5,132.7,131.6,131.3,0,0,0,60,1,28.9,38.3,30.8,0,28.1,0,0,0,0,0/0,0,0,0,65530,9,0,0,0,30.2,29.4,28.8,30.2,29.8,29.9,29.9,30.7,0,0,0,0,0,0,0,0,0,0,0,0,0,0,0,0,30.3,30.3,29.4,29.4,28.8,28.8,30.3,30.3,29.9,29.9,30,30,30,30.7,0,0,0,0,0,0,0,0,0,0,0,0,0,0,0,0.866025404,0.5
123,Waiting,0,109055.9,0,0,98986.6,229.2,227.9,228.5,132.7,131.7,131.4,0,0,0,60,1,28.9,38.3,30.8,0,28.1,0,0,0,0,0/0,0,0,0,65530,8,0,0,0,34.2,33.3,32.7,34.2,33.8,33.9,33.9,34.6,0,0,0,0,0,0,0,0,0,0,0,0,0,0,0,0,34.2,34.2,33.4,33.4,32.8,32.8,34.2,34.2,33.8,33.8,33.9,33.9,33.9,34.6,0,0,0,0,0,0,0,0,0,0,0,0,0,0,0,0.866025404,0.5
123,Waiting,0,109055.9,0,0,98986.6,229.3,227.9,228.5,132.8,131.7,131.4,0,0,0,60,1,28.9,38.3,30.8,0,28.1,0,0,0,0,0/0,0,0,0,65530,8,0,0,0,43.4,42.5,42,43.4,43,43.1,43.1,43.8,0,0,0,0,0,0,0,0,0,0,0,0,0,0,0,0,43.5,43.5,42.6,42.6,42.1,42.1,43.5,43.5,43.1,43.1,43.2,43.2,43.2,43.9,0,0,0,0,0,0,0,0,0,0,0,0,0,0,0,0.866025404,0.5
123,Waiting,0,109055.9,0,0,98986.6,229,227.8,228.4,132.7,131.6,131.4,0,0,0,60,1,28.9,38.3,30.8,0,28.1,0,0,0,0,0/0,0,0,0,65530,8,0,0,0,67.7,66.9,66.4,67.6,67.3,67.5,67.3,68,0,0,0,0,0,0,0,0,0,0,0,0,0,0,0,0,67.8,67.8,67,67,66.5,66.5,67.8,67.8,67.4,67.4,67.6,67.5,67.5,68.2,0,0,0,0,0,0,0,0,0,0,0,0,0,0,0,0.965925826,0.258819045
123,Waiting,0,109055.9,0,0,98986.6,229.2,228,228.4,132.7,131.7,131.4,0,0,0,60,1,28.9,38.3,30.8,0,28.1,0,0,0,0,0/0,0,0,0,65530,8,0,0,0,114.1,113.5,113,114,113.7,113.9,113.9,114.4,0,0,0,0,0,0,0,0,0,0,0,0,0,0,0,0,111.7,111.7,111,111,110.6,110.6,111.6,111.6,111.2,111.2,111.5,111.4,111.4,112,0,0,0,0,0,0,0,0,0,0,0,0,0,0,0,0.965925826,0.258819045
123,Waiting,0,109055.9,0,0,98986.6,229.2,227.8,228.6,132.8,131.7,131.4,0,0,0,60,1,28.8,38.3,30.8,0,28.1,0,0,0,0,0/0,0,0,0,65530,8,0,0,0,85.5,84.7,84.3,85.4,85,85.2,85.8,86.4,0,0,0,0,0,0,0,0,0,0,0,0,0,0,0,0,141,141,140.4,140.4,140,140,140.9,140.9,140.6,140.6,140.8,141.1,141.1,141.5,0,0,0,0,0,0,0,0,0,0,0,0,0,0,0,0.965925826,0.258819045
123,Waiting,0,109055.9,0,0,98986.6,229.6,228.1,228.7,132.9,131.9,131.5,0,0,0,60,1,28.9,38.5,30.8,0,28.1,0,0,0,0,0/0,0,0,0,65530,9,0,0,0,81,80.2,79.8,80.9,80.6,80.7,82.7,83.3,0,0,0,0,0,0,0,0,0,0,0,0,0,0,0,0,114.3,114.3,113.6,113.6,113.2,113.2,114.2,114.2,113.9,113.9,114,115.9,115.9,116.4,0,0,0,0,0,0,0,0,0,0,0,0,0,0,0,0.965925826,0.258819045
123,Waiting,0,109055.9,0,0,98986.6,229.6,228.2,228.9,132.9,131.9,131.6,0,0,0,60,1,29,39.2,30.8,0,28.1,0,0,0,0,0/0,0,0,0,65530,7,0,0,0,526.1,526.3,526.8,525.5,525.8,526.1,525.5,513,0,0,0,0,0,0,0,0,0,0,0,0,0,0,0,0,526.3,526.3,526.5,526.5,527,527,525.7,525.7,526,526,526.3,525.7,525.7,513.1,0,0,0,0,0,0,0,0,0,0,0,0,0,0,0,0.965925826,0.258819045
123,Normal,0,109055.9,243.1,0,98986.6,229.7,228.4,228.7,133.2,132.2,131.9,3,2.9,2.9,60,1,30,40.2,30.9,0,28.4,0,0,0,0,0/0,0,0,0,2586,7,0,0,0,511.2,267,500.8,488.3,481,506.2,294.6,425.3,0,0,0,0,0,0,0,0,0,0,0,0,0,0,0,0,510.1,510.1,266.1,266.1,498.2,498.2,472.4,472.4,477.9,477.9,510.6,339.7,339.7,422.6,0.5,0,0.4,0,0.1,0,0.1,0,0.1,0,0,0.2,0,0,0,0.965925826,0.258819045
123,Normal,0,109055.9,198.2,0,98986.6,229.8,228.8,229,133,132.3,131.8,1.4,1.8,1.7,60,1,30.7,41.1,31.2,0,29.3,0,0,0,0,0/0,0,0,0,2586,6,0,0,0,222.3,178.6,190.3,177.7,166.5,228.4,261.6,177.2,0.1,0,0,0.1,0,0.1,0,0,22.2,0,0,17.7,0,22.8,0,0,221.5,221.5,177.5,177.5,180,180,177.6,177.6,173.5,173.5,226.9,255.6,255.6,174.6,0.6,0,0.4,0,0.1,0,0.2,0,0.1,0,0,0.2,0,0.1,0,0.965925826,0.258819045
123,Normal,0,109055.9,267,0,98986.6,229.9,228.5,229,133,132.2,131.7,2.4,2.6,2.4,60,1,31.3,41.6,31.4,0,30.3,0,0,0,0,0/0,0,0,0,2586,6,0,0,0,178.6,178.2,177.7,179.1,179.8,180.1,179.8,177.7,0.2,0.1,0.1,0.2,0.1,0.2,0.1,0.1,35.7,17.8,17.7,35.8,17.9,36,17.9,17.7,179.1,179.1,176.9,176.9,176,176,180,180,180.4,180.4,179.4,178.7,178.7,179,0.6,0,0.5,0,0.1,0,0.2,0,0.1,0,0.1,0.3,0,0.2,0,0.965925826,0.258819045
123,Normal,0,109055.9,473.7,0,98986.6,230.1,228.8,229.1,133.1,132.4,131.8,1.8,1.4,1.8,60,1,31.9,42,31.5,0,31,0,0,0,0,0/0,0,0,0,2586,8,0,0,0,221.6,179.8,180.2,179.9,179.3,206.2,182.8,177.1,0.4,0.2,0.2,0.4,0.2,0.3,0.3,0.2,88.6,35.9,36,71.9,35.8,61.8,54.8,35.4,220.9,220.9,179.9,179.9,179.2,179.2,178.5,178.5,179.3,179.3,211.6,185.3,185.3,179.7,0.8,0,0.6,0,0.1,0,0.4,0,0.3,0,0.3,0.4,0,0.3,0,0.965925826,0.258819045
123,Normal,0.1,109056,1145.2,0,98986.6,229.9,228.7,229,133.4,132.4,132.1,5.6,6.1,5.5,60,1,33.1,42.3,31.7,0,32,0,0,0,0,0/0,0,0,0,2586,7,0,0,0,339.3,522.1,179.5,542.2,192.6,267.1,180.6,512.9,0.6,0.4,0.2,0.6,0.3,0.4,0.4,0.3,203.5,208.8,35.9,325.3,57.7,106.8,72.2,153.8,332.8,332.8,538,538,181.1,181.1,558.7,558.7,182.4,182.4,278.2,179.6,179.6,519.2,0.9,0,0.7,0,0.1,0.1,0.4,0.2,0.4,0,0.4,0.5,0,0.3,0,0.965925826,0.258819045
123,Normal,0.2,109056.1,2053.3,0.2,98986.8,230.2,229,229.2,133.6,132.6,132.3,10.3,9.7,10.3,60,1,34.3,42.6,31.8,0,33.2,0,0,0,0,0/0,0,0,0,2586,8,0,0,0,586.3,516.4,219.9,524.4,180.1,348.3,179,490.7,1.1,0.4,0.3,0.9,0.5,0.8,0.6,0.5,644.9,206.5,65.9,471.9,90,278.6,107.4,245.3,593.2,593.2,522.5,522.5,224.7,224.7,525.8,525.8,180.1,180.1,347.5,178.1,178.1,488.3,1,0,0.9,0,0.1,0.2,0.6,0.3,0.5,0,0.7,0.6,0,0.5,0,0.965925826,0.258819045
123,Normal,0.4,109056.3,2689.6,0.5,98987.1,230.3,228.8,229.2,133.6,132.5,132.1,11.2,10.1,11.6,60,1,35.8,42.9,32,0,34.7,0,0,0,0,0/0,0,0,0,2586,8,491,97.3,537.1,579,548.5,277.9,551.4,182,381.9,178.7,475.5,1.3,0.7,0.4,1.1,0.6,0.9,0.8,0.6,752.7,383.9,111.1,606.5,109.2,343.7,142.9,285.3,574.7,574.7,544.7,544.7,282.1,282.1,547.1,547.1,180.4,180.4,384.7,180.2,180.2,481.1,1.2,0,1,0,0,0.4,0.6,0.5,0.7,0,0.9,0.8,0,0.7,0,0.965925826,0.258819045
123,Normal,0.7,109056.6,3648.6,0.6,98987.2,230.2,228.9,229.2,133.6,132.6,132.2,17.5,16.3,17.7,60,1,37.2,43.1,32.3,0,35.8,0,0,0,0,0/0,0,0,0,2586,7,70.6,7.2,42,603.1,555.2,338.4,545.2,179,462.2,582.8,542,1.6,0.8,0.5,1.4,0.7,1.1,0.6,0.8,964.9,444.1,169.2,763.2,125.3,508.4,349.6,433.6,606,606,566.2,566.2,347,347,558.2,558.2,179.8,179.8,471.2,576.6,576.6,533.6,1.3,0.2,1.2,0,0.1,0.5,0.8,0.6,0.8,0,1,0.8,0,0.9,0,1,6.12574E-17
123,Normal,1.1,109057,5229.9,1,98987.6,230.3,229,229.4,133.7,132.6,132.3,18,16.1,19.8,60,1,39.4,43.4,32.5,0,37.6,0,0,0,0,0/0,0,0,0,2586,9,86.9,52.5,67.8,580.1,554.4,488.9,559.9,493.6,524.5,503.1,559.9,2,1.1,0.8,1.8,0.9,1.3,0.9,1.1,1160.2,609.8,391.1,1007.8,444.2,681.8,452.7,615.8,614.6,614.6,579.3,579.3,509.9,509.9,589.5,589.5,494.8,494.8,535.9,499.8,499.8,537,1.5,0.4,1.3,0,0.1,0.6,0.9,0.7,0.9,0,1.2,1,0,1.1,0,1,6.12574E-17
123,Normal,1.5,109057.4,5395.1,1.3,98987.9,230.2,229,229.2,133.6,132.7,132.2,8.7,9.9,8.5,60,1,41.3,43.7,32.8,0,39.3,0,0,0,0,0/0,0,0,0,2586,8,20.5,9.5,11,602.8,616.1,492,578.4,491.4,580.7,489.8,570,2,1.1,0.7,1.8,0.9,1.2,0.9,1.1,1205.6,677.7,344.4,1041.1,442.2,696.8,440.8,627,594.8,594.8,605.2,605.2,484.8,484.8,563.9,563.9,479.5,479.5,567.7,501.7,501.7,582,1.6,0.3,1.3,0,0.1,0.6,1,0.8,1,0,1.1,1.1,0,1.1,0,1,6.12574E-17
123,Normal,2,109057.9,6724,1.7,98988.3,230.1,228.8,229,133.5,132.5,132.1,31.1,30.8,30.9,60,1,43.6,44.1,33.1,0,41.1,0,0,0,0,0/0,0,0,0,2586,8,71.9,7.1,138.4,635,607,529.5,585.9,482.9,585.6,533.8,569,2.2,1.2,0.9,2.2,1.2,1.5,1,1.4,1397,728.4,476.5,1288.9,579.4,878.4,533.8,796.6,624.5,624.5,596.3,596.3,518.6,518.6,569.3,569.3,470,470,569.1,554.7,554.7,586.3,1.6,0.4,1.6,0,0.1,0.8,1.1,1,1.2,0.1,1.5,1.2,0,1.4,0,1,6.12574E-17
123,Normal,2.6,109058.5,7290,2.2,98988.8,230.1,228.7,228.9,133.5,132.4,132,15.1,16.4,14,59.9,1,45.7,44.4,33.4,0,43,0,0,0,0,0/0,0,0,0,2586,9,169,59.6,115.1,611,590.2,515.5,567.6,501.7,590.5,538.5,552.7,2.6,1.4,0.9,2.4,1.3,1.6,1.1,1.5,1588.6,826.2,463.9,1362.2,652.2,944.8,592.3,829,634.2,634.2,602.7,602.7,528.8,528.8,580.4,580.4,512.5,512.5,607.6,549.1,549.1,570.7,1.9,0.6,1.7,0,0.1,0.8,1.2,1.1,1.3,0,1.6,1.3,0,1.5,0,1,6.12574E-17
123,Normal,3.2,109059.1,7267.8,2.7,98989.3,229.6,229.5,228.6,133,132.7,132.3,13.1,14.1,11.6,59.9,1,48.4,44.8,33.8,0,45.1,0,0,0,0,0/0,0,0,0,2586,8,190,60.9,118.6,588.6,599.2,510.8,552,488.1,571.1,531.8,567,2.6,1.5,1,2.4,1.3,1.6,1.1,1.5,1530.3,898.8,510.8,1324.8,634.5,913.7,584.9,850.5,588.3,588.3,599.9,599.9,518.2,518.2,555.4,555.4,487.8,487.8,572.4,538,538,566.1,1.9,0.6,1.6,0,0.1,0.9,1.3,1.2,1.3,0,1.6,1.3,0,1.5,0,1,6.12574E-17
123,Normal,3.9,109059.9,8455,3.3,98989.9,230.2,229.1,229.1,133.6,132.7,132.3,18.1,20.3,17,60,1,50.6,45.2,34.3,0,47.2,0,0,0,0,0/0,0,0,0,2586,10,188.5,13.9,125.2,623.2,635,547.5,595.3,498.8,586.6,509.7,563,3,1.6,1.2,2.8,1.6,1.9,1.2,1.7,1869.6,1016,657,1666.8,798,1114.5,611.6,957.1,628.8,628.8,641,641,554.6,554.6,600.4,600.4,499.3,499.3,593.7,532.3,532.3,587.4,2,0.8,1.8,0,0.1,1,1.4,1.4,1.5,0,1.8,1.5,0,1.7,0,1,6.12574E-17
123,Normal,4.7,109060.7,10394.7,3.9,98990.5,230.3,229.2,229.2,133.6,132.8,132.3,26.5,26.6,26.6,60,1,53.3,45.7,34.8,0,49.2,0,0,0,0,0/0,0,0,0,2586,10,145,0.1,119.7,625.3,615.2,557.6,563.2,523.9,607.7,553.2,580.7,3.6,2,1.4,3.6,1.8,2.2,1.4,2.1,2251,1230.4,780.6,2027.5,943,1336.9,774.4,1219.4,622.5,622.5,617.9,617.9,551.5,551.5,564.1,564.1,527.3,527.3,611.4,555,555,585.6,2.4,1.2,2.2,0,0.1,1.3,1.7,1.9,1.7,0.1,2.1,1.7,0,2,0,1,6.12574E-17
123,Normal,5.6,109061.6,10318.6,4.8,98991.4,230.4,229,229.3,133.7,132.8,132.3,26.6,26.6,26.5,59.9,1,51.3,43.1,35.5,0,45.6,0,0,0,0,0/0,0,0,0,2586,9,168.5,16.2,152.3,620.6,631.8,534.5,591.5,510.1,609.1,591.7,576.6,3.6,2,1.5,3.4,1.8,2.1,1.4,2,2234.1,1263.6,801.7,2011.1,918.1,1279.1,828.3,1153.2,621,621,631.7,631.7,534.1,534.1,594.9,594.9,510.4,510.4,605.9,591.5,591.5,578.2,2.4,1.1,2.1,0,0.1,1.4,1.6,1.7,1.7,0.1,2,1.6,0,2,0,1,6.12574E-17
123,Normal,6.6,109062.6,12642,5.7,98992.3,230.6,229.2,229.4,133.8,132.9,132.4,32.1,31.9,32,60,1,53.9,45.1,35.9,0,48.9,0,0,0,0,0/0,0,0,0,2586,9,140.8,14.2,141.9,640.3,617.7,560.6,574.9,492.7,599.7,565.2,584.3,4.5,2.3,1.9,4.4,2.3,2.7,1.8,2.5,2881.3,1420.7,1065.1,2529.5,1133.2,1619.1,1017.3,1460.7,642.8,642.8,618,618,561.4,561.4,576.9,576.9,493,493,595.6,565.4,565.4,582.3,2.7,1.6,2.6,0,0.1,1.8,2,2.4,2.1,0.2,2.6,2,0,2.5,0,1,6.12574E-17
123,Normal,7.7,109063.7,12244.1,6.7,98993.3,230.5,229.1,229.4,133.8,132.9,132.3,30.3,30.3,30.3,60,1,51.6,43.1,36.4,0,45.9,0,0,0,0,0/0,0,0,0,2586,10,168.8,17.5,182.5,619.8,620.1,596.1,601.9,485.5,604.2,568.5,570.1,4.2,2.3,1.7,3.8,2.2,2.4,1.8,2.4,2603.1,1426.2,1013.3,2287.2,1068.1,1450,1023.3,1368.2,623.8,623.8,615.9,615.9,591.7,591.7,607.5,607.5,483.1,483.1,599.1,564.4,564.4,571.5,2.7,1.4,2.4,0,0.1,1.6,1.8,2,2,0.1,2.3,1.9,0,2.3,0,1,6.12574E-17
123,Normal,8.8,109064.8,12985.3,7.7,98994.3,230.7,229.3,229.5,133.8,132.9,132.4,32.7,32.6,32.6,60,1,52.5,45.4,36.6,0,48.2,0,0,0,0,0/0,0,0,0,2586,9,151.2,0.4,151.3,605,622.2,598.8,588.1,510.1,583.2,583.2,566.6,4.7,2.5,2,4.3,2.2,2.6,2,2.4,2843.5,1555.5,1197.6,2528.8,1122.2,1516.3,1166.4,1359.8,604.9,604.9,618.7,618.7,603.9,603.9,588.7,588.7,509.7,509.7,583.6,583.6,583.6,567.6,2.9,1.6,2.6,0,0.1,1.9,2.1,2.3,2.1,0.1,2.5,2.1,0,2.5,0,1,6.12574E-17
123,Normal,10.1,109066,17033,8.8,98995.4,230.6,229.4,229.3,133.7,133,132.4,43.3,43.1,43.1,60,1,54.5,43.6,36.7,0,48.2,0,0,0,0,0/0,0,0,0,2586,9,12.4,71.2,15.3,624.4,632.3,628.9,585.4,547.7,606.5,639.6,577.3,6,3.1,2.5,5.6,2.8,3.3,2.4,3.2,3746.4,1960.1,1572.2,3278.2,1533.5,2001.4,1535,1847.3,626.7,626.7,633,633,629.4,629.4,584.4,584.4,551.9,551.9,603.1,636.9,636.9,575.4,3.6,2.3,3.2,0,0.1,2.4,2.7,2.9,2.7,0.1,3.2,2.6,0,3.1,0,0.965925826,-0.258819045
123,Normal,11.6,109067.5,18798.7,10.1,98996.7,230.8,229.4,229.3,133.8,133,132.3,47.3,47.1,47.2,60,1,55.4,44.5,37,0,48.5,0,0,0,0,0/0,0,0,0,2586,10,0.8,8.5,87.8,624.2,624.1,613.3,584.1,519.2,634.5,622.1,580.8,6.6,3.4,2.9,6.2,3.1,3.5,2.7,3.5,4119.7,2121.9,1778.5,3621.4,1609.5,2220.7,1679.6,2032.8,621.4,621.4,620.8,620.8,613.8,613.8,587.1,587.1,522.4,522.4,637.5,625.1,625.1,585.3,3.8,2.6,3.6,0,0.1,2.8,3,3.2,3.1,0,3.3,2.8,0,3.3,0,0.965925826,-0.258819045
123,Normal,13.1,109069,21420.1,11.4,98998,230.8,229.6,229.4,133.8,133.1,132.4,53.8,53.7,53.6,60,1,53.8,45.1,37.3,0,46.8,0,0,0,0,0/0,0,0,0,2586,10,144.9,3.5,153.2,623.6,619.3,608.9,589.4,542.3,620.1,639.7,569.9,7.8,4.1,2.8,7.1,3.6,4.3,2.6,4.1,4864,2539.1,1704.9,4184.7,1952.2,2666.4,1663.2,2336.5,628.2,628.2,624,624,610.2,610.2,590.4,590.4,542.4,542.4,613.8,636.2,636.2,574.1,4.1,3.3,4.2,0,0.1,2.8,3.1,3.9,3.5,0,4.2,2.7,0,4.1,0,0.965925826,-0.258819045
123,Normal,14.7,109070.7,16838.9,12.7,98999.3,230.5,229.1,229.1,133.7,132.9,132.2,42.8,42.8,42.7,60,1,49.4,42.4,37.7,0,42.5,0,0,0,0,0/0,0,0,0,2586,9,92.7,17.8,95,638,626.8,597,583.9,553.3,621.1,632.6,563.6,6,3.1,2.6,5.6,2.7,3.4,2.4,3.1,3828,1943,1552.2,3269.8,1493.9,2111.7,1518.2,1747.1,638.3,638.3,630.8,630.8,598.9,598.9,581.4,581.4,556.3,556.3,621.9,630.3,630.3,566.3,3.5,2.4,3.3,0,0.1,2.6,2.7,3,2.7,0,3.3,2.4,0,3.1,0,0.965925826,-0.258819045
123,Normal,16.5,109072.5,26259.2,14.5,99001.1,230.9,229.6,229.4,133.9,133.2,132.3,66.5,66.3,66.3,60,1,56.2,44.8,38.2,0,47.9,0,0,0,0,0/0,0,0,0,2586,10,44.1,42.6,0.1,635.8,641.8,609.1,589.8,550.8,623,656.3,573,9.8,4.9,3.6,9,4.3,5.3,3.1,5,6230.8,3144.8,2192.7,5308.2,2368.4,3301.9,2034.5,2865,630,630,638.3,638.3,609.7,609.7,594.1,594.1,552.2,552.2,616.8,658.3,658.3,573.4,5.4,4.2,5,0,0.1,3.5,4,5,4.3,0,5.1,3.1,0,4.9,0,0.965925826,-0.258819045
123,Normal,18.4,109074.4,22245.2,16.2,99002.8,230.5,229.4,229.2,133.7,133,132.3,56.4,56.2,56.1,60,1,48.8,42.3,38.6,0,40.6,0,0,0,0,0/0,0,0,0,2586,9,16.1,15.9,118,638.8,621.3,618.8,594.6,566.1,629.7,630.6,576.3,7.8,4,3.5,7.3,3.5,4.2,3.2,4,4982.6,2485.2,2165.8,4340.5,1981.3,2644.7,2017.9,2305.2,636.1,636.1,619.6,619.6,620.4,620.4,599.1,599.1,564.9,564.9,625.1,635.6,635.6,574.8,4.4,3.2,4.2,0,0.1,3.4,3.5,3.8,3.5,0,4.2,3.2,0,4,0,0.965925826,-0.258819045
123,Normal,20.5,109076.4,27319.8,18,99004.6,230.7,229.6,229.4,133.8,133.2,132.4,69.1,69,68.9,60,1,47.7,42,38.9,0,39,0,0,0,0,0/0,0,0,0,2586,9,74.1,8.2,70.9,625.7,624,575,590.5,548.8,633,618.9,587.8,10.1,5.1,4.3,9.1,4.5,5.3,3.6,4.9,6319.5,3182.4,2472.5,5373.5,2469.6,3354.9,2228,2880.2,624.8,624.8,623.2,623.2,574.5,574.5,586.7,586.7,548.5,548.5,637.1,618.1,618.1,581.1,5.5,4.3,5.2,0,0.1,4.2,4.3,4.9,4.5,0,5,3.7,0,4.9,0,0.965925826,-0.258819045
123,Normal,22.8,109078.7,27003.6,20,99006.6,230.6,229.4,229.3,133.7,133,132.3,70.9,70.8,70.8,60,1,48.9,42.1,39.3,0,39.9,0,0,0,0,0/0,0,0,0,2586,11,48.4,11.7,53.3,614.4,621.7,536,589.5,554,613.9,566.5,576,11.2,5.7,5.1,8.9,4.5,4.8,4.6,4.6,6881.2,3543.6,2733.6,5246.5,2493,2946.7,2605.9,2649.6,610.6,610.6,622.5,622.5,531.1,531.1,590.7,590.7,554.4,554.4,622.1,564.9,564.9,580.9,6.1,4.9,5.8,0,0.1,5.2,4.2,5.4,4.8,0,4.9,4.8,0,4.6,0,0.965925826,-0.258819045
123,Normal,24.8,109080.8,33353.7,21.7,99008.3,231.1,229.9,229.7,134,133.3,132.6,84.4,84,84,60,1,47.8,42.2,39.4,0,39,0,0,0,0,0/0,0,0,0,2586,10,6.2,3.9,2.2,630.9,625.2,561.3,596.3,555.9,605.3,583.9,570.9,12.2,6.1,5.6,11,5.5,6.7,5.2,6.1,7696.9,3813.7,3143.2,6559.3,3057.4,4055.5,3036.2,3482.4,634.2,634.2,623.1,623.1,559.6,559.6,595.9,595.9,553.7,553.7,606.8,580.8,580.8,571.8,6.6,5.4,6.3,0,0,5.7,5.2,6,5.6,0,6.4,5.3,0,6,0,0.965925826,-0.258819045
123,Normal,26.9,109082.9,23128.2,23.7,99010.3,230.6,229.5,229.2,133.6,133.1,132.3,58.8,58.7,58.8,60,1,46.7,42.4,39.7,0,39.4,0,0,0,0,0/0,0,0,0,2586,9,102.2,1.4,148.1,621.3,616.8,586.7,591.1,547.3,610.8,605.1,579.4,8.5,4.2,3.8,7.7,3.8,4.5,3.5,4.2,5281,2590.5,2229.4,4551.4,2079.7,2748.6,2117.8,2433.4,617.4,617.4,624.4,624.4,585.6,585.6,595.5,595.5,548.4,548.4,615.3,605,605,582.8,4.6,3.6,4.3,0,0.1,3.8,3.6,4.1,3.8,0,4.3,3.6,0,4.1,0,0.965925826,-0.258819045
123,Normal,28.9,109084.9,23453.7,25.5,99012.1,230.6,229.4,229.3,133.7,133,132.3,59.2,59.1,59.1,60,1,47,42.4,39.8,0,39.3,0,0,0,0,0/0,0,0,0,2586,9,79.8,22.3,73.6,625.1,610.9,587.2,588.9,538.2,607.4,617.7,578.8,8.5,4.2,3.8,7.8,3.8,4.6,3.6,4.3,5313.3,2565.7,2231.3,4593.4,2045.1,2794,2223.7,2488.8,624.9,624.9,610.9,610.9,580.7,580.7,588.8,588.8,537.8,537.8,607.2,617.6,617.6,578.8,4.6,3.6,4.4,0,0,3.8,3.8,4.2,3.8,0,4.4,3.6,0,4.2,0,0.965925826,-0.258819045
123,Normal,31.5,109087.4,28238.2,27.8,99014.4,230.9,229.7,229.6,133.9,133.2,132.5,71.5,71.3,71.3,60,1,50.8,42.8,40.3,0,41.1,0,0,0,0,0/0,0,0,0,2586,9,45,1.3,48.3,616.6,598.8,574.7,594.3,566.7,624.6,606.9,574,10.5,5.1,4.7,9.4,4.5,5.5,4.3,5.1,6474.3,3053.8,2701,5586.4,2550.1,3435.3,2609.6,2927.4,618.2,618.2,600.5,600.5,576.7,576.7,595.7,595.7,565.1,565.1,626.1,606.6,606.6,569.1,5.6,4.6,5.3,0,0.1,4.7,4.4,5,4.6,0,5.3,4.4,0,5.1,0,0.965925826,-0.258819045
123,Normal,33.9,109089.8,31760.3,30.1,99016.7,230.7,229.8,229.2,133.7,133.2,132.4,79.3,79,79.1,60,1,52,43.3,40.8,0,41,0,0,0,0,0/0,0,0,0,2586,9,0.3,23.2,24.3,615.5,628.8,574.8,587.3,609,619.3,611.6,591.1,11.6,5.6,5,10.3,4.4,5.6,4.6,6.4,7139.8,3521.2,2874,6049.1,2679.6,3468,2813.3,3783,615.1,615.1,628.7,628.7,574.1,574.1,593,593,609.3,609.3,621.2,616.2,616.2,590.1,6.6,4.9,5.9,0,0,5,4.6,5.6,4.5,0,5.4,4.5,0,5.7,0,0.866025404,-0.5
123,Normal,36.2,109092.2,25351.5,32.1,99018.7,230.4,229.4,229,133.5,133,132.2,64.3,64.2,64.1,60,1,49.7,43.8,41.1,0,40.9,0,0,0,0,0/0,0,0,0,2586,9,30.8,9.7,38,619.1,616.2,605.6,588.8,600.3,628.5,627.5,580.4,9,4.5,4.1,8.3,4,4.7,3.9,4.6,5571.9,2772.9,2482.9,4887,2401.2,2953.9,2447.2,2669.8,617.6,617.6,617.1,617.1,607.3,607.3,588.9,588.9,596.5,596.5,625.4,624.5,624.5,580.1,4.9,3.9,4.6,0,0,4,4,4.3,4,0,4.6,4,0,4.5,0,0.866025404,-0.5
123,Normal,38.3,109094.3,25591.9,34,99020.6,230.2,229.3,228.9,133.4,132.9,132.2,64.5,64.4,64.2,60,1,48.8,43.9,41.2,0,40.3,0,0,0,0,0/0,0,0,0,2586,9,102,15.1,117.1,629.2,613.4,613.6,593.9,597.3,629.1,617.7,580.1,9,4.6,4,8.2,4,4.8,3.9,4.6,5662.8,2821.6,2454.4,4869.9,2389.2,3019.6,2409,2668.4,628.6,628.6,611.9,611.9,611.8,611.8,593.8,593.8,598,598,628.5,622.6,622.6,581.6,4.9,3.8,4.7,0,0,4,4,4.3,4,0,4.6,4,0,4.5,0,0.866025404,-0.5
123,Normal,40.5,109096.4,25189.8,35.6,99022.2,229.8,230,228.5,133,133.1,132.4,63.7,63.7,63.7,60,1,48.7,43.9,41.3,0,40.3,0,0,0,0,0/0,0,0,0,2586,9,75.8,18.1,94,618.5,614.6,613.5,586.5,596.7,630.4,630,585.9,9,4.5,4,8.2,3.9,4.7,3.9,4.4,5566.5,2765.7,2454,4809.3,2327.1,2962.8,2457,2577.9,617.9,617.9,618.1,618.1,613.9,613.9,590.1,590.1,591.4,591.4,623.1,624.1,624.1,582.6,4.9,3.9,4.6,0,0,3.9,4,4.3,4,0,4.7,3.9,0,4.4,0,0.866025404,-0.5
123,Normal,42.5,109098.4,25538.5,37.7,99024.3,230.4,229.2,228.8,133.5,133,132.1,64.9,64.6,64.9,60,1,48.1,43.9,41.3,0,39.8,0,0,0,0,0/0,0,0,0,2586,9,95.3,24.3,89.3,610.1,616.8,611.6,592,604.4,621.3,636.9,587.1,9.2,4.5,4,8.3,4,4.9,3.9,4.5,5612.9,2775.6,2446.4,4913.6,2417.6,3044.3,2483.9,2641.9,613.3,613.3,618.2,618.2,609.1,609.1,592.2,592.2,604.7,604.7,621.4,637,637,586.9,5,3.8,4.7,0,0,4,4,4.3,4,0,4.8,3.9,0,4.4,0,0.866025404,-0.5
123,Normal,44.7,109100.7,24852.2,39.7,99026.3,230.2,228.8,228.6,133.5,132.7,131.9,63.5,63.2,63.3,59.9,1,49.3,44,41.5,0,40.8,0,0,0,0,0/0,0,0,0,2586,9,96.5,27.1,69.3,617.7,623,599,586.4,594.4,620.4,628,579.5,8.8,4.4,4,8.1,4,4.8,3.8,4.4,5435.7,2741.2,2396,4749.8,2377.6,2977.9,2386.4,2549.8,611.2,611.2,622.6,622.6,602.1,602.1,584.9,584.9,594.9,594.9,626.4,631.8,631.8,576.2,4.9,3.7,4.5,0,0.1,3.9,4,4.2,4,0,4.6,3.8,0,4.4,0,0.866025404,-0.5
123,Normal,46.6,109102.6,20767.5,41.3,99027.9,229.5,229.4,228.1,132.8,132.9,132,53.1,52.8,53,60,1,47.1,44.2,41.8,0,40.2,0,0,0,0,0/0,0,0,0,2586,8,124.2,28.6,133.1,615.6,612.9,613.3,579.5,578.3,625.5,615.8,572.2,7.3,3.7,3.2,6.8,3.5,3.9,3.4,3.8,4493.8,2267.7,1962.5,3940.6,2024,2439.4,2093.7,2174.3,615.3,615.3,612.5,612.5,612.7,612.7,584.1,584.1,578.5,578.5,625.2,615.3,615.3,572.6,4.1,3,3.8,0,0.1,3.1,3.4,3.4,3.4,0,3.8,3.4,0,3.7,0,0.866025404,-0.5
123,Normal,48.3,109104.3,19226,42.9,99029.5,229.9,228.7,228.4,133.2,132.6,131.9,48.8,48.7,48.7,60,1,45.1,44,41.6,0,39.2,0,0,0,0,0/0,0,0,0,2586,9,96,4.4,80.3,618.6,612.9,592.7,598.9,595,625.8,615.1,575.1,6.8,3.4,3.1,6.1,3.1,3.6,3.1,3.5,4206.4,2083.8,1837.3,3653.2,1844.5,2252.8,1906.8,2012.8,622.3,622.3,605.9,605.9,591.6,591.6,589.3,589.3,590.5,590.5,622.2,613.4,613.4,568.9,3.8,2.8,3.7,0,0.1,3,3.1,3.2,3.1,0,3.5,3.1,0,3.5,0,0.866025404,-0.5
123,Normal,50,109106,21960.9,44.2,99030.8,229.9,228.5,228.5,133.3,132.5,131.8,56.2,55.8,56,60,1,51.5,47.3,41.9,0,44,0,0,0,0,0/0,0,0,0,2586,10,162.7,0.9,163.7,614.4,621.9,602.5,598.3,605.2,619.6,633.3,573.9,7.8,3.9,3.5,7.1,3.4,4.2,3.3,3.9,4792.3,2425.4,2108.7,4247.9,2057.6,2602.3,2089.8,2238.2,615.5,615.5,626.6,626.6,598.3,598.3,603,603,608.3,608.3,620.1,632.8,632.8,575.6,4.4,3.2,4,0,0.1,3.4,3.3,3.7,3.4,0,4.1,3.4,0,4,0,0.866025404,-0.5
123,Normal,52.1,109108,27415.4,46.2,99032.8,230.2,229.1,228.7,133.4,132.9,132,69.6,69.4,69.4,60,1,54.4,45.4,41.4,0,44.7,0,0,0,0,0/0,0,0,0,2586,9,98.9,8.2,107.1,617.8,618.4,597.4,585.7,589.8,614.4,628.2,585.4,9.7,4.8,4.4,9,4.5,5.2,4.3,4.9,5992.6,2968.3,2628.5,5271.3,2654.1,3194.8,2701.2,2868.4,616.2,616.2,621.4,621.4,602.1,602.1,585,585,592.4,592.4,615.7,624.3,624.3,585.5,5.3,4.2,4.9,0,0.1,4.3,4.5,4.6,4.5,0,5.1,4.3,0,4.9,0,0.866025404,-0.5
123,Normal,54.2,109110.1,15807,47.9,99034.5,229.8,228.4,228.5,133.3,132.4,131.8,39.9,39.9,39.7,60,1,47.1,44.5,41.5,0,41.1,0,0,0,0,0/0,0,0,0,2586,9,125.4,3,69.7,610.3,609.8,602.9,585.1,587.2,623,609.2,581.3,5.6,2.9,2.3,5.1,2.7,3,2.6,2.9,3417.6,1768.4,1386.6,2984,1585.4,1869,1583.9,1685.7,607.4,607.4,614.5,614.5,603.2,603.2,581.9,581.9,585.3,585.3,628.5,611.9,611.9,579.6,3.3,2.2,3.1,0,0.1,2.3,2.6,2.7,2.7,0,2.9,2.7,0,2.8,0,0.866025404,-0.5
123,Normal,55.3,109111.3,17099.9,49.1,99035.7,228.8,227.8,227.5,132.6,132.1,131.4,43.7,43.7,43.6,60,1,50.7,48.5,41.4,0,45.2,0,0,0,0,0/0,0,0,0,2586,9,164.1,6.8,146.3,623.3,617.6,602.8,584.5,581.4,623.4,630.8,568.5,6.1,3.1,2.6,5.6,2.9,3.3,2.6,3.2,3802.1,1914.5,1567.2,3273.2,1686,2057.2,1640,1819.2,622,622,619,619,601.3,601.3,583.9,583.9,575.6,575.6,623.6,632.3,632.3,569,3.5,2.4,3.2,0,0.1,2.5,2.8,2.8,2.8,0.1,3.2,2.6,0,3.2,0,0.866025404,-0.5
123,Normal,57.2,109113.2,25701.4,50.5,99037.1,229.4,228.3,227.9,133,132.4,131.6,66.4,66.3,66.2,60,1,54.5,46,41.1,0,45.4,0,0,0,0,0/0,0,0,0,2586,9,0.8,39,7.7,631,617.4,615.8,583.4,601.4,613.1,630.5,573.9,9.3,4.7,4.1,8.5,4.3,5,4.1,4.6,5868.3,2901.7,2524.7,4958.9,2586,3065.5,2585,2639.9,624.6,624.6,616.5,616.5,618.7,618.7,581.4,581.4,600.6,600.6,616.9,633.2,633.2,573.8,4.8,3.8,4.4,0,0,3.8,4.1,3.9,4.1,0,4.7,3.9,0,4.5,0,0.707106781,-0.707106781
123,Normal,58.5,109114.5,13382.4,51.9,99038.5,229.2,226.8,227.7,133,131.8,131,34.6,34.6,34.6,60,1,49.2,47.7,41.1,0,44.6,0,0,0,0,0/0,0,0,0,2586,10,187.7,5.8,193,607.3,612.3,603.4,561.3,598.3,604.5,593.8,574,4.9,2.5,1.9,4.4,2.2,2.6,2.1,2.5,2975.7,1530.7,1146.4,2469.7,1316.2,1571.7,1246.9,1435,615.7,615.7,616,616,602,602,565.8,565.8,600.1,600.1,603.6,589.7,589.7,574.9,2.8,1.8,2.6,0,0,1.8,2.3,2.2,2.1,0,2.5,2.2,0,2.5,0,0.707106781,-0.707106781
123,Normal,59.7,109115.7,15414,52.9,99039.5,228.5,227.7,227.1,132.4,132,131.2,39.1,39.2,39.1,60,1,54.3,50,40.8,0,49.1,0,0,0,0,0/0,0,0,0,2586,10,158.9,6.6,154.6,612.2,613.4,591.9,586.6,599,609,616.1,574.5,5.5,2.8,2.3,5,2.7,2.9,2.4,2.8,3367.1,1717.5,1361.3,2933,1617.3,1766.1,1478.6,1608.6,611.5,611.5,611.7,611.7,597,597,588.2,588.2,601.4,601.4,612.7,619.4,619.4,578.6,3.2,2.1,2.9,0,0.1,2.2,2.5,2.6,2.5,0.1,2.8,2.5,0,2.8,0,0.707106781,-0.707106781
123,Normal,61.3,109117.2,22798.6,54.4,99041,228.9,227.9,227.4,132.6,132.1,131.3,58.2,58,58.1,60,1,52.8,45.7,40.7,0,44.8,0,0,0,0,0/0,0,0,0,2586,10,90.9,4.5,86.4,616.4,621.5,603.4,584.6,580.9,629.6,621.9,586.9,8.1,4,3.6,7.4,3.9,4.3,3.6,4.1,4992.8,2486,2172.2,4326,2265.5,2707.2,2238.8,2406.2,618.2,618.2,623.2,623.2,607.2,607.2,588.3,588.3,576.6,576.6,632.8,620.6,620.6,588.8,4.5,3.4,4.2,0,0.1,3.6,3.7,3.8,3.7,0.1,4.1,3.7,0,4.2,0,0.707106781,-0.707106781
123,Normal,63.3,109119.2,22630.7,56.2,99042.8,229.2,227.1,227.7,133,131.9,131.2,57.9,57.7,57.8,60,1,48.5,44.4,41.1,0,40.9,0,0,0,0,0/0,0,0,0,2586,9,60.1,25,47.3,623.2,626.8,609.2,591.4,555.6,615.8,634.8,582.4,8.1,4,3.6,7.4,3.8,4.4,3.4,4.2,5047.9,2507.2,2193.1,4376.3,2111.2,2709.5,2158.3,2446,624.9,624.9,624.1,624.1,606.4,606.4,588.2,588.2,557.4,557.4,614.8,634.4,634.4,586,4.5,3.4,4.1,0,0.1,3.5,3.7,3.8,3.6,0.1,4.3,3.5,0,4.1,0,0.707106781,-0.707106781
123,Normal,65.4,109121.4,23555,58,99044.6,228.8,228,227.4,132.6,132.2,131.4,60,59.9,60,60,1,48.9,44.1,41.2,0,40.6,0,0,0,0,0/0,0,0,0,2586,9,78.5,12.7,60.3,621.8,613,634.4,599.2,570.8,615.8,635.7,576.2,8.6,4.3,3.5,7.6,3.7,4.6,3.5,4.3,5347.4,2635.9,2220.4,4553.9,2111.9,2832.6,2224.9,2477.6,624.7,624.7,613.8,613.8,627.8,627.8,595.8,595.8,573.1,573.1,617.9,639.4,639.4,580,4.7,3.6,4.4,0,0,3.5,3.7,4.1,3.6,0.1,4.4,3.4,0,4.2,0,0.707106781,-0.707106781
123,Normal,67.8,109123.8,37287.2,60.1,99046.7,229.3,228.3,227.8,132.9,132.4,131.6,95.3,94.9,95,59.9,1,53.8,44.1,41.4,0,41.7,0,0,0,0,0/0,0,0,0,2586,10,11.2,31.5,21.9,623.4,616.5,620.6,601.6,567.9,631.2,641,580,13.4,6.6,5.9,12.1,6.1,7.2,5.7,6.8,8353.5,4068.9,3661.5,7279.3,3464.1,4544.6,3653.7,3944,621.2,621.2,614,614,618.2,618.2,602,602,567.3,567.3,631.8,637.7,637.7,579.6,7,6.1,6.7,0,0,5.9,5.9,6.3,6,0,7,5.6,0,6.7,0,0.707106781,-0.707106781
123,Normal,71.4,109127.3,42865,63.2,99049.8,229.5,228.7,228.2,133,132.6,131.8,108.7,108.6,108.7,60,1,60.4,45.3,42.6,0,45.8,0,0,0,0,0/0,0,0,0,2586,10,16.3,20,6.8,633.8,619.6,608.2,601.7,605.8,617.3,632.7,568.5,14.7,7.7,6.9,13.8,6.9,8.3,6.6,7.8,9316.8,4770.9,4196.5,8303.4,4180,5123.5,4175.8,4434.3,632.1,632.1,617.7,617.7,606.6,606.6,605.7,605.7,608.9,608.9,620.3,631.5,631.5,567.5,7.8,6.7,7.7,0,0,6.8,6.4,7.3,6.8,0.1,8.1,6.6,0,7.7,0,0.707106781,-0.707106781
123,Normal,75.4,109131.4,39973,66.9,99053.5,229.4,228.3,227.7,132.9,132.5,131.5,101.3,101.5,102,60,1,58.8,47,44.1,0,45.5,0,0,0,0,0/0,0,0,26136,2586,11,29.9,2.6,53.1,619.3,602.6,602.4,586.5,598.6,614.2,618.2,574.4,14.3,7.2,6.4,13.1,6.8,7.6,6.3,7.4,8855.9,4338.7,3855.3,7683.1,4070.4,4667.9,3894.6,4250.5,618.4,618.4,606.6,606.6,603.9,603.9,590.2,590.2,600.5,600.5,611.5,611.9,611.9,573.1,7.6,6.7,7.2,0,0,6.4,6.3,6.9,6.6,0.2,7.4,6.5,0,7.3,0,0.707106781,-0.707106781
123,Normal,78.8,109134.8,45252.5,70,99056.6,229.5,228.6,228,133,132.6,131.7,116.3,116.1,116.4,60,1,59.4,48,44.9,0,45.8,0,0,0,0,0/0,0,0,26136,2586,11,25.7,20,5.6,616.3,619.9,610,586.2,596.5,627.5,627.1,577.1,16.6,8,7.4,15.3,7.8,8.7,7.2,8.2,10230.5,4959.2,4514,8968.8,4652.7,5459.2,4515.1,4732.2,614.3,614.3,618.3,618.3,611.4,611.4,587.7,587.7,595.1,595.1,626.7,626.1,626.1,575.3,8.8,8.2,8.1,0,0,7.6,7.5,7.9,7.9,0.2,8.6,7.3,0,8.2,0,0.707106781,-0.707106781
123,Normal,83.9,109139.8,66898.7,74.7,99061.3,230.3,229.1,228.6,133.4,133,132,168.7,168.6,168.8,60,1,65.4,50,46.5,0,46.4,0,0,0,0,0/0,0,0,26136,2586,11,6.4,8.7,26.7,596,596,597.3,583.6,600.5,610.3,609.5,567.5,24.4,12.1,11.1,22.9,11,12.9,10.9,12.3,14542.4,7211.6,6630,13364.4,6605.5,7872.8,6643.5,6980.2,601.3,601.3,596.6,596.6,594.2,594.2,585.4,585.4,600.1,600.1,606.4,613.5,613.5,565.9,12.5,11.5,12,0,0,11.2,10.5,12,11,0,12.6,10.7,0,12.2,0,0.707106781,-0.707106781
123,Normal,88.9,109144.9,57269,79,99065.6,229.6,228.5,227.9,133,132.6,131.6,145.6,145.2,145.6,60,1,60.4,52.3,48.5,0,45.1,0,0,0,0,0/0,0,0,26136,2586,12,81.6,0.4,2.3,607.3,600.4,600.7,588.8,613.9,614.3,610,568.6,20.9,10.4,9.5,19.5,9,10.9,9.3,10.5,12692.5,6244.1,5706.6,11481.6,5525.1,6695.8,5673,5970.3,604.2,604.2,603.7,603.7,602.2,602.2,588.4,588.4,614.1,614.1,609,614,614,565.7,10.8,9.9,10.3,0,0,9.5,9,10.3,9.2,0,10.8,9.1,0,10.5,0,0.707106781,-0.707106781
123,Normal,93.8,109149.7,51239.1,83.6,99070.2,229,228.1,227.4,132.6,132.4,131.4,130.8,130.5,130.8,60,1,58.2,53.7,49.8,0,45.4,0,0,0,0,0/0,0,0,26136,2586,12,53.2,9.4,38.8,603.5,611.7,593.8,583.7,607.5,607,614,564.6,18.7,9.3,8.5,17.5,8.4,9.8,8.3,9.6,11285.4,5688.8,5047.3,10214.7,5103,5948.6,5096.2,5420.1,604.2,604.2,609.8,609.8,592.6,592.6,579.6,579.6,608.1,608.1,607.4,617.7,617.7,561.2,9.7,8.7,9.1,0,0,8.6,8.3,9.1,8.3,0.1,9.6,8.1,0,9.4,0,0.5,-0.866025404
123,Normal,98.2,109154.2,49553.8,87.4,99074,228.3,228.6,226.8,132.1,132.4,131.4,127.1,126.7,127,60,1,58.5,54.2,50.3,0,45.2,0,0,0,0,0/0,0,0,26136,2586,12,12.5,10.2,2.2,609.3,603.6,598.7,577.7,606.8,619.6,618.6,570.6,18.1,9.2,8.2,17.1,8.2,9.3,7.9,9.1,11028.3,5553.1,4909.3,9878.6,4975.7,5762.2,4886.9,5192.4,613.3,613.3,607.6,607.6,594.2,594.2,576.3,576.3,610.2,610.2,622.4,621.1,621.1,574,9.5,8.4,9,0,0,8.4,8.2,8.9,8.1,0.1,9,7.8,0,8.9,0,0.5,-0.866025404
123,Normal,103,109158.9,45118.1,91.8,99078.4,228.2,227.3,226.6,132.2,131.9,130.9,115.2,114.9,115.1,60,1,57.3,54.8,50.9,0,45.8,0,0,0,0,0/0,0,0,26136,2586,12,11.9,7.1,52.5,610.3,599.3,598.8,585.5,606.2,610.2,624.2,567.1,16.2,8.4,7.4,15.2,7.4,8.7,7,8.3,9886.8,5034.1,4431.1,8899.6,4485.8,5308.7,4369.4,4706.9,607.5,607.5,603.8,603.8,599.3,599.3,584.9,584.9,609.4,609.4,607.8,618.2,618.2,569.2,8.6,7.5,8.2,0,0,7.4,7.2,8,7.1,0.2,8.5,7.1,0,8.2,0,0.5,-0.866025404
123,Normal,106.8,109162.8,39552.5,95.1,99081.7,227.6,226.8,226.1,131.9,131.5,130.6,101.2,101,101.2,60,1,54.3,54.6,51,0,44.2,0,0,0,0,0/0,0,0,26136,2586,12,91.4,33,31.5,610.2,610.9,598.7,573.2,609,614,613.4,572.5,14.3,7.1,6.3,13.3,6.5,7.5,6.3,7.2,8725.8,4337.3,3771.8,7623.5,3958.5,4605,3864.4,4122,603.7,603.7,609.1,609.1,598,598,575.6,575.6,606,606,615.4,609.7,609.7,575.5,7.5,6.4,7.1,0,0.1,6.3,6.4,6.9,6.3,0.1,7.3,6.3,0,7.1,0,0.5,-0.866025404
123,Normal,110.2,109166.2,46589.9,98.2,99084.8,227.9,227,226.2,132,131.7,130.7,118.9,119.3,119.5,59.9,1,61.3,53.6,50.1,0,47,0,0,0,0,0/0,0,0,26136,2586,13,19.4,2,66.4,612,615.4,607.8,581.4,614,613.7,622.3,581.7,16.8,8.3,7.5,15.9,7.6,8.9,7.3,8.3,10281.6,5107.8,4558.5,9244.2,4666.4,5461.9,4542.7,4828.1,613.4,613.4,614,614,613.4,613.4,579.8,579.8,610.9,610.9,613.1,624.4,624.4,575.4,8.8,7.8,8.3,0,0,7.6,7.6,8.2,7.6,0.1,8.7,7.3,0,8.4,0,0.5,-0.866025404
123,Normal,114.6,109170.5,57487.9,102.1,99088.7,228.8,227.7,227.1,132.6,132.2,131.1,146.5,146.2,146.5,60,1,62.2,53.5,49.8,0,46.5,0,0,0,0,0/0,0,0,26136,2586,12,107.2,74,50.1,615.5,601.7,597.7,583,612.1,610.2,614.6,570.3,20.6,10.5,9.5,19.6,9.3,11,9.3,10.5,12679.3,6317.8,5678.1,11426.8,5692.5,6712.2,5715.7,5988.1,615.5,615.5,602.3,602.3,602.2,602.2,585.7,585.7,611.9,611.9,615.3,615.5,615.5,567.7,10.6,9.6,10.3,0,0,9.5,9.1,10.1,9.3,0,10.6,9.1,0,10.4,0,0.5,-0.866025404
123,Normal,119.4,109175.4,51015.9,106.5,99093.1,228.2,227,226.6,132.3,131.7,130.8,129.7,130.1,130.5,60,1,59.2,54,50,0,45.2,0,0,0,0,0/0,0,0,26136,2586,13,50.9,12.9,37.9,616.6,612.5,591.2,581,609.2,607.4,615.3,565.3,18.2,9.1,8.4,17.4,8.2,9.8,8.2,9.5,11222.1,5573.7,4966,10109.4,4995.4,5952.5,5045.4,5370.3,616.8,616.8,606.2,606.2,595.7,595.7,580.4,580.4,616.2,616.2,611.4,615.9,615.9,568.4,9.5,8.5,9.1,0,0,8.4,8.3,9.1,8.2,0,9.6,8.1,0,9.4,0,0.5,-0.866025404
123,Normal,123.1,109179,37514.8,109.8,99096.4,227.4,226.6,225.8,131.7,131.5,130.5,96.1,95.9,95.7,60,1,58.2,53.8,49.9,0,46.2,0,0,0,0,0/0,0,0,26136,2586,12,12.5,7.7,20.2,612.8,601.2,605.2,580.8,603.2,616.2,625.6,571.7,13.6,6.8,6,12.5,6.1,7.1,5.7,6.9,8334,4088.1,3631.2,7260,3679.5,4375,3565.9,3944.7,613.1,613.1,601.1,601.1,599.3,599.3,581.6,581.6,603.7,603.7,616.6,625.7,625.7,571.8,7.1,6.1,6.9,0,0,6,6,6.7,5.9,0.1,7,5.7,0,6.9,0,0.5,-0.866025404
123,Normal,126.3,109182.3,40857.2,112.7,99099.3,228,226.7,226,132,131.6,130.5,104.7,104.3,104.5,59.9,1,60.5,53,49.2,0,47.4,0,0,0,0,0/0,0,0,26136,2586,12,40.6,3.2,37.3,623.8,611.2,597.2,584.2,593.4,611,622.1,571.2,14.6,7.4,6.7,13.6,6.7,7.7,6.3,7.5,9107.4,4522.8,4001.2,7945.1,3975.7,4704.7,3919.2,4284,625.5,625.5,610.9,610.9,598.4,598.4,587.3,587.3,594.2,594.2,614.2,621.6,621.6,571,7.6,6.8,7.4,0,0,6.7,6.5,7.2,6.5,0,7.6,6.3,0,7.5,0,0.5,-0.866025404
123,Normal,129.9,109185.9,46391.6,116,99102.6,228.3,227.1,226.5,132.3,131.9,130.7,118.5,118.4,118.7,59.9,1,58.8,52.5,48.9,0,45.9,0,0,0,0,0/0,0,0,26136,2586,12,5.3,19.7,34.6,620.9,602.1,609.8,586.4,592.8,617.7,619.9,568.6,16.6,8.4,7.5,15.8,7.5,8.7,7.3,8.5,10306.9,5057.6,4573.5,9265.1,4446,5373.9,4525.2,4833.1,623.2,623.2,603.8,603.8,603.2,603.2,589.8,589.8,593.3,593.3,610.9,622.9,622.9,572.5,8.5,7.7,8.3,0,0,7.6,7.3,8.2,7.5,0,8.6,7.2,0,8.4,0,0.5,-0.866025404
123,Normal,134.3,109190.2,56967.5,119.9,99106.5,228.7,227.7,227.2,132.6,132.1,131.2,144.9,144.8,145,60,1,62.3,52.7,49,0,45.8,0,0,0,0,0/0,0,0,26136,2586,10,20.7,26.7,47.5,619.6,590.9,591.2,584.1,597.7,619.3,609.6,571,20.4,10.6,9.6,19.6,9.3,10.6,9.2,10.5,12639.8,6263.5,5675.5,11448.3,5558.6,6564.5,5608.3,5995.5,620.4,620.4,596.3,596.3,594.8,594.8,588.1,588.1,597.1,597.1,620,608.3,608.3,571.4,10.6,9.6,10.4,0,0,9.6,9,10.2,9.3,0,10.3,9.1,0,10.2,0,0.5,-0.866025404
123,Normal,139.7,109195.7,61863.2,124.7,99111.3,228.8,228,227.1,132.5,132.3,131.2,157.1,156.9,157.3,60,1,63.5,54,50,0,46.7,0,0,0,0,0/0,0,0,26136,2586,15,113,21.7,91.3,606.8,612.7,595.1,584.9,599.1,607.8,603.5,570.5,22.6,11.1,10.4,21,10.4,11.7,10.4,11,13713.6,6800.9,6189,12282.9,6230.6,7111.2,6276.4,6275.5,612.1,612.1,612.1,612.1,596.7,596.7,587.7,587.7,603.8,603.8,611.7,598.8,598.8,568.7,11.6,10.7,10.9,0.1,0,10.6,9.9,11.1,10.5,0,11.6,10.5,0,11.1,0,0.5,-0.866025404
123,Normal,144.5,109200.4,59734.2,129,99115.6,228.7,227.8,227,132.5,132.2,131.1,152.4,152,152.5,60,1,61.2,55.3,51.2,0,46.1,0,0,0,0,0/0,0,0,26136,2586,11,50,7.5,30.5,612.9,603.4,593,584.3,601.3,612.6,599.8,568.6,21.2,10.8,10,20.3,10.1,11.5,10,11,12993.4,6516.7,5930,11861.2,6073.1,7044.9,5998,6254.6,612.4,612.4,607.1,607.1,591.2,591.2,584,584,597.9,597.9,608.9,601.4,601.4,569.8,10.9,9.9,10.5,0.2,0,10.1,9.6,10.5,10,0.1,11.3,9.8,0,10.9,0,0.258819045,-0.965925826
123,Normal,149.8,109205.8,57200.4,133.9,99120.5,228.7,227.6,226.8,132.4,132.1,131,146.5,146.3,146.7,60,1,62.1,56.6,52.4,0,47.4,0,0,0,0,0/0,0,0,26136,2586,13,48.2,29.2,31.7,606.7,595.5,594.4,575.8,600.4,606.5,606.7,564.7,20.9,10.7,9.8,19.8,9.3,11.1,9.5,10.6,12680,6371.8,5825.1,11400.8,5583.7,6732.1,5763.6,5985.8,605.7,605.7,593.8,593.8,593.4,593.4,576.6,576.6,599.4,599.4,608.1,607.2,607.2,563.3,10.8,9.9,10.5,0.1,0,9.9,9.3,10.4,9.5,0,10.8,9.3,0,10.6,0,0.258819045,-0.965925826
123,Normal,155,109210.9,69955.8,138.5,99125.1,229.3,228.1,227.6,132.9,132.5,131.3,178.1,178,178.4,60,1,63.7,57.3,53,0,46.8,0,0,0,0,0/0,0,0,26136,2586,13,36.9,28.3,65.2,607.1,607,593.3,582.7,597.9,600.2,598.9,559.2,25.7,12.8,12.2,24.1,11.5,13.6,11.8,13,15602.4,7769.6,7238.2,14043,6875.8,8162.7,7067,7269.6,608.3,608.3,608.2,608.2,599,599,587,587,591.4,591.4,598.3,602.2,602.2,558,13.1,12.2,12.4,0.2,0,12.1,10.9,12.7,11.9,0,13.3,11.5,0,12.8,0,0.258819045,-0.965925826
123,Normal,160.3,109216.3,70917.8,143.4,99130,229.5,228.7,227.6,132.8,132.8,131.5,180.2,180,180.5,60,1,68.1,58.2,53.8,0,48.8,0,0,0,0,0/0,0,0,26136,2586,14,31.5,23,6.2,592,599.7,575.1,558.1,594.9,599.4,592.9,570.9,26.6,12.9,12.8,25.4,11.8,14,12.2,13,15747.2,7736.1,7361.2,14175.7,7019.8,8391.6,7233.3,7421.7,588.6,588.6,600.6,600.6,574.9,574.9,556.1,556.1,590,590,600.3,600.1,600.1,568.9,13.4,13,12.5,0.2,0,12.9,12.3,12.9,12.3,0,13.7,11.9,0,12.9,0,0.258819045,-0.965925826
123,Normal,166.5,109222.5,73936.9,149,99135.6,229.6,228.5,227.8,133,132.7,131.5,187.5,187.2,187.6,60,1,70.9,60.1,55.2,0,49.6,0,0,0,0,0/0,0,0,26136,2586,13,18,16.3,104.3,630,629.9,630.7,629.2,623.4,629.6,624.2,598.6,27.2,13,12.6,20.5,12.3,13.6,12.5,12.7,17136,8188.7,7946.8,12898.6,7667.8,8562.5,7802.5,7602.2,627.3,627.3,627.2,627.2,628,628,626.4,626.4,626.4,626.4,626.8,625.6,625.6,609.6,13.9,13.2,13,0,0,12.9,8,12.9,12.3,0,13.6,12.3,0,10.9,0,0.258819045,-0.965925826
123,Normal,172.5,109228.4,61594.5,154.4,99141,228.5,227.3,226.7,132.4,131.9,130.9,158.3,157.8,158.3,60,1,67,61.9,56.7,0,50.9,0,0,0,0,0/0,0,0,26136,2586,14,2.3,25.5,7.7,590.4,572.9,575.7,570.8,584.8,601.1,577.8,558.3,23.2,11.8,10.9,21.6,10.5,11.9,10.6,11.7,13697.2,6760.2,6275.1,12329.2,6140.4,7153,6124.6,6532.1,590.5,590.5,573.6,573.6,572.9,572.9,570.9,570.9,585.3,585.3,601.6,577.2,577.2,558,11.9,10.9,11.6,0,0,11,10,11.4,10.6,0,11.7,10.6,0,11.5,0,0.258819045,-0.965925826
123,Normal,177.8,109233.8,72975.5,159.4,99146,229.1,228.1,227.5,132.8,132.3,131.3,184.8,184.7,185,60,1,68.7,62.2,57.2,0,49.4,0,0,0,0,0/0,0,0,26136,2586,17,111.1,8.9,98.2,587.7,589.1,567.1,563.5,584.4,601.3,600.9,559.1,27.3,13.6,12.9,25.8,12.4,14.2,12.1,13.7,16044.2,8011.7,7315.5,14538.3,7246.5,8538.4,7270.8,7659.6,598,598,590.5,590.5,562.2,562.2,557.5,557.5,584.3,584.3,597.6,597,597,560.5,13.5,12.7,13,0.2,0,13,12.4,13.2,12.5,0,13.9,12,0,13.4,0,0.258819045,-0.965925826
123,Normal,183.5,109239.4,59270.5,164.3,99150.9,228.5,227.7,226.9,132.4,132.1,131.1,150.9,150.5,150.9,60,1,64.6,62.8,57.8,0,49.7,0,0,0,0,0/0,0,0,26136,2586,15,11.4,24.1,12.6,587.8,588.7,584.3,567.4,587.8,601.8,584.9,552.3,22,11,10.2,20.7,9.8,11.5,10.1,11.2,12931.6,6475.7,5959.8,11745.1,5760.4,6920.7,5907.4,6185.7,591.1,591.1,590.6,590.6,585.2,585.2,563.5,563.5,592.7,592.7,605.1,582.3,582.3,553.5,11.3,10.3,10.8,0.1,0,10.4,9.9,10.7,9.9,0,11.1,9.9,0,11.1,0,0.258819045,-0.965925826
123,Normal,188.6,109244.6,70307.7,169,99155.6,229.1,227.9,227.5,132.9,132.3,131.3,178.5,178.3,178.7,60,1,67.6,62.6,57.8,0,49,0,0,0,0,0/0,0,0,26136,2586,15,17.4,5,44.1,598.7,585.8,586.8,568.4,579.6,598.3,592.3,553.2,26,13.3,12.2,24.7,11.9,13.6,11.9,13.2,15566.2,7791.1,7158.9,14039.4,6897.2,8136.8,7048.3,7302.2,599.9,599.9,585.5,585.5,580.1,580.1,566.7,566.7,581.3,581.3,599.5,592,592,552.2,13.2,12.3,12.8,0.2,0,12.4,11.7,12.8,12,0,13.3,11.8,0,13.1,0,0.258819045,-0.965925826
123,Normal,194.6,109250.5,74007.4,174.5,99161.1,229.6,228.7,227.8,132.9,132.8,131.6,187.7,187.6,188,60,1,70.9,63,57.8,0,50.5,0,0,0,0,0/0,0,0,26136,2586,17,7.9,36.3,44.2,619.6,592.4,591.5,618.9,618.9,619.2,590.9,559,26.7,14.3,13.5,21.3,11.8,13.8,13.2,14.4,16543.3,8471.3,7985.2,13182.5,7303,8544.9,7799.8,8049.6,625.5,625.5,593.2,593.2,588.9,588.9,623.2,623.2,598.5,598.5,596.2,591.1,591.1,558.9,13.2,12.4,13.9,0.2,0,13.7,7.9,12.3,13,0,14.8,13,0,14.2,0,0.258819045,-0.965925826
123,Normal,200.6,109256.6,63076.7,179.9,99166.5,228.8,228,227.1,132.5,132.3,131.2,160.9,160.7,161.1,60,1,67.5,64,58.6,0,51.5,0,0,0,0,0/0,0,0,26136,2586,15,42.6,3.4,53.1,595,595,575.4,569.8,584.7,585.7,579.7,551.3,23.5,11.8,11.3,22.2,10.5,12.6,11.1,12,13982.5,7021,6502,12649.5,6139.3,7379.8,6434.6,6615.6,597.3,597.3,597.3,597.3,571.6,571.6,566.1,566.1,587.4,587.4,588,574.1,574.1,553.7,11.9,11.2,11.3,0.2,0,11.6,10.5,11.6,10.8,0,12.4,10.9,0.1,11.8,0,0.258819045,-0.965925826
123,Normal,206.5,109262.5,69847.7,185.3,99171.9,229.4,228.6,227.7,132.9,132.6,131.5,178.7,178.5,179,60,1,69.7,64.6,59.3,0,51.8,0,0,0,0,0/0,0,0,26136,2586,16,12.8,25.3,38,581.4,575.7,539,559.7,580.7,570.5,564.9,525.7,27.2,13.6,13.2,25.5,12.1,14.4,12.6,13.9,15814,7829.5,7114.8,14272.3,7026.4,8215.2,7117.7,7307.2,579.9,579.9,571.9,571.9,536.4,536.4,556.7,556.7,579.2,579.2,571.1,560.9,560.9,523.4,13.9,13.3,13.4,0.2,0,13.5,12.2,13.4,12.5,0,14.2,12.4,0.1,13.8,0,0.258819045,-0.965925826
123,Normal,212.7,109268.6,74013.1,190.9,99177.5,229.6,228.5,228,133.1,132.7,131.6,187.8,187.4,187.8,59.9,1,71.6,65.2,59.7,0,51.5,0,0,0,0,0/0,0,0,26136,2586,16,93.2,19.5,1.2,626.1,626.1,626.9,625.3,625.3,625.7,622.8,621.8,28.1,13.4,13.1,21.1,12.4,14.3,12.8,9.5,17593.4,8389.7,8212.3,13193.8,7753.7,8947.5,7971.8,5907.1,626,626,625.9,625.9,626.7,626.7,625.2,625.2,625.2,625.2,625.6,624.6,624.6,623.8,14.1,13.9,13.1,0.2,0,13.3,8.1,12.9,12.7,0,14.2,12.5,0.2,9,0,1.22515E-16,-1
123,Normal,218.7,109274.7,73019.9,196.4,99183,229.3,228.3,227.8,132.9,132.4,131.5,186.6,186.4,186.8,60,1,72,66,60.5,0,53,0,0,0,0,0/0,0,0,26136,2586,17,45.7,20.3,84.6,582.2,584.2,564.9,537.8,552,598.1,569.3,520.4,28.6,13.9,13.8,27.3,13.4,14.4,13.1,14.7,16650.9,8120.3,7795.6,14681.9,7396.8,8612.6,7457.8,7649.8,579.7,579.7,587,587,564.5,564.5,540.6,540.6,548.4,548.4,600.6,567.5,567.5,518.6,14.4,13.8,13.5,0.1,0,14,13.1,13.9,13.4,0.1,14.1,12.8,0.2,14.6,0,1.22515E-16,-1
123,Normal,224.9,109280.8,65950.6,202.1,99188.7,228.8,227.9,227.3,132.6,132.3,131.2,168.4,168,168.2,60,1,70.8,67.1,61.4,0,53.5,0,0,0,0,0/0,0,0,26136,2586,17,38.4,16.8,79.9,577.2,571.7,571,544.1,563.3,586.6,571.2,502.7,25.8,12.7,12,24.3,11.9,13.6,11.9,13.4,14891.7,7260.5,6852,13221.6,6703.2,7977.7,6797.2,6736.1,576.7,576.7,571.9,571.9,574.2,574.2,544.1,544.1,563.1,563.1,586.9,571.1,571.1,502.7,13,12.4,12.4,0.1,0,12.1,11.6,12.4,11.8,0.2,13.3,11.6,0.1,13.3,0,1.22515E-16,-1
123,Normal,230.9,109286.9,63506.1,207.8,99194.4,229.2,228.3,227.6,132.7,132.5,131.4,161.6,162.1,162.5,60,1,69.6,67.7,61.9,0,53.9,0,0,0,0,0/0,0,0,26136,2586,16,12,142.9,34.4,580.2,558.6,556.6,571.7,577.2,542.2,553,535.5,25.2,12.3,11.5,22.3,11.2,13.9,11.5,13.3,14621,6870.7,6400.9,12748.9,6464.6,7536.5,6359.5,7122.1,578.2,578.2,556.5,556.5,555.9,555.9,568.7,568.7,577.4,577.4,531.7,556,556,538.5,13,12.2,12.3,0.1,0,11.9,10.4,12,11.1,0.2,13.3,11.3,0.1,13.1,0,1.22515E-16,-1
123,Normal,237.3,109293.3,74047.6,213.6,99200.2,229.7,228.6,227.8,133.1,132.8,131.4,187.7,187.4,188,60,1,73,68.3,62.5,0,53.1,0,0,0,0,0/0,0,0,26136,2586,16,53.5,70.8,17.3,618,617.9,618.7,617.2,617.2,617.6,616.5,603.4,28.1,13.5,12.9,21.4,12.5,14.6,12.8,11.7,17365.8,8341.6,7981.2,13208,7715,9016.9,7891.2,7059.7,616.7,616.7,616.6,616.6,617.5,617.5,616,616,615.9,615.9,616.3,615.8,615.8,615,14.1,13.9,13.2,0.3,0,13.2,8.4,13.2,12.6,0,14.5,12.6,0.1,10.1,0,1.22515E-16,-1
123,Normal,243.4,109299.3,57767.3,218.9,99205.5,228.1,226.9,226.7,132.3,131.6,130.8,147.7,147.6,147.8,60,1,67,68.5,62.8,0,53.1,0,0,0,0,0/0,0,0,26136,2586,16,37.4,73.6,36.2,591.3,565.7,590.2,551.4,586.3,590.9,573.5,556,21.9,11.2,10.1,21,9.9,11.8,10.2,11.2,12949.4,6335.8,5961,11579.4,5804.3,6972.6,5849.7,6227.2,591.3,591.3,575.5,575.5,578.8,578.8,562,562,578.3,578.3,591,579.8,579.8,544.9,10.9,10.4,10.6,0.1,0,10.2,9.5,10.6,9.8,0.1,11.4,9.8,0,11.1,0,1.22515E-16,-1
123,Normal,248.6,109304.6,76897.7,223.9,99210.5,229.5,228.4,227.7,132.9,132.7,131.4,195.4,194.9,195.5,60,1,72,67.8,62.4,0,52.1,0,0,0,0,0/0,0,0,26136,2586,17,87.5,116.9,1.1,606.7,585.3,585.2,606.1,581,584.6,590,551.8,28.7,14.3,13.8,23.7,13.7,15.8,13.7,15.2,17412.2,8369.7,8075.7,14364.5,7959.7,9236.6,8083,8387.3,607.5,607.5,607.4,607.4,585.1,585.1,597.4,597.4,585.3,585.3,581.8,581.3,581.3,554.7,14,14.1,13.1,0.2,0,13.9,11.2,13.5,13.5,0.1,15.6,13.5,0.1,14.8,0,1.22515E-16,-1
123,Normal,254.9,109310.8,76900.5,229.5,99216.1,229.7,228.6,227.8,133.1,132.7,131.5,195.2,194.9,195.4,60,1,74.1,67.9,62.5,0,53.6,0,0,0,0,0/0,0,0,26136,2586,17,24.7,114.1,120.9,621.2,621.1,621.9,620.4,620.4,620.7,620.2,619.3,28.9,14.1,13.5,22.7,13.1,15.3,13.3,10.6,17952.6,8757.5,8395.6,14083,8127.2,9496.7,8248.6,6564.5,621.7,621.7,621.7,621.7,622.5,622.5,621,621,620.9,620.9,621.3,620.7,620.7,619.8,14.5,14,13.6,0.3,0,13.7,8.6,13.7,13.1,0,15.1,13.1,0,10.4,0,1.22515E-16,-1
123,Normal,260.8,109316.8,76899.2,235,99221.6,229.3,228.4,227.8,132.9,132.5,131.6,195.2,195.1,195.7,59.9,1,74.1,68.6,63.1,0,53.7,0,0,0,0,0/0,0,0,26136,2586,17,45.4,112,66.5,600.5,600.3,601.1,599.8,599.6,600,599.5,598.8,29.2,14.2,13.5,24.8,13.2,15.6,13.4,12.3,17534.6,8524.2,8114.8,14875,7914.7,9360,8033.3,7365.2,601.2,601.2,601,601,601.8,601.8,600.5,600.5,600.3,600.3,600.7,600.2,600.2,599.4,14.6,14.2,13.8,0.2,0,13.6,10.5,14,13.2,0,15.4,13.2,0,12.1,0,1.22515E-16,-1
123,Normal,267.3,109323.3,73772.7,240.9,99227.5,229.7,228.8,227.9,133,132.8,131.6,187.6,186.5,186.8,60,1,74.6,69.6,64.1,0,54.5,0,0,0,0,0/0,0,0,26136,2586,16,53.7,49.1,48.3,629.7,629.6,630.5,628.9,628.9,629.3,628.6,627.7,28.5,13.4,13.2,20.5,12.6,14.7,13,8.9,17946.4,8436.6,8322.6,12892.4,7924.1,9250.7,8171.8,5586.5,629.9,629.9,629.9,629.9,630.7,630.7,629.1,629.1,629.2,629.2,629.5,628.8,628.8,627.9,13.9,14.1,13,0.2,0,13.4,6.9,13.4,12.7,0,14.5,12.7,0,8.7,0,1.22515E-16,-1
123,Normal,273.6,109329.5,65659.5,246.6,99233.2,228.8,227.7,226.9,132.5,132.3,130.9,169,168.6,169.2,60,1,73.8,70.1,64.3,0,55,0,0,0,0,0/0,0,0,26136,2586,16,52.6,69.8,122.5,563.1,567.3,546.1,566.9,550.2,560.6,548.6,532.9,26.3,12.9,12.5,23.8,11.8,13.9,12.2,13.5,14809.5,7318.1,6826.2,13492.2,6492.3,7792.3,6692.9,7194.1,565.5,565.5,563.3,563.3,549.1,549.1,570.2,570.2,553.6,553.6,567.5,549.9,549.9,530.6,13.2,13,12.7,0.2,0,12.8,10.7,12.9,12,0,13.9,12.1,0.1,13.6,0,1.22515E-16,-1
123,Normal,279.4,109335.4,63646.3,252,99238.6,228.6,227.6,226.8,132.4,132.1,131,162.4,162.9,163.4,60,1,71.5,70,64.5,0,54.3,0,0,0,0,0/0,0,0,26136,2586,18,114.8,7.4,122.2,568,567.9,567.4,558.4,558.7,591.3,568.1,546.3,25,12.2,11.7,23.2,11.3,13,11.5,12.8,14200,6928.3,6638.5,12954.8,6313.3,7686.9,6533.1,6992.6,572.2,572.2,568.2,568.2,570.2,570.2,558.8,558.8,558.5,558.5,587,568.4,568.4,543.1,12.7,12.4,12.1,0.1,0,12.1,11,12.3,11.5,0,13.2,11.5,0,13,0,1.22515E-16,-1
123,Normal,284.8,109340.7,73367.9,256.9,99243.5,229.1,228,227.3,132.7,132.4,131.2,183.5,183.3,183.6,60,1,69.2,69,63.6,0,51.2,0,0,0,0,0/0,0,0,26136,2586,17,12.2,15.3,3,566.4,544.7,550.1,565.3,535.6,588.9,574,537.7,27.6,14.4,13.7,26.6,13.1,14.3,13.1,14.9,15632.6,7843.6,7536.3,15036.9,7016.3,8421.2,7519.4,8011.7,562.3,562.3,546.9,546.9,544.8,544.8,559.7,559.7,532.5,532.5,588.4,573.2,573.2,540.1,13.7,12.4,13.9,0.1,0,13.2,12.3,14,12.6,0,13.6,12.2,0,14.7,0,-0.258819045,-0.965925826
123,Normal,290.8,109346.8,70298.2,262.6,99249.2,228.8,227.8,227.2,132.6,132.2,131.1,179,178.7,178.9,60,1,73.3,69,63.5,0,55.3,0,0,0,0,0/0,0,0,26136,2586,19,61.6,104.4,17.8,577.9,589.8,575,561.3,582.4,589.6,575.1,547.8,27,13.1,12.6,25.3,11.9,14.4,12.4,13.8,15603.3,7726.3,7245,14200.8,6930.5,8490.2,7131.2,7559.6,576.3,576.3,590.5,590.5,574.8,574.8,560.8,560.8,589.8,589.8,590.2,576.5,576.5,552.1,13.5,13.1,12.6,0.3,0,12.8,11.8,13.2,11.9,0,14,12.2,0,13.5,0,-0.258819045,-0.965925826
123,Normal,296.9,109352.9,74419.8,268,99254.6,228.8,227.9,227.1,132.5,132.3,131.1,189.6,189.3,189.8,60,1,74.4,69.5,64,0,55.2,0,0,0,0,0/0,0,0,26136,2586,18,60.2,17.5,16.6,589.8,579.9,590.3,564.3,571.1,589.3,566.7,551.3,28.2,14,13.1,26.8,12.6,15,13.4,14.6,16632.3,8118.6,7732.9,15123.2,7195.8,8839.5,7593.7,8048.9,588.7,588.7,581.7,581.7,589.3,589.3,568.7,568.7,565.1,565.1,588.3,563.8,563.8,552.6,14.1,13.8,13.6,0.3,0,13.3,12.2,14,12.9,0,14.9,13.1,0,14.4,0,-0.258819045,-0.965925826
123,Normal,302.3,109358.3,62339,273,99259.6,227.9,226.8,226.4,132.1,131.6,130.7,159.3,159.1,159.3,60,1,67.9,69.7,64.4,0,53.2,0,0,0,0,0/0,0,0,26136,2586,16,29.5,118.5,19.1,593.3,585.6,580.6,574.6,578.9,593,577.8,556.7,23.5,11.6,11.1,21.9,10.6,12.7,11,12.2,13942.5,6792.9,6444.6,12583.7,6136.3,7531.1,6355.8,6791.7,590.1,590.1,585.3,585.3,583.5,583.5,571.5,571.5,583.1,583.1,587.5,575.5,575.5,557.9,11.8,11.5,11.3,0.1,0,11.2,10.1,11.7,10.6,0,12.5,10.8,0,12,0,-0.258819045,-0.965925826
123,Normal,307.4,109363.4,65599.1,277.6,99264.2,228.3,227.3,226.6,132.2,131.9,130.8,167.3,167.1,167.5,60,1,67.3,68.2,63.3,0,51.7,0,0,0,0,0/0,0,0,26136,2586,16,36.3,159.8,70.9,597,586.1,586.5,571.8,596.4,596.7,583.1,558.2,24.3,12.2,11.4,23,10.9,13.3,11.4,12.8,14507.1,7150.4,6686.1,13151.4,6500.7,7936.1,6647.3,7144.9,592.4,592.4,580.2,580.2,590.2,590.2,574.9,574.9,591.7,591.7,592,587.8,587.8,554,12.3,11.8,12,0.2,0,11.5,10.6,12,11,0,13,11.1,0,12.6,0,-0.258819045,-0.965925826
123,Normal,313.1,109369,57376.9,282.7,99269.3,228,227,226.3,132.1,131.7,130.7,146.4,146.4,146.4,60,1,66,67.5,62.7,0,52.4,0,0,0,0,0/0,0,0,26136,2586,16,66.2,54.5,33.3,601.5,581.5,579.9,564.4,578.9,601.1,583.6,553.1,21.2,10.8,10.1,20.2,10,11.5,10,11.2,12751.8,6280.2,5856.9,11400.8,5789,6912.6,5836,6194.7,597,597,577.2,577.2,584.5,584.5,568,568,585.2,585.2,596.8,586.1,586.1,559.2,10.9,10.5,10.7,0.1,0,10.3,9.6,10.6,9.9,0.1,11.5,9.9,0,11.1,0,-0.258819045,-0.965925826
123,Normal,317.8,109373.8,55304.3,287.2,99273.8,227.9,226.8,226.2,132.1,131.6,130.6,141.8,141.4,141.8,60,1,62.2,66.4,61.6,0,49.4,0,0,0,0,0/0,0,0,26136,2586,15,67.3,87.4,35.4,605,592.8,588.1,571.9,585.6,602.7,594,556,20.5,10.2,9.8,19.2,9.5,11,9.5,10.7,12402.5,6046.5,5763.3,10980.4,5563.2,6629.7,5643,5949.2,606.3,606.3,591.2,591.2,593.5,593.5,565.9,565.9,583.9,583.9,602.6,595.6,595.6,557.9,10.2,9.9,10,0,0,9.7,9.2,10,9.4,0.1,10.8,9.2,0.1,10.5,0,-0.258819045,-0.965925826
123,Normal,322,109378,58425.6,291.1,99277.7,227.8,226.7,226.1,132,131.6,130.5,151.1,150.8,151,60,1,60.2,64.2,59.7,0,47.5,0,0,0,0,0/0,0,0,26136,2586,18,46.3,118.5,72.2,606.8,606.8,603,576.9,584.6,606.5,593.9,562.8,21.6,10.7,10.2,20.5,9.7,11.5,10.1,11.1,13106.8,6492.7,6150.6,11826.4,5670.6,6974.7,5998.3,6247,606.8,606.8,606.8,606.8,602.7,602.7,573.5,573.5,587.9,587.9,606.6,597.4,597.4,559.8,11,10.3,10.4,0.1,0,10.4,9.7,10.7,10,0,11.3,9.9,0.1,11.1,0,-0.258819045,-0.965925826
123,Normal,327,109383,47205.4,295.6,99282.2,227.3,226.4,225.7,131.7,131.3,130.4,121.5,121.1,121.5,60,1,59.2,63.4,59,0,48.8,0,0,0,0,0/0,0,0,26136,2586,15,16.2,15.8,43.1,599.6,594.3,597.9,573.3,599.2,605.5,605,571.5,17.4,8.7,8.1,16.4,7.5,9.1,7.8,8.7,10433,5170.4,4842.9,9402.1,4494,5510,4719,4972,599.3,599.3,593.9,593.9,597.5,597.5,572.2,572.2,599.4,599.4,607.4,606.1,606.1,571.5,9,8.2,8.6,0.1,0,8.3,7.8,8.6,7.8,0,8.9,7.7,0,8.7,0,-0.258819045,-0.965925826
123,Normal,331.5,109387.5,43200.6,299.8,99286.4,226.9,226,225.4,131.5,131.1,130.1,111.5,111.2,111.5,59.9,1,57.6,62.9,58.7,0,48.2,0,0,0,0,0/0,0,0,26136,2586,16,31.4,21,7.1,596.2,596.9,595,558.5,602.7,610.1,599.7,570.2,16,8,7.5,15.3,6.8,8.2,7.1,8,9539.2,4775.2,4462.5,8545,4098.3,5002.8,4257.8,4561.6,597.3,597.3,599.7,599.7,590.2,590.2,554.8,554.8,598.9,598.9,608,599.3,599.3,570.7,8.3,7.5,7.8,0,0,7.6,7.3,7.8,7.1,0,8.1,7.2,0,8,0,-0.258819045,-0.965925826
123,Normal,337,109392.9,73355.5,304.6,99291.2,228.8,227.9,227.3,132.7,132.2,131.2,187,186.6,187.3,60,1,71.6,63,58.9,0,52.6,0,0,0,0,0/0,0,0,26136,2586,13,92.4,27.9,13,602.5,595.1,585.3,570.5,605.4,593.3,585.5,560.6,26.7,13.5,13,26.1,11.6,14.5,12.9,13.9,16086.7,8033.8,7608.9,14890,7022.6,8602.8,7552.9,7792.3,600.2,600.2,589.6,589.6,582.8,582.8,567.3,567.3,603.9,603.9,600.9,591.4,591.4,557.5,13.5,12.8,13.2,0.2,0,13.1,12.2,13.4,11.9,0,13.9,12.4,0,13.7,0,-0.258819045,-0.965925826
123,Normal,342.7,109398.7,52230.1,309.9,99296.5,227.5,226.4,226,131.9,131.4,130.4,133.9,133.8,133.8,60,1,65.6,64.6,60,0,53.1,0,0,0,0,0/0,0,0,26136,2586,16,43.2,16.2,27,590.8,579.6,583.2,568.6,586.5,598.3,586.7,561.2,19.6,9.7,9.4,18.3,8.6,10.3,9,10.1,11579.6,5622.1,5482,10405.3,5043.9,6162.4,5280.3,5668.1,600.6,600.6,578.1,578.1,578.4,578.4,563.3,563.3,590.6,590.6,600.4,584.6,584.6,558.6,9.8,9.5,9.7,0,0,9.6,8.9,9.6,8.9,0,10.2,8.9,0.1,10,0,-0.258819045,-0.965925826
123,Normal,346.6,109402.5,44448.2,313.2,99299.8,227,226.2,225.6,131.6,131.2,130.3,114.1,113.9,114.1,60,1,55.9,63.2,58.8,0,46.4,0,0,0,0,0/0,0,0,26136,2586,13,31.4,6.4,25,608.5,583.7,584.1,578.1,588.9,608.3,596.2,560.6,16.1,8.3,7.8,15.3,7.2,8.6,7.4,8.3,9796.8,4844.7,4555.9,8844.9,4240,5231.3,4411.8,4652.9,609.4,609.4,584.2,584.2,582,582,576.1,576.1,593.3,593.3,609.1,596.9,596.9,557.6,8.3,7.6,8.2,0,0,7.8,7.1,8,7.4,0,8.4,7.4,0,8.2,0,-0.5,-0.866025404
123,Normal,350.5,109406.5,50747,317,99303.6,227.4,226.4,226,131.9,131.4,130.4,129.9,129.7,130.1,60,1,57.3,61.1,57,0,45.9,0,0,0,0,0/0,0,0,26136,2586,13,14,16.7,30.7,603.1,601.3,589.8,576.4,590,615,595.4,566.7,18.7,9.1,8.7,17.4,8.5,9.6,8.6,9.2,11277.9,5471.8,5131.2,10029.3,5015,5904,5120.4,5213.6,602.8,602.8,605.4,605.4,594.2,594.2,576.8,576.8,593.7,593.7,608.6,599,599,566.8,9.4,8.9,8.7,0,0,8.6,8.1,8.8,8.5,0,9.3,8.4,0,9.1,0,-0.5,-0.866025404
123,Normal,354.4,109410.3,49412.9,320.4,99307,227.1,226.3,225.8,131.7,131.2,130.4,126.5,126.1,126.4,60,1,57.6,59.7,56,0,46.4,0,0,0,0,0/0,0,0,26136,2586,14,28.8,26.8,55.6,602,601.8,604.9,584.4,600.4,614.8,601.9,564.4,17.7,8.7,8.2,16.9,8,9.5,8.2,9.6,10655.4,5235.6,4960.1,9876.3,4803.2,5840.6,4935.5,5418.2,606.9,606.9,605.5,605.5,599.2,599.2,586.2,586.2,600.1,600.1,611.9,606.9,606.9,565,8.8,8.4,8.5,0,0,8.4,7.8,8.7,8.1,0,9.3,8,0,9.5,0,-0.5,-0.866025404
123,Normal,358.6,109414.6,52183,324.1,99310.7,227.3,226.6,226,131.8,131.3,130.6,134.2,133.9,134.3,60,1,60.3,59.1,55.7,0,47.9,0,0,0,0,0/0,0,0,26136,2586,14,80.4,9.4,71,602.2,602.8,598.4,579.8,596.2,612.6,596.4,564.6,19.1,9.4,9,18,8.6,10.1,9,10,11502,5666.3,5385.6,10436.4,5127.3,6187.2,5367.6,5646,600.6,600.6,602.7,602.7,598.3,598.3,576.5,576.5,596.9,596.9,612.6,596.5,596.5,564.7,9.7,9.2,9.2,0,0,9.1,8.6,9.3,8.8,0,10,8.8,0,9.9,0,-0.5,-0.866025404
123,Normal,363.4,109419.4,47589.9,328.6,99315.2,226.8,225.8,225.4,131.5,130.9,130.1,122,121.7,122.1,60,1,59.2,59.3,55.5,0,48.1,0,0,0,0,0/0,0,0,26136,2586,14,17.5,55.4,49.8,591.3,597.3,589.1,571.4,593.3,604.8,596.4,565.9,17.5,8.5,8.1,16.4,7.7,9.1,8,9,10347.7,5077,4771.7,9370.9,4568.4,5503.6,4771.2,5093.1,593.6,593.6,596.3,596.3,585.6,585.6,571.7,571.7,588.1,588.1,605.6,595.9,595.9,568.7,8.9,8.1,8.4,0,0,8.2,7.7,8.3,7.8,0,8.8,7.8,0,8.6,0,-0.5,-0.866025404
123,Normal,367.1,109423,42108.4,331.9,99318.5,226.3,225.4,225.2,131.3,130.6,130,108.4,108.3,108.5,60,1,55.6,58.4,54.8,0,45.7,0,0,0,0,0/0,0,0,26136,2586,14,67.5,92.4,24.9,600,592.3,598.9,569.5,596.4,616.1,597.2,564.7,15.7,7.6,7.3,14.8,6.8,8,7.1,7.9,9420,4501.4,4371.9,8428.6,4055.5,4928.8,4240.1,4461.1,603.9,603.9,600.9,600.9,595.7,595.7,570.6,570.6,594.6,594.6,608.4,598.4,598.4,562.2,7.9,7.4,7.5,0,0,7.4,7,7.6,6.9,0,7.9,7,0,7.8,0,-0.5,-0.866025404
123,Normal,370.6,109426.6,53614.9,335,99321.6,227.7,226.8,226.2,132,131.5,130.6,138,137.7,138.2,60,1,57.2,57.3,54.1,0,44.8,0,0,0,0,0/0,0,0,26136,2586,12,34.1,15.6,67,604.9,596.6,596.1,574.5,602.7,609.9,602.2,563.7,19.7,9.9,9.3,18.7,8.7,10.4,9.1,10.1,11916.5,5906.3,5543.7,10743.1,5243.4,6342.9,5480,5693.3,602.1,602.1,593.5,593.5,596.6,596.6,576.1,576.1,600.9,600.9,611.5,599.2,599.2,560.6,10.2,9.5,9.8,0,0,9.4,8.9,9.6,9,0,10.3,9.1,0,10.1,0,-0.5,-0.866025404
123,Normal,375,109430.9,50163.8,339.1,99325.7,227.1,226.4,225.7,131.6,131.2,130.4,129.1,128.9,129.1,60,1,58.2,57.1,54,0,46.4,0,0,0,0,0/0,0,0,26136,2586,13,72.4,100.5,13.9,598.8,609.8,605.8,573.1,599.7,609.4,594.3,571.4,18.5,9,8.5,17.4,8.1,9.8,8.6,9.3,11077.8,5488.2,5149.3,9971.9,4857.5,5972.1,5110.9,5314,603.3,603.3,602.2,602.2,602,602,570.9,570.9,600.2,600.2,615.4,599.4,599.4,568.2,9.4,8.6,8.9,0,0,8.6,8.3,8.9,8.3,0,9.3,8.3,0,9.2,0,-0.5,-0.866025404
123,Normal,379,109435,43856.3,342.7,99329.3,226.8,226,225.6,131.5,131,130.3,112.9,112.6,112.8,60,1,55.7,57.1,53.9,0,45.7,0,0,0,0,0/0,0,0,26136,2586,13,38,28.7,15.3,603.2,617.1,582.8,577,591.5,616.9,600,569.2,16.2,7.8,7.7,15.1,7.1,8.3,7.4,8.1,9771.8,4813.3,4487.5,8712.7,4199.6,5120.2,4440,4610.5,606.3,606.3,616.1,616.1,585.2,585.2,579.4,579.4,592.4,592.4,615.9,599.5,599.5,568,8.3,7.6,7.7,0.1,0,7.7,7.1,7.8,7.3,0,8.2,7.3,0,8.1,0,-0.5,-0.866025404
123,Normal,383,109439,50268.9,346.4,99333,227.4,226.6,225.8,131.7,131.4,130.5,128.6,128.4,128.7,60,1,58.9,56.5,53.2,0,46.2,0,0,0,0,0/0,0,0,26136,2586,13,26.8,34,73.4,615.2,599.3,600.7,569.7,588.7,615,594.1,570.5,17.9,9.2,8.5,17.3,8.4,9.6,8.6,9.3,11012,5513.5,5105.9,9855.8,4945,5904,5109.2,5305.6,612.6,612.6,603.6,603.6,603.2,603.2,567.3,567.3,589.3,589.3,612.3,597.8,597.8,570.7,9.2,8.5,8.9,0,0,8.4,8.4,8.7,8.4,0,9.4,8.4,0,9.2,0,-0.5,-0.866025404
123,Normal,387.2,109443.1,42134,350.1,99336.7,226.9,226,225.6,131.5,131,130.3,107.6,107.5,107.6,60,1,54.8,56.3,53,0,45,0,0,0,0,0/0,0,0,26136,2586,14,32.5,70.5,38,610,604.8,597.2,564.1,588.7,613.5,595.6,562.9,15.2,7.7,7.1,14.6,7,8,7.1,7.8,9272,4656.9,4240.1,8235.8,4120.9,4908,4228.7,4390.6,612.3,612.3,600.4,600.4,594.2,594.2,573.1,573.1,595.9,595.9,612.1,593.4,593.4,560.6,8,7.3,7.7,0,0.1,7.2,7.1,7.4,7.2,0,8.1,7.2,0,7.9,0,-0.5,-0.866025404
123,Normal,390.5,109446.5,42567.7,353,99339.6,227,226,225.6,131.6,131.1,130.2,109.4,109.4,109.5,60,1,52.6,55.3,52.1,0,43.2,0,0,0,0,0/0,0,0,26136,2586,13,1.7,8.9,94.9,604.6,616.5,604.3,577.4,593.3,616.2,597.6,567.7,15.3,7.6,7,14,7.2,8.1,7.2,8,9250.3,4685.4,4230.1,8083.6,4271.7,4991.2,4302.7,4541.6,608.1,608.1,616.5,616.5,604,604,579,579,594.1,594.1,616.2,597.7,597.7,564.8,8,7,7.4,0.1,0,7,6.9,7.1,7.1,0,7.9,7.1,0,7.8,0,-0.5,-0.866025404
123,Normal,393.6,109449.6,32611.2,355.9,99342.5,226.6,225.6,225.3,131.4,130.8,130.1,83.9,83.6,83.6,60,1,51.3,54.2,51.1,0,43.2,0,0,0,0,0/0,0,0,26136,2586,12,45,49,25.1,607.6,598,601,574.4,600,621.9,610.1,568.4,11.8,6,5.2,10.9,5.5,6,5.4,6.1,7169.6,3588,3125.2,6260.9,3300,3731.4,3294.5,3467.2,607.3,607.3,598.2,598.2,604.5,604.5,574.9,574.9,600.9,600.9,621.9,609.9,609.9,568.2,6.3,5.2,6,0,0.1,5.1,5.3,5.7,5.3,0.2,5.8,5.3,0,6,0,-0.707106781,-0.707106781
123,Normal,396.4,109452.3,36150.8,358.4,99345,226.7,225.5,225.4,131.5,130.8,130,93.2,93.1,92.9,59.9,1,56.4,53.2,50.2,0,45.7,0,0,0,0,0/0,0,0,26136,2586,12,28.5,9.9,38.5,621,614.3,590.8,582.3,609.6,616.4,610.4,570.5,12.9,6.5,5.9,11.9,6,6.8,6,6.8,8010.9,3992.9,3485.7,6929.3,3657.6,4191.5,3662.4,3879.4,622.5,622.5,612.4,612.4,594.1,594.1,578.6,578.6,613.1,613.1,617.8,613.8,613.8,574,6.8,5.8,6.5,0,0,6,5.9,6.2,5.9,0.1,6.7,5.9,0,6.7,0,-0.707106781,-0.707106781
123,Normal,399.3,109455.3,31695.8,361.1,99347.7,226.6,225.5,225.3,131.4,130.8,130.1,81.6,81.2,81.5,60,1,58.2,52.6,49.5,0,47.6,0,0,0,0,0/0,0,0,26136,2586,12,1.7,7.2,4.4,609.4,617.9,580.5,586.9,581.5,613.2,616.9,578.4,11.6,5.7,5.2,10.5,5.3,5.9,5,5.9,7069,3522,3018.6,6162.4,3081.9,3617.8,3084.5,3412.5,613.5,613.5,619.6,619.6,584,584,583.9,583.9,575.1,575.1,609.6,608,608,574.5,6,5.1,5.6,0,0,5.2,5.1,5.6,5.2,0.1,5.8,5.1,0,5.8,0,-0.707106781,-0.707106781
123,Normal,401.7,109457.7,27100.2,363.2,99349.8,226.5,225.2,225.2,131.4,130.6,129.9,70.1,70,69.7,59.9,1,54.4,51.8,48.6,0,45.6,0,0,0,0,0/0,0,0,26136,2586,12,7,12.9,5.9,605.5,600.8,597.8,582.1,608.4,619.9,612.1,583.7,10.1,4.9,4.3,9.1,4.3,5.1,4.3,4.9,6115.5,2943.9,2570.5,5297.1,2616.1,3161.4,2632,2860.1,616.1,616.1,599.2,599.2,602.8,602.8,576.2,576.2,608.9,608.9,616,605.5,605.5,583.9,5.2,4.4,5,0,0.1,4.2,4.4,4.8,4.3,0,5,4.4,0,4.9,0,-0.707106781,-0.707106781
123,Normal,404.1,109460,26182.5,365.4,99352,226.4,225.3,225.1,131.3,130.7,129.9,67.6,67.5,67.5,60,1,52.9,50.8,47.3,0,44.3,0,0,0,0,0/0,0,0,26136,2586,11,15.2,8,7.1,619.3,607.8,595.8,576.7,606.1,619.2,613.1,575,9.5,4.6,4.2,8.9,4,4.9,4.1,4.9,5883.3,2795.8,2502.3,5132.6,2424.4,3034,2513.7,2817.5,618.1,618.1,606.5,606.5,597.3,597.3,575.3,575.3,607.8,607.8,615.4,618.7,618.7,571.6,5,4.2,4.8,0,0.1,4.2,4.3,4.7,4.2,0,4.8,4.2,0,4.9,0,-0.707106781,-0.707106781
123,Normal,406.2,109462.1,23912.3,367.1,99353.7,225.7,225.9,224.5,130.7,130.7,130,61.7,61.7,61.6,59.9,1,51.3,49.6,46.3,0,43.4,0,0,0,0,0/0,0,0,17416,2586,11,70.5,40.6,43.3,620.6,620.8,598.1,580.1,602.2,613.6,613.5,574.6,8.6,4.1,3.8,8.1,3.8,4.5,3.7,4.4,5337.1,2545.2,2272.7,4698.8,2288.3,2761.2,2269.9,2528.2,612.1,612.1,620.7,620.7,601.2,601.2,576.9,576.9,601.4,601.4,606.3,620.7,620.7,574.7,4.7,3.8,4.3,0,0.1,3.7,3.9,4.3,3.8,0,4.4,3.8,0,4.4,0,-0.707106781,-0.707106781
123,Normal,408.1,109464.1,22097.2,368.9,99355.5,226.1,225.1,224.7,131,130.5,129.8,57,56.9,56.8,60,1,49.3,48.5,45.4,0,42.1,0,0,0,0,0/0,0,0,0,2586,10,43.1,32.9,3,622.6,615.1,597.8,576.9,589.3,622.2,621.6,584,7.9,3.9,3.5,7.4,3.7,4.2,3.4,4,4918.5,2398.8,2092.3,4269,2180.4,2613.2,2113.4,2336,615.2,615.2,615.5,615.5,595.4,595.4,572.2,572.2,597.1,597.1,622.2,617.1,617.1,578.9,4.4,3.4,4,0,0.1,3.5,3.7,3.9,3.5,0.1,4.1,3.5,0,4.1,0,-0.707106781,-0.707106781
123,Normal,409.9,109465.9,21378.9,370.7,99357.3,225.9,224.8,224.8,131.1,130.3,129.7,55.3,55.1,55.3,60,1,48.1,47.4,44.5,0,41.2,0,0,0,0,0/0,0,0,0,2586,11,17.8,10.4,7.4,612.7,610.9,585.6,590.4,598.9,608.7,620.7,572.8,7.6,3.9,3.4,7,3.7,4.1,3.4,4,4656.5,2382.5,1991,4132.8,2215.9,2495.6,2110.3,2291.2,613.9,613.9,608.3,608.3,585,585,583.1,583.1,591.9,591.9,609,623.3,623.3,566.7,4.3,3.2,4,0,0.1,3.3,3.5,3.7,3.4,0.2,4,3.4,0,4,0,-0.707106781,-0.707106781
123,Normal,411.8,109467.8,21079.1,372.2,99358.8,226,224.9,224.8,131.1,130.3,129.8,54.2,54.2,54,59.9,1,47.3,46.5,43.7,0,40.6,0,0,0,0,0/0,0,0,0,2586,10,4.9,28.4,33.4,616.6,615.1,598.9,577.9,602.2,628,626.6,588.8,7.4,3.8,3.2,6.9,3.6,3.9,3.2,3.8,4562.8,2337.3,1916.4,3987.5,2167.9,2449.2,2005.1,2237.4,617.8,617.8,618.2,618.2,602.2,602.2,578.7,578.7,607,607,628.2,622.5,622.5,586,4.2,3,3.9,0,0.1,3.1,3.4,3.6,3.3,0.2,3.8,3.4,0,3.8,0,-0.707106781,-0.707106781
123,Normal,413.7,109469.7,23316,374,99360.6,226.3,225.2,225,131.2,130.6,129.9,60.1,60.2,60,60,1,48.3,45.8,43.2,0,40.8,0,0,0,0,0/0,0,0,0,2586,10,7,47.4,1.5,618.2,608.9,598.4,588,618.7,616.7,625.4,583,8.3,4.2,3.6,7.6,3.9,4.4,3.6,4.3,5131,2557.3,2154.2,4468.8,2412.9,2713.4,2251.4,2506.9,619.9,619.9,610.6,610.6,597,597,589.6,589.6,614.7,614.7,621.9,625.2,625.2,583,4.6,3.5,4.3,0,0.1,3.5,3.7,3.9,3.7,0.1,4.3,3.7,0,4.3,0,-0.707106781,-0.707106781
123,Normal,415.6,109471.5,22049.1,375.6,99362.2,226.2,225.3,225,131.1,130.6,129.9,57.1,57,57,60,1,47.7,45.4,42.8,0,40.6,0,0,0,0,0/0,0,0,0,2586,11,0.7,1.5,6.8,624.7,613.6,600.8,596.7,597.2,624.6,624.3,576,7.7,3.9,3.3,7,3.8,4.2,3.4,4.1,4810.1,2393,1982.6,4176.9,2269.3,2623.3,2122.6,2361.6,613.6,613.6,612.2,612.2,605,605,597.4,597.4,597.4,597.4,619.5,622,622,576.2,4.3,3.2,4,0,0.1,3.2,3.4,3.7,3.5,0.1,4.1,3.5,0,4,0,-0.707106781,-0.707106781
123,Normal,417.5,109473.4,20838,377.2,99363.8,226.2,225.2,224.9,131.1,130.6,129.9,53.9,53.7,53.7,60,1,47.1,45.1,42.5,0,40.3,0,0,0,0,0/0,0,0,0,2586,10,4.9,29.1,38.7,625.7,618.8,583.6,593.6,580.1,625.7,611.8,573.3,7.3,3.8,3.2,6.8,3.6,4,3.3,3.9,4567.6,2351.4,1867.5,4036.4,2088.3,2502.8,2018.9,2235.8,612.8,612.8,614.4,614.4,594.5,594.5,591.3,591.3,574.4,574.4,623.8,610.7,610.7,577.5,4.2,3.1,3.9,0,0,3.2,3.3,3.5,3.4,0.2,3.9,3.4,0,3.8,0,-0.707106781,-0.707106781
123,Normal,419.1,109475.1,19208.4,378.6,99365.2,226.2,225.2,224.9,131.1,130.5,129.8,50,50.1,49.8,60,1,45.8,44.7,42.1,0,39.7,0,0,0,0,0/0,0,0,0,2586,9,14.3,11.9,2.4,615.4,612.1,615,595.2,588,625.9,605.1,575.3,6.9,3.4,2.8,6.2,3.2,3.6,3,3.5,4246.2,2081.1,1722,3690.2,1881.6,2253.2,1815.3,2013.5,618.7,618.7,612.5,612.5,613.1,613.1,593.7,593.7,584.6,584.6,625.1,612.7,612.7,580.8,3.8,2.8,3.6,0,0.1,2.8,3,3.2,3.1,0.1,3.5,3.1,0,3.5,0,-0.866025404,-0.5
123,Normal,420.7,109476.7,17722.4,380,99366.6,226,225.2,224.9,131,130.5,129.9,45.7,45.7,45.7,60,1,49.6,47.7,41.9,0,43.7,0,0,0,0,0/0,0,0,0,2586,9,3.9,7.8,11.7,624,611.7,588.1,595.3,600.2,620.8,617.9,567.4,6.2,3.2,2.7,5.7,3,3.4,2.7,3.3,3868.8,1957.4,1587.8,3393.2,1800.6,2110.7,1668.3,1872.4,628,628,611.1,611.1,588.3,588.3,600.5,600.5,601.9,601.9,622,627.4,627.4,566.5,3.5,2.5,3.4,0,0.1,2.7,2.7,2.9,2.8,0.2,3.3,2.8,0,3.3,0,-0.866025404,-0.5
123,Normal,422.1,109478.1,17651.7,381.4,99368,226.1,225.2,224.9,131.1,130.5,129.9,45.7,45.5,45.6,60,1,54.9,50,41.1,0,49.1,0,0,0,0,0/0,0,0,0,2586,10,16.8,43.1,60,616.4,618.8,607.9,581.7,616.9,608.7,622.4,564.8,6.2,3.1,2.6,5.8,3,3.4,2.7,3.3,3821.6,1918.2,1580.5,3373.8,1850.7,2069.5,1680.4,1863.8,610.7,610.7,613.4,613.4,608.5,608.5,576.2,576.2,619,619,604.9,614,614,569.4,3.6,2.4,3.3,0,0.1,2.5,2.9,2.9,2.7,0.1,3.3,2.8,0,3.3,0,-0.866025404,-0.5
123,Normal,423.6,109479.6,17980,382.9,99369.5,226.2,225.3,225.2,131.2,130.5,130,46.4,46.5,46.5,60,1,53.5,48.5,40.7,0,47.4,0,0,0,0,0/0,0,0,0,2586,11,4.4,6.5,8.1,620.9,609.8,581.1,587.5,620.5,607.7,614.7,565,6.4,3.2,2.8,5.8,3,3.5,2.8,3.3,3973.7,1951.3,1627,3407.5,1861.5,2126.9,1721.1,1864.5,619,619,609.8,609.8,581.2,581.2,592.1,592.1,618.5,618.5,607.7,611.2,611.2,566.5,3.6,2.6,3.4,0,0,2.8,2.9,2.9,2.8,0.1,3.4,2.9,0,3.4,0,-0.866025404,-0.5
123,Normal,425.3,109481.2,18848.4,384.1,99370.7,226.3,225.3,225.1,131.3,130.6,130,48.7,48.6,48.6,60,1,53.3,47.6,40.6,0,46,0,0,0,0,0/0,0,0,0,2586,10,24.3,13.8,22.1,622.5,631.3,601.7,589.2,609.7,609.4,635,597.5,6.7,3.3,3,6.1,3.2,3.7,2.8,3.4,4170.7,2083.2,1805.1,3594.1,1951,2254.7,1778,2031.5,621.3,621.3,624.1,624.1,602.8,602.8,588.2,588.2,601.8,601.8,610.5,634.9,634.9,592.7,3.8,2.7,3.4,0,0.1,2.9,3.1,3.1,3,0.1,3.5,2.9,0,3.4,0,-0.866025404,-0.5
123,Normal,426.8,109482.7,19013.1,385.5,99372.1,226.2,226.3,224.9,130.9,131,130.3,49.3,49,49.3,60,1,54.7,46.7,40.3,0,47.8,0,0,0,0,0/0,0,0,0,2586,11,3.6,24.9,20.7,623.7,621.3,602.7,590.4,575,600.8,614.5,581.9,6.8,3.4,3,6.2,3.3,3.7,3,3.6,4241.1,2112.4,1808.1,3660.4,1897.5,2222.9,1843.5,2094.8,616.8,616.8,623.2,623.2,605.8,605.8,586,586,577.2,577.2,593.1,612.6,612.6,583.8,3.8,2.8,3.5,0,0.1,2.9,3.1,3.2,3.1,0.2,3.6,3.1,0,3.6,0,-0.866025404,-0.5
123,Normal,428.6,109484.6,22322.9,387.1,99373.7,226.5,225.4,225.2,131.4,130.7,130,56.8,56.9,56.7,60,1,48.9,44.4,40.8,0,41.3,0,0,0,0,0/0,0,0,0,2586,9,2.3,14.1,57.6,613.6,624.7,598,572.2,613.7,632,606.4,563.6,7.9,3.8,3.5,7.2,3.6,4.2,3.5,4.3,4847.4,2373.8,2093,4119.8,2209.3,2654.4,2122.4,2423.4,614.5,614.5,631.2,631.2,596.8,596.8,571.3,571.3,609.6,609.6,634.2,610.9,610.9,560.8,4.3,3.4,3.9,0,0.1,3.5,3.7,3.6,3.5,0,4,3.6,0,4.2,0,-0.866025404,-0.5
123,Normal,430.4,109486.4,18379,388.8,99375.4,226.4,225.2,225.2,131.3,130.5,129.9,47.3,47.3,47.1,59.9,1,46,43.9,41,0,39.9,0,0,0,0,0/0,0,0,0,2586,9,21.7,42,20.2,620.8,620.9,585.2,582.1,601,611.2,626.3,583.6,6.5,3.2,3,6.1,3,3.6,2.9,3.4,4035.2,1986.8,1755.6,3550.8,1803,2200.3,1816.2,1984.2,614.5,614.5,620.4,620.4,589.7,589.7,585.9,585.9,601.9,601.9,611.2,623.7,623.7,578,3.7,2.7,3.4,0,0.1,2.9,3,3,2.9,0,3.4,3,0,3.3,0,-0.866025404,-0.5
123,Normal,432.3,109488.3,33793,390.4,99377,227.3,226.2,226.1,131.9,131.1,130.5,87.3,87.2,87.1,60,1,54.6,45.6,41.1,0,44.6,0,0,0,0,0/0,0,0,0,2586,10,33.6,23.4,43.7,620.6,606.7,581.9,590.6,612.5,633.9,615.4,593.6,12.3,5.7,5.7,10.5,5.7,6.1,5.8,6.4,7633.3,3458.1,3316.8,6201.3,3491.2,3866.7,3569.3,3799,613.9,613.9,610.7,610.7,583.2,583.2,591.8,591.8,617,617,637.1,617.6,617.6,592,6.5,5.6,5.8,0,0.1,5.8,5.6,4.9,5.7,0,6,5.7,0,6.3,0,-0.866025404,-0.5
123,Normal,435.3,109491.2,39028.6,393,99379.6,227.6,226.4,226.4,132.1,131.3,130.6,99.8,99.5,99.4,60,1,58.3,44.7,41.6,0,44.9,0,0,0,0,0/0,0,0,0,2586,10,20.4,66.7,51.8,620.8,608.9,615.8,596.6,615.4,653.5,611.1,591,13.9,6.4,6.4,11.9,6.5,6.6,6.6,7.6,8629.1,3896.9,3941.1,7099.5,4000.1,4313.1,4033.2,4491.6,615,615,608.7,608.7,609.4,609.4,590.7,590.7,620.7,620.7,657,609.7,609.7,588.7,7.1,6.5,6.5,0,0.1,6.3,6.4,5.6,6.4,0,6.4,6.5,0,7.4,0,-0.866025404,-0.5
123,Normal,438,109493.9,24536.7,395.5,99382.1,227,225.9,225.9,131.7,130.9,130.4,63,63.2,63.3,60,1,52.9,45.2,42.2,0,43.9,0,0,0,0,0/0,0,0,0,2586,10,20,47.4,12.8,613,616.7,597.5,581.7,602.8,625.4,614.5,573,8.8,4.4,3.9,8,4.1,4.6,4,4.5,5394.4,2713.4,2330.2,4653.6,2471.4,2876.8,2458,2578.5,613.9,613.9,617.8,617.8,601.2,601.2,582.5,582.5,596.2,596.2,623.7,615.1,615.1,567.7,4.8,3.7,4.4,0,0.1,3.7,4,4,4,0.2,4.5,4,0,4.5,0,-0.866025404,-0.5
123,Normal,439.8,109495.8,15292.8,397.3,99383.9,225.7,225.9,224.7,130.8,130.7,130.2,39.5,39.5,39.5,59.9,1,47.2,46.2,42.2,0,41.4,0,0,0,0,0/0,0,0,0,2586,10,0.6,48.2,34.2,617.2,608.8,594.5,572,598.3,623.6,600.1,555.5,5.3,2.7,2.3,5,2.7,2.8,2.5,2.9,3271.1,1643.7,1367.3,2860,1615.4,1746,1500.2,1610.9,620.3,620.3,602.7,602.7,592.7,592.7,575.2,575.2,601.4,601.4,620.2,603.2,603.2,555.1,3.1,2,2.9,0,0.1,2.2,2.6,2.5,2.5,0.1,2.8,2.6,0,2.9,0,-0.866025404,-0.5
123,Normal,440.8,109496.8,8354.4,398.1,99384.7,225.6,224.6,224.6,130.9,130.1,129.7,21.5,21.5,21.5,60,1,47.7,49.5,41.7,0,45.5,0,0,0,0,0/0,0,0,0,2586,11,97.8,81.9,10.6,596,610.4,577.4,573.3,592.4,610.1,576.2,549.4,2.9,1.5,1.1,2.7,1.6,1.6,1.4,1.6,1728.4,915.6,635.1,1547.9,947.8,976.1,806.6,879,596.7,596.7,609.8,609.8,577.5,577.5,571.9,571.9,592,592,605.4,576.5,576.5,549.4,1.9,0.8,1.7,0,0.1,1,1.4,1.3,1.4,0.1,1.5,1.5,0,1.7,0,-0.965925826,-0.258819045
123,Normal,441.3,109497.3,5628.2,398.5,99385.1,225.5,224.5,224.4,130.8,130.1,129.5,25.9,27.2,25.2,60,1,45,49.1,40.6,0,43.5,0,0,0,0,0/0,0,0,0,2586,10,26.2,165,74.2,626.5,593.5,563.3,583.8,591.3,591.5,550.1,523,1.8,1.1,0.8,1.8,1.2,1.1,1.1,1.1,1127.7,652.8,450.6,1050.8,709.5,650.6,605.1,575.3,627.3,627.3,597.1,597.1,562.1,562.1,584,584,584.1,584.1,588.9,561.9,561.9,527.9,1.5,0.3,1.3,0,0.1,0.6,1,0.8,1,0.2,1.1,1.1,0,1.2,0,-0.965925826,-0.258819045
123,Normal,441.9,109497.9,8676,399.3,99385.9,226.1,225.2,225.1,131.1,130.5,130,13.2,14.3,12.6,60,1,45.8,48.2,39.8,0,42.7,0,0,0,0,0/0,0,0,0,2586,11,291.2,80.4,281.3,624.7,639.9,569.5,579.2,601.6,604.1,576.5,564.4,2.9,1.4,1.3,2.8,1.6,1.8,1.6,1.8,1811.6,895.8,740.3,1621.7,962.5,1087.3,922.4,1015.9,612.1,612.1,619.8,619.8,558.8,558.8,566.9,566.9,592.4,592.4,590.2,559.7,559.7,551,2,1,1.8,0,0.1,1.2,1.6,1.3,1.5,0,1.7,1.6,0,1.6,0,-0.965925826,-0.258819045
123,Normal,442.6,109498.6,8415.3,399.6,99386.2,226,225.1,224.9,131,130.4,129.9,21.8,21.6,21.8,60,1,46.8,49.6,39.2,0,44.4,0,0,0,0,0/0,0,0,0,2586,11,15.6,34.3,2.2,615.4,615.7,594.9,555.2,566.5,568.1,595.9,569.8,3,1.5,1.1,2.9,1.6,1.7,1.5,1.6,1846.2,923.5,654.3,1610,906.4,965.7,893.8,911.6,607.9,607.9,614.3,614.3,589.2,589.2,559.5,559.5,566.6,566.6,572.5,600.9,600.9,569.7,2,0.9,1.7,0,0.1,1.1,1.5,1.4,1.4,0.2,1.7,1.5,0,1.6,0,-0.965925826,-0.258819045
123,Normal,443.3,109499.3,8137.9,400.3,99386.9,225.9,225,224.8,131,130.3,129.8,21,21.2,21.1,60,1,46.2,48.1,38.8,0,43.3,0,0,0,0,0/0,0,0,0,2586,11,47.4,44.2,35.2,606.5,617.3,589,574.7,600,580.7,599.1,573.1,3,1.5,1.2,2.8,1.4,1.7,1.4,1.6,1819.5,925.9,706.8,1609.1,840,987.1,838.7,916.9,609.9,609.9,617.1,617.1,591.7,591.7,571.7,571.7,597.2,597.2,580.8,598,598,569.4,1.9,0.9,1.7,0,0,1.2,1.4,1.3,1.3,0.1,1.6,1.4,0,1.6,0,-0.965925826,-0.258819045
123,Normal,444.1,109500.1,9469,401.1,99387.7,226.4,225.5,225.1,131.2,130.7,130,24.8,24.6,24.6,60,1,46.9,49.3,38.5,0,44.7,0,0,0,0,0/0,0,0,0,2586,11,6.5,9.7,11,613.5,603.9,593.7,555.4,576.4,577.2,612.9,569.6,3.5,1.8,1.4,3.2,1.7,1.9,1.5,1.8,2147.2,1087,831.1,1777.2,979.8,1096.6,919.3,1025.2,617.1,617.1,603.6,603.6,594.3,594.3,562.1,562.1,574.1,574.1,576.9,611.7,611.7,575.6,2.2,1.1,2,0,0.1,1.3,1.6,1.5,1.5,0.1,1.8,1.6,0,1.8,0,-0.965925826,-0.258819045
123,Normal,445,109500.9,7821.8,401.7,99388.3,226.5,225.5,225.3,131.3,130.7,130.1,19.4,19.7,19.2,60,1,49.5,49.8,38.4,0,46.7,0,0,0,0,0/0,0,0,0,2586,10,70.2,44.9,25.2,609.4,621.3,597.1,531.3,597.2,563.9,610.7,571.1,2.7,1.5,1.1,2.6,1.5,1.6,1.2,1.5,1645.3,931.9,656.8,1381.3,895.8,902.2,732.8,856.6,610.2,610.2,618.1,618.1,595.6,595.6,533.4,533.4,602.4,602.4,565.5,616.8,616.8,573.8,1.8,0.8,1.6,0,0.1,0.9,1.4,1.1,1.3,0.1,1.5,1.4,0,1.6,0,-0.965925826,-0.258819045
123,Normal,445.6,109501.5,5192.9,402.2,99388.8,226.4,225.4,225.1,131.1,130.7,130,9.6,8.3,9.6,60,1,47.9,46.9,38.2,0,45.8,0,0,0,0,0/0,0,0,0,2586,10,692.4,422.3,200.6,601.2,619.8,533.1,532.6,588.6,563.9,590.3,561.6,1.8,1,0.8,1.9,1,1.1,1,1,1082.1,619.8,426.4,1011.9,588.6,620.2,590.3,561.6,600.7,600.7,625,625,534.3,534.3,533.8,533.8,588.3,588.3,567.7,590.7,590.7,551.5,1.4,0.3,1.1,0,0.1,0.7,1,0.8,0.9,0,1.1,1.1,0,1,0,-0.965925826,-0.258819045
123,Normal,445.9,109501.8,3925.7,402.4,99389,226.5,225.5,225.3,131.3,130.6,130,5.7,5.1,5.1,60,1,45.7,48.8,38.1,0,44.4,0,0,0,0,0/0,0,0,0,2586,12,332.5,208.7,135,617.5,625,576.4,575,571.1,560.4,569.5,515.2,1.3,0.7,0.5,1.3,0.9,0.9,0.7,0.8,802.7,437.5,288.2,747.5,513.9,504.3,398.6,412.1,609.8,609.8,620.5,620.5,574.8,574.8,566,566,568.3,568.3,553.3,592.6,592.6,533.4,1.1,0.1,0.8,0,0.1,0.4,0.7,0.6,0.7,0.1,0.8,0.8,0,0.8,0,-0.965925826,-0.258819045
123,Normal,446.2,109502.1,3640.6,402.9,99389.5,226.3,225.3,225.2,131.2,130.6,130,4.9,4.2,4.5,59.9,1,45.2,49.4,37.9,0,44.3,0,0,0,0,0/0,0,0,0,2586,11,138.7,87.8,21.1,572.6,594.7,550.7,544.9,553.7,568.3,567.9,525.6,1.3,0.8,0.4,1.3,0.7,0.8,0.7,0.8,744.3,475.7,220.2,708.3,387.5,454.6,397.5,420.4,567.5,567.5,589.4,589.4,550.8,550.8,539.7,539.7,544.9,544.9,562.6,564.6,564.6,526.1,1.2,0.1,0.9,0,0.1,0.4,0.7,0.6,0.6,0,0.8,0.8,0,0.8,0,-0.965925826,-0.258819045
123,Normal,446.5,109502.4,3085.9,403.2,99389.8,226.7,225.8,225.6,131.4,130.8,130.3,14.7,13.9,14.7,60,1,44.4,49.6,37.7,0,44.1,0,0,0,0,0/0,0,0,0,2586,10,244.8,95.1,138.8,601.2,586.8,533.8,516.6,556.4,566.8,540,534.1,1,0.6,0.3,1.2,0.7,0.6,0.6,0.6,601.2,352,160.1,619.9,389.4,340,324,320.4,603.7,603.7,575.5,575.5,536.8,536.8,522.3,522.3,562.4,562.4,565.8,548.6,548.6,534.4,1,0,0.9,0,0.1,0.2,0.6,0.5,0.6,0.1,0.6,0.7,0,0.7,0,-0.965925826,-0.258819045
123,Normal,446.7,109502.6,2314.4,403.2,99389.8,226.5,225.7,225.4,131.3,130.7,130.2,12.3,11.4,12.2,60,1,43.7,49.6,37.5,0,43.5,0,0,0,0,0/0,0,0,0,2586,11,0,0,0,588.3,562.3,493.5,531.7,539.1,570.4,482.2,512.5,0.9,0.6,0.2,0.9,0.6,0.6,0.6,0.5,529.4,337.3,98.7,478.5,323.4,342.2,289.3,256.2,592,592,555.6,555.6,494.1,494.1,537.3,537.3,540.4,540.4,569.7,480.2,480.2,504.5,0.9,0,0.8,0,0.1,0.1,0.5,0.3,0.5,0.1,0.5,0.6,0,0.5,0,-0.965925826,-0.258819045
123,Normal,446.9,109502.8,1728.5,403.5,99390.1,226.8,225.2,225.8,131.7,130.5,130.1,9.5,9.5,9.4,60,1,43.7,49.6,37.4,0,43.4,0,0,0,0,0/0,0,0,0,2586,11,0,0,0,580.9,553.6,515.5,560.1,545.6,503.6,499,482.1,0.6,0.4,0.1,0.6,0.4,0.4,0.4,0.4,348.5,221.4,51.5,336,218.2,201.4,199.6,192.8,578.7,578.7,554,554,512.5,512.5,553.8,553.8,541.9,541.9,503.7,492.7,492.7,482,0.8,0,0.6,0,0.1,0,0.4,0.2,0.3,0,0.4,0.5,0,0.5,0,-1,-1.83772E-16
123,Normal,447,109502.9,1458.7,403.6,99390.2,227.1,225.4,226.1,131.9,130.6,130.2,6.1,5.3,6.2,60,1,42.7,49.4,37.3,0,42.7,0,0,0,0,0/0,0,0,0,2586,11,0,0,0,578.5,601.6,499.6,537.6,549.6,543.1,515.6,434.7,0.5,0.3,0.1,0.6,0.4,0.4,0.3,0.4,289.2,180.4,49.9,322.5,219.8,217.2,154.6,173.8,585.4,585.4,609.8,609.8,509.8,509.8,546.1,546.1,552.4,552.4,544.6,514.8,514.8,433.1,0.8,0,0.6,0,0.1,0,0.4,0.2,0.3,0,0.3,0.4,0,0.5,0,-1,-1.83772E-16
123,Normal,447.1,109503,1148.7,403.6,99390.2,227.2,225.2,226.3,132.1,130.5,130.2,6.6,7,6.7,59.9,1,41.5,49.2,37.1,0,41.6,0,0,0,0,0/0,0,0,0,2586,11,0,0,0,573,536.7,505.5,515,477.4,627,518.1,449.1,0.4,0.2,0,0.5,0.2,0.1,0.3,0.4,229.2,107.3,0,257.5,95.4,62.7,155.4,179.6,574,574,542,542,524.5,524.5,515.1,515.1,472.6,472.6,624.6,516.4,516.4,445.2,0.7,0,0.6,0,0.1,0,0.3,0.1,0.3,0,0.1,0.4,0,0.4,0,-1,-1.83772E-16
123,Normal,447.2,109503.1,860.8,403.7,99390.3,227.1,225.2,226.3,132,130.5,130.2,6,5.7,6,60,1,41.1,49.1,37,0,41,0,0,0,0,0/0,0,0,0,2586,10,0,0,0,548,579.1,488,546.5,469.6,505,464.8,445.9,0.2,0.2,0,0.4,0.1,0.2,0.2,0.3,109.6,115.8,0,218.6,46.9,101,92.9,133.7,547,547,578.4,578.4,491.9,491.9,542.9,542.9,470.2,470.2,504,471.5,471.5,445.9,0.6,0,0.5,0,0.1,0,0.2,0,0.2,0,0.1,0.3,0,0.4,0,-1,-1.83772E-16
123,Normal,447.3,109503.2,527.5,403.7,99390.3,227.3,225.5,226.5,132.1,130.6,130.4,2.7,2.7,2.9,60,1,40.5,48.9,36.8,0,40.5,0,0,0,0,0/0,0,0,0,2586,10,0,0,0,556.6,549,335,522.4,472,507.5,475.4,447.8,0.1,0.2,0,0.3,0,0,0.1,0.2,55.6,109.8,0,156.7,0,0,47.5,89.5,562.6,562.6,548.5,548.5,327.8,327.8,527.9,527.9,475.6,475.6,510.3,471.8,471.8,444.9,0.5,0,0.4,0,0.1,0,0.2,0,0.1,0,0,0.3,0,0.3,0,-1,-1.83772E-16
123,Normal,447.3,109503.2,333.1,403.8,99390.4,227.1,225.2,226.3,132,130.5,130.2,2.7,2.7,3,60,1,39.8,48.7,36.7,0,39.9,0,0,0,0,0/0,0,0,0,2586,12,0,0,0,552.3,538.9,222.8,517.9,477.1,463.9,470.3,456.1,0,0,0,0.2,0,0,0,0.1,0,0,0,103.5,0,0,0,45.6,523.2,523.2,557.5,557.5,245.2,245.2,518.4,518.4,480.5,480.5,469.3,470.2,470.2,462.4,0.5,0,0.3,0,0.1,0,0.2,0,0.1,0,0,0.2,0,0.2,0,-1,-1.83772E-16
123,Normal,447.3,109503.2,201.4,403.8,99390.4,226.9,224.9,226.1,132,130.3,130,2.9,2.7,3,59.9,1,39.4,48.5,36.5,0,39.4,0,0,0,0,0/0,0,0,0,2586,10,0,0,0,72.2,541.7,168,533,231.8,151.5,437.1,435.6,0,0,0,0.1,0,0,0,0.1,0,0,0,53.3,0,0,0,43.5,49.9,49.9,543.8,543.8,143.6,143.6,530.8,530.8,235.7,235.7,133.3,441.2,441.2,441.8,0.5,0,0.3,0,0.1,0,0.1,0,0.1,0,0,0.2,0,0.1,0,-1,-1.83772E-16
123,Normal,447.4,109503.3,179.1,403.8,99390.4,226.9,224.8,226.1,131.9,130.3,130,2.8,3,3.1,59.9,1,38.7,48.3,36.4,0,38.8,0,0,0,0,0/0,0,0,0,2586,11,0,0,0,27,516.8,178.7,497.3,144.1,522.7,169.4,409.8,0,0,0,0,0,0,0,0.1,0,0,0,0,0,0,0,40.9,521.7,521.7,516.6,516.6,177.7,177.7,497.1,497.1,178.9,178.9,122.5,164.4,164.4,408.5,0.4,0,0.3,0,0.1,0,0.1,0,0,0,0,0.1,0,0.1,0,-1,-1.83772E-16
123,Normal,447.4,109503.3,165.8,403.8,99390.4,227,225.1,226.1,131.9,130.5,130.1,2.9,2.9,3,60,1,37.9,48,36.1,0,38,0,0,0,0,0/0,0,0,0,2586,11,0,0,0,150.9,406.4,32.6,431.8,234.6,43.3,414.8,363.3,0,0,0,0,0,0,0,0.1,0,0,0,0,0,0,0,36.3,444.1,444.1,413.5,413.5,21.3,21.3,434.2,434.2,255.6,255.6,304.8,212.1,212.1,370.9,0.4,0,0.3,0,0.1,0,0.1,0,0,0,0,0.1,0,0.1,0,-1,-1.83772E-16
123,Normal,447.4,109503.3,110.4,403.8,99390.4,226.6,225.6,226,131.1,130.5,130,1.9,1.8,2,60,1,37.4,47.8,36,0,37.4,0,0,0,0,0/0,0,0,0,2586,9,0,0,0,6.3,254.2,236.2,233.4,160.7,3.7,259.4,73.6,0,0.1,0,0,0,0,0,0.1,0,25.4,0,0,0,0,0,7.3,3.1,3.1,58.4,58.4,2.6,2.6,239.7,239.7,3.9,3.9,88.3,7.6,7.6,110.2,0.5,0,0.3,0,0.1,0,0.1,0,0,0,0,0.1,0,0.2,0,-1,-1.83772E-16
123,Waiting,447.4,109503.3,0,403.8,99390.4,227.1,225.1,226.4,131.7,130.2,129.9,0,0,0,60,1,36,47.1,35.7,0,36.5,0,0,0,0,0/0,0,0,0,2586,12,0,0,0,82.5,81.7,81.3,82.4,82.1,82.2,82.2,82.8,0,0,0,0,0,0,0,0,0,0,0,0,0,0,0,0,82.7,82.7,82,82,81.6,81.6,82.7,82.7,82.4,82.4,82.5,82.5,82.5,83.1,0,0,0,0,0,0,0,0,0,0,0,0,0,0,0,-1,-1.83772E-16
123,Waiting,447.4,109503.3,0,403.8,99390.4,227.2,225.2,226.5,131.7,130.3,130,0,0,0,60,1,35,45.7,35.4,0,35.5,0,0,0,0,0/0,0,0,0,2586,12,0,0,0,60.7,59.9,59.4,60.7,60.3,60.4,60.5,61.1,0,0,0,0,0,0,0,0,0,0,0,0,0,0,0,0,60.7,60.7,59.9,59.9,59.4,59.4,60.7,60.7,60.3,60.3,60.4,60.4,60.4,61,0,0,0,0,0,0,0,0,0,0,0,0,0,0,0,-1,-1.83772E-16
123,Waiting,447.4,109503.3,0,403.8,99390.4,227.4,225.2,226.7,131.8,130.3,130,0,0,0,60,1,34.3,44.7,35.1,0,34.7,0,0,0,0,0/0,0,0,0,2586,12,0,0,0,43.9,43.1,42.6,43.9,43.5,43.6,43.7,44.3,0,0,0,0,0,0,0,0,0,0,0,0,0,0,0,0,43.8,43.8,43,43,42.5,42.5,43.8,43.8,43.4,43.4,43.5,43.6,43.6,44.3,0,0,0,0,0,0,0,0,0,0,0,0,0,0,0,-0.965925826,0.258819045
123,Waiting,447.4,109503.3,0,403.8,99390.4,227.6,225.5,226.9,131.9,130.4,130.2,0,0,0,60,1,33.6,44,34.9,0,34.1,0,0,0,0,0/0,0,0,0,2586,12,0,0,0,32.6,31.8,31.2,32.6,32.2,32.4,32.4,33.1,0,0,0,0,0,0,0,0,0,0,0,0,0,0,0,0,32.6,32.6,31.7,31.7,31.2,31.2,32.7,32.7,32.2,32.2,32.4,32.4,32.4,33.1,0,0,0,0,0,0,0,0,0,0,0,0,0,0,0,-0.965925826,0.258819045
123,Waiting,447.4,109503.3,0,403.8,99390.4,227.7,225.6,227,132,130.5,130.2,0,0,0,60,1,33,43.5,34.6,0,33.3,0,0,0,0,0/0,0,0,0,2586,12,0,0,0,35.5,34.6,34.1,35.5,35.1,35.2,35.2,35.9,0,0,0,0,0,0,0,0,0,0,0,0,0,0,0,0,35.5,35.5,34.6,34.6,34.1,34.1,35.5,35.5,35.1,35.1,35.2,35.2,35.2,35.9,0,0,0,0,0,0,0,0,0,0,0,0,0,0,0,-0.965925826,0.258819045
123,Waiting,447.4,109503.3,0,403.8,99390.4,227.7,225.6,227.1,132,130.5,130.2,0,0,0,60,1,32.5,43,34.3,0,32.7,0,0,0,0,0/0,0,0,0,2586,11,0,0,0,39.8,39,38.5,39.8,39.4,39.5,39.6,40.3,0,0,0,0,0,0,0,0,0,0,0,0,0,0,0,0,40,40,39.1,39.1,38.5,38.5,39.9,39.9,39.5,39.5,39.7,39.7,39.7,40.4,0,0,0,0,0,0,0,0,0,0,0,0,0,0,0,-0.965925826,0.258819045
123,Waiting,447.4,109503.3,0,403.8,99390.4,227.8,225.8,227.1,132.1,130.6,130.3,0,0,0,60,1,32,42.6,33.9,0,32.1,0,0,0,0,0/0,0,0,0,2586,11,0,0,0,42.2,41.3,40.8,42.2,41.8,41.9,41.9,42.6,0,0,0,0,0,0,0,0,0,0,0,0,0,0,0,0,42.2,42.2,41.3,41.3,40.8,40.8,42.2,42.2,41.8,41.8,41.9,41.9,41.9,42.6,0,0,0,0,0,0,0,0,0,0,0,0,0,0,0,-0.965925826,0.258819045
123,Waiting,447.4,109503.3,0,403.8,99390.4,227.3,225.2,226.9,131.9,130.2,130.1,0,0,0,60,1,31.7,42.3,33.6,0,31.7,0,0,0,0,0/0,0,0,0,2586,11,0,0,0,40.8,39.9,39.3,40.8,40.3,40.5,40.5,41.2,0,0,0,0,0,0,0,0,0,0,0,0,0,0,0,0,40.7,40.7,39.8,39.8,39.3,39.3,40.7,40.7,40.3,40.3,40.4,40.5,40.5,41.1,0,0,0,0,0,0,0,0,0,0,0,0,0,0,0,-0.965925826,0.258819045
123,Waiting,447.4,109503.3,0,403.8,99390.4,227.4,225.4,226.9,131.9,130.4,130.2,0,0,0,60,1,31.5,41.9,33.3,0,31.4,0,0,0,0,0/0,0,0,0,2586,10,0,0,0,41.3,40.5,40,41.3,40.9,41.1,41.1,41.8,0,0,0,0,0,0,0,0,0,0,0,0,0,0,0,0,41.4,41.4,40.5,40.5,40,40,41.4,41.4,41,41,41.1,41.1,41.1,41.8,0,0,0,0,0,0,0,0,0,0,0,0,0,0,0,-0.965925826,0.258819045
123,Waiting,447.4,109503.3,0,403.8,99390.4,227.4,225.4,226.8,131.8,130.4,130.1,0,0,0,60,1,31.2,41.7,33.1,0,31,0,0,0,0,0/0,0,0,0,2586,10,0,0,0,33.5,32.5,32,33.5,33,33.2,33.2,33.9,0,0,0,0,0,0,0,0,0,0,0,0,0,0,0,0,33.4,33.4,32.4,32.4,31.9,31.9,33.4,33.4,32.9,32.9,33,33.1,33.1,33.8,0,0,0,0,0,0,0,0,0,0,0,0,0,0,0,-0.965925826,0.258819045
123,Waiting,447.4,109503.3,0,403.8,99390.4,227.6,225.2,227,132,130.3,130.1,0,0,0,60,1,30.9,41.5,33,0,30.7,0,0,0,0,0/0,0,0,0,2586,10,0,0,0,26.9,26,25.5,26.9,26.5,26.6,26.7,27.3,0,0,0,0,0,0,0,0,0,0,0,0,0,0,0,0,26.8,26.8,25.9,25.9,25.4,25.4,26.9,26.9,26.5,26.5,26.5,26.6,26.6,27.3,0,0,0,0,0,0,0,0,0,0,0,0,0,0,0,-0.965925826,0.258819045
123,Waiting,447.4,109503.3,0,403.8,99390.4,227.5,225.2,226.9,132,130.3,130.1,0,0,0,60,1,30.7,41.3,32.8,0,30.5,0,0,0,0,0/0,0,0,0,2586,10,0,0,0,23.4,22.5,21.9,23.4,22.9,23,23.1,23.8,0,0,0,0,0,0,0,0,0,0,0,0,0,0,0,0,23.3,23.3,22.4,22.4,21.9,21.9,23.4,23.4,23,23,23,23.1,23.1,23.8,0,0,0,0,0,0,0,0,0,0,0,0,0,0,0,-0.965925826,0.258819045
123,Waiting,447.4,109503.3,0,403.8,99390.4,228.4,227.3,227.9,132.3,131.3,131.1,0,0,0,59.9,1,30.6,41.2,32.6,0,30.3,0,0,0,0,0/0,0,0,0,2586,10,0,0,0,22.6,21.6,21.1,22.6,22.2,22.3,22.4,23.1,0,0,0,0,0,0,0,0,0,0,0,0,0,0,0,0,22.6,22.6,21.6,21.6,21.1,21.1,22.6,22.6,22.2,22.2,22.3,22.4,22.4,23.1,0,0,0,0,0,0,0,0,0,0,0,0,0,0,0,-0.965925826,0.258819045
123,Waiting,447.4,109503.3,0,403.8,99390.4,228.7,226.6,228.3,132.7,131.1,131,0,0,0,60,1,30.4,41,32.4,0,30,0,0,0,0,0/0,0,0,0,2586,10,0,0,0,20.6,19.6,19.1,20.6,20.2,20.3,20.3,21,0,0,0,0,0,0,0,0,0,0,0,0,0,0,0,0,20.6,20.6,19.6,19.6,19.1,19.1,20.6,20.6,20.2,20.2,20.3,20.3,20.3,21,0,0,0,0,0,0,0,0,0,0,0,0,0,0,0,-0.965925826,0.258819045
123,Waiting,447.4,109503.3,0,403.8,99390.4,228.7,226.7,228.4,132.7,131.1,131,0,0,0,60,1,30.4,40.8,32.3,0,29.9,0,0,0,0,0/0,0,0,0,2586,10,0,0,0,21.5,20.6,20.1,21.5,21.1,21.2,21.3,22,0,0,0,0,0,0,0,0,0,0,0,0,0,0,0,0,21.5,21.5,20.6,20.6,20.1,20.1,21.5,21.5,21.1,21.1,21.2,21.3,21.3,22,0,0,0,0,0,0,0,0,0,0,0,0,0,0,0,-0.866025404,0.5
123,Waiting,447.4,109503.3,0,403.8,99390.4,228.2,227.3,228,132.3,131.1,131.2,0,0,0,59.9,1,30.3,40.6,32.2,0,29.6,0,0,0,0,0/0,0,0,0,2586,10,0,0,0,21.7,20.7,20.2,21.7,21.3,21.4,21.4,22.2,0,0,0,0,0,0,0,0,0,0,0,0,0,0,0,0,21.7,21.7,20.8,20.8,20.2,20.2,21.7,21.7,21.3,21.3,21.4,21.4,21.4,22.2,0,0,0,0,0,0,0,0,0,0,0,0,0,0,0,-0.866025404,0.5
123,Waiting,447.4,109503.3,0,403.8,99390.4,228.8,226.3,228.4,132.8,131,130.9,0,0,0,60,1,30.2,40.4,32.1,0,29.5,0,0,0,0,0/0,0,0,0,2586,10,0,0,0,22.1,21.2,20.6,22.1,21.7,21.8,21.9,22.6,0,0,0,0,0,0,0,0,0,0,0,0,0,0,0,0,22.1,22.1,21.2,21.2,20.6,20.6,22.1,22.1,21.7,21.7,21.8,21.9,21.9,22.6,0,0,0,0,0,0,0,0,0,0,0,0,0,0,0,-0.866025404,0.5
123,Waiting,447.4,109503.3,0,403.8,99390.4,228.7,226.3,228.2,132.7,130.9,130.8,0,0,0,60,1,30,40.3,32,0,29.3,0,0,0,0,0/0,0,0,0,2586,10,0,0,0,23.4,22.5,21.9,23.4,23,23.1,23.2,23.8,0,0,0,0,0,0,0,0,0,0,0,0,0,0,0,0,23.4,23.4,22.5,22.5,21.9,21.9,23.4,23.4,23,23,23.1,23.1,23.1,23.8,0,0,0,0,0,0,0,0,0,0,0,0,0,0,0,-0.866025404,0.5
123,Waiting,447.4,109503.3,0,403.8,99390.4,228.6,226.3,228.3,132.7,130.9,130.8,0,0,0,60,1,29.9,40.1,31.9,0,29.1,0,0,0,0,0/0,0,0,0,2586,10,0,0,0,24.5,23.6,23,24.5,24.1,24.2,24.2,25,0,0,0,0,0,0,0,0,0,0,0,0,0,0,0,0,24.5,24.5,23.6,23.6,23,23,24.5,24.5,24.1,24.1,24.2,24.2,24.2,25,0,0,0,0,0,0,0,0,0,0,0,0,0,0,0,-0.866025404,0.5
123,Waiting,447.4,109503.3,0,403.8,99390.4,228.8,226.3,228.4,132.8,130.9,130.8,0,0,0,60,1,29.9,40,31.7,0,29.1,0,0,0,0,0/0,0,0,0,2586,10,0,0,0,24.3,23.3,22.8,24.3,23.9,23.9,24,24.7,0,0,0,0,0,0,0,0,0,0,0,0,0,0,0,0,24.3,24.3,23.3,23.3,22.8,22.8,24.3,24.3,23.9,23.9,24,24,24,24.7,0,0,0,0,0,0,0,0,0,0,0,0,0,0,0,-0.866025404,0.5
123,Waiting,447.4,109503.3,0,403.8,99390.4,228.5,226,228,132.6,130.8,130.6,0,0,0,60,1,29.8,39.8,31.7,0,29,0,0,0,0,0/0,0,0,0,2586,10,0,0,0,25.1,24.2,23.7,25.2,24.8,24.9,24.9,25.6,0,0,0,0,0,0,0,0,0,0,0,0,0,0,0,0,25.2,25.2,24.2,24.2,23.7,23.7,25.2,25.2,24.8,24.8,24.9,24.9,24.9,25.6,0,0,0,0,0,0,0,0,0,0,0,0,0,0,0,-0.866025404,0.5
123,Waiting,447.4,109503.3,0,403.8,99390.4,228.5,226,227.9,132.6,130.8,130.6,0,0,0,60,1,29.8,39.8,31.6,0,29,0,0,0,0,0/0,0,0,0,2586,10,0,0,0,25.3,24.4,23.9,25.3,25,25,25.1,25.8,0,0,0,0,0,0,0,0,0,0,0,0,0,0,0,0,25.3,25.3,24.4,24.4,23.9,23.9,25.3,25.3,24.9,24.9,25,25.1,25.1,25.8,0,0,0,0,0,0,0,0,0,0,0,0,0,0,0,-0.866025404,0.5
123,Waiting,447.4,109503.3,0,403.8,99390.4,228.6,226.1,228.1,132.7,130.9,130.7,0,0,0,60,1,29.7,39.7,31.6,0,28.9,0,0,0,0,0/0,0,0,0,2586,10,0,0,0,26.2,25.3,24.7,26.2,25.8,25.9,25.9,26.6,0,0,0,0,0,0,0,0,0,0,0,0,0,0,0,0,26.2,26.2,25.3,25.3,24.7,24.7,26.2,26.2,25.8,25.8,25.8,25.9,25.9,26.6,0,0,0,0,0,0,0,0,0,0,0,0,0,0,0,-0.866025404,0.5
123,Waiting,447.4,109503.3,0,403.8,99390.4,228.6,225.8,228.1,132.7,130.8,130.6,0,0,0,60,1,29.6,39.6,31.6,0,28.9,0,0,0,0,0/0,0,0,0,2586,10,0,0,0,26.8,25.9,25.4,26.8,26.4,26.5,26.6,27.3,0,0,0,0,0,0,0,0,0,0,0,0,0,0,0,0,26.8,26.8,25.9,25.9,25.4,25.4,26.8,26.8,26.4,26.4,26.5,26.5,26.5,27.2,0,0,0,0,0,0,0,0,0,0,0,0,0,0,0,-0.866025404,0.5
123,Waiting,447.4,109503.3,0,403.8,99390.4,228.5,225.8,227.9,132.6,130.7,130.5,0,0,0,60,1,29.6,39.5,31.6,0,28.8,0,0,0,0,0/0,0,0,0,2586,10,0,0,0,22.9,21.9,21.4,22.9,22.5,22.6,22.6,23.3,0,0,0,0,0,0,0,0,0,0,0,0,0,0,0,0,22.9,22.9,21.9,21.9,21.4,21.4,22.9,22.9,22.5,22.5,22.6,22.7,22.7,23.4,0,0,0,0,0,0,0,0,0,0,0,0,0,0,0,-0.866025404,0.5
123,Waiting,447.4,109503.3,0,403.8,99390.4,228.4,225.9,228.1,132.7,130.7,130.6,0,0,0,60,1,29.6,39.4,31.5,0,28.8,0,0,0,0,0/0,0,0,0,2586,10,0,0,0,22,21,20.5,22,21.5,21.6,21.7,22.4,0,0,0,0,0,0,0,0,0,0,0,0,0,0,0,0,22,22,21,21,20.5,20.5,22,22,21.6,21.6,21.6,21.7,21.7,22.5,0,0,0,0,0,0,0,0,0,0,0,0,0,0,0,-0.866025404,0.5
123,Waiting,447.4,109503.3,0,403.8,99390.4,228.6,225.9,228.1,132.7,130.8,130.6,0,0,0,60,1,29.5,39.3,31.5,0,28.7,0,0,0,0,0/0,0,0,0,2586,10,0,0,0,21.5,20.6,20.1,21.5,21.2,21.2,21.3,22,0,0,0,0,0,0,0,0,0,0,0,0,0,0,0,0,21.5,21.5,20.6,20.6,20.1,20.1,21.6,21.6,21.1,21.1,21.2,21.3,21.3,22,0,0,0,0,0,0,0,0,0,0,0,0,0,0,0,-0.707106781,0.707106781
123,Waiting,447.4,109503.3,0,403.8,99390.4,228.5,225.8,228.3,132.7,130.6,130.6,0,0,0,60,1,29.4,39.3,31.4,0,28.6,0,0,0,0,0/0,0,0,0,2586,9,0,0,0,21.5,20.5,20.1,21.5,21.1,21.1,21.2,22,0,0,0,0,0,0,0,0,0,0,0,0,0,0,0,0,21.5,21.5,20.5,20.5,20,20,21.5,21.5,21.1,21.1,21.1,21.3,21.3,22,0,0,0,0,0,0,0,0,0,0,0,0,0,0,0,-0.707106781,0.707106781
123,Waiting,447.4,109503.3,0,403.8,99390.4,228.3,225.5,227.9,132.6,130.5,130.5,0,0,0,60,1,29.3,39.2,31.3,0,28.6,0,0,0,0,0/0,0,0,0,2586,9,0,0,0,21.4,20.4,20,21.4,21,20.7,21.1,21.9,0,0,0,0,0,0,0,0,0,0,0,0,0,0,0,0,21.4,21.4,20.3,20.3,19.9,19.9,21.4,21.4,21,21,20.7,21.2,21.2,21.9,0,0,0,0,0,0,0,0,0,0,0,0,0,0,0,-0.707106781,0.707106781
123,Waiting,447.4,109503.3,0,403.8,99390.4,229.7,225.6,229.1,133.6,130.9,130.7,0,0,0,60,1,29.3,39.1,31.3,0,28.5,0,0,0,0,0/0,0,0,0,2586,9,0,0,0,21.4,20.4,19.9,21.4,21,21.1,21.2,21.9,0,0,0,0,0,0,0,0,0,0,0,0,0,0,0,0,21.4,21.4,20.4,20.4,19.9,19.9,21.4,21.4,21,21,21,21.2,21.2,21.9,0,0,0,0,0,0,0,0,0,0,0,0,0,0,0,-0.707106781,0.707106781
123,Waiting,447.4,109503.3,0,403.8,99390.4,229.2,226.1,228.7,133.1,131,130.8,0,0,0,59.9,1,29.2,39,31.2,0,28.5,0,0,0,0,0/0,0,0,0,2586,9,0,0,0,21.3,19.9,19.9,21.4,20.9,20.2,21.1,21.8,0,0,0,0,0,0,0,0,0,0,0,0,0,0,0,0,21.3,21.3,19.9,19.9,19.9,19.9,21.3,21.3,21,21,20.2,21.1,21.1,21.8,0,0,0,0,0,0,0,0,0,0,0,0,0,0,0,-0.707106781,0.707106781
123,Waiting,447.4,109503.3,0,403.8,99390.4,229,226.1,228.7,133.1,130.9,130.8,0,0,0,59.9,1,29.2,39,31.1,0,28.4,0,0,0,0,0/0,0,0,0,2586,9,0,0,0,21.4,20.4,19.9,21.4,21,21,21.1,21.8,0,0,0,0,0,0,0,0,0,0,0,0,0,0,0,0,21.4,21.4,20.4,20.4,19.9,19.9,21.4,21.4,21,21,21,21.1,21.1,21.9,0,0,0,0,0,0,0,0,0,0,0,0,0,0,0,-0.707106781,0.707106781
123,Waiting,447.4,109503.3,0,403.8,99390.4,228.5,225.9,228.1,132.7,130.7,130.6,0,0,0,60,1,29.1,38.9,31.1,0,28.4,0,0,0,0,0/0,0,0,0,2586,9,0,0,0,21.4,20.2,20,21.4,21,20.4,21.1,21.8,0,0,0,0,0,0,0,0,0,0,0,0,0,0,0,0,21.4,21.4,20.2,20.2,19.9,19.9,21.4,21.4,21,21,20.4,21.1,21.1,21.8,0,0,0,0,0,0,0,0,0,0,0,0,0,0,0,-0.707106781,0.707106781
123,Waiting,447.4,109503.3,0,403.8,99390.4,228.5,225.5,227.9,132.6,130.6,130.4,0,0,0,60,1,29,38.8,31,0,28.3,0,0,0,0,0/0,0,0,0,2586,9,0,0,0,21.3,20.3,19.9,21.4,20.9,20.9,21.1,21.8,0,0,0,0,0,0,0,0,0,0,0,0,0,0,0,0,21.3,21.3,20.3,20.3,19.8,19.8,21.3,21.3,20.9,20.9,20.9,21.1,21.1,21.8,0,0,0,0,0,0,0,0,0,0,0,0,0,0,0,-0.707106781,0.707106781
123,Waiting,447.4,109503.3,0,403.8,99390.4,228.2,225.5,227.7,132.5,130.5,130.3,0,0,0,60,1,29,38.8,31,0,28.3,0,0,0,0,0/0,0,0,0,2586,9,0,0,0,21.5,20.5,20,21.5,21.1,21.1,21.2,22,0,0,0,0,0,0,0,0,0,0,0,0,0,0,0,0,21.5,21.5,20.5,20.5,20,20,21.5,21.5,21.1,21.1,21.1,21.2,21.2,22,0,0,0,0,0,0,0,0,0,0,0,0,0,0,0,-0.707106781,0.707106781
123,Waiting,447.4,109503.3,0,403.8,99390.4,228.3,225.6,227.8,132.5,130.6,130.5,0,0,0,60,1,28.9,38.7,31,0,28.2,0,0,0,0,0/0,0,0,0,2586,9,0,0,0,21.4,20.4,19.9,21.4,21,20.8,21.1,21.9,0,0,0,0,0,0,0,0,0,0,0,0,0,0,0,0,21.4,21.4,20.4,20.4,19.9,19.9,21.4,21.4,21,21,20.8,21.1,21.1,21.9,0,0,0,0,0,0,0,0,0,0,0,0,0,0,0,-0.707106781,0.707106781
123,Waiting,447.4,109503.3,0,403.8,99390.4,228.2,225.4,227.6,132.5,130.5,130.3,0,0,0,60,1,28.9,38.7,30.9,0,28.2,0,0,0,0,0/0,0,0,0,2586,9,0,0,0,21.4,20.4,20,21.4,21,21,21.2,21.9,0,0,0,0,0,0,0,0,0,0,0,0,0,0,0,0,21.4,21.4,20.4,20.4,19.9,19.9,21.4,21.4,21,21,21,21.1,21.1,21.9,0,0,0,0,0,0,0,0,0,0,0,0,0,0,0,-0.707106781,0.707106781
123,Waiting,447.4,109503.3,0,403.8,99390.4,228.7,225.8,228.2,132.8,130.7,130.6,0,0,0,60,1,28.9,38.6,30.9,0,28.2,0,0,0,0,0/0,0,0,0,2586,9,0,0,0,21.7,20.8,20.3,21.8,21.4,21.4,21.5,22.2,0,0,0,0,0,0,0,0,0,0,0,0,0,0,0,0,21.8,21.8,20.8,20.8,20.3,20.3,21.8,21.8,21.4,21.4,21.4,21.5,21.5,22.3,0,0,0,0,0,0,0,0,0,0,0,0,0,0,0,-0.707106781,0.707106781
123,Waiting,447.4,109503.3,0,403.8,99390.4,228.5,225.6,228,132.7,130.6,130.5,0,0,0,60,1,28.8,38.6,30.9,0,28.1,0,0,0,0,0/0,0,0,0,2586,9,0,0,0,21.7,20.7,20.3,21.7,21.3,21.3,21.5,22.3,0,0,0,0,0,0,0,0,0,0,0,0,0,0,0,0,21.7,21.7,20.8,20.8,20.3,20.3,21.8,21.8,21.3,21.3,21.4,21.5,21.5,22.3,0,0,0,0,0,0,0,0,0,0,0,0,0,0,0,-0.5,0.866025404
123,Waiting,447.4,109503.3,0,403.8,99390.4,228.3,225.4,228,132.7,130.5,130.4,0,0,0,60,1,28.7,38.5,30.8,0,28,0,0,0,0,0/0,0,0,0,2586,9,0,0,0,21.8,20.9,20.4,21.9,21.4,21.5,21.6,22.3,0,0,0,0,0,0,0,0,0,0,0,0,0,0,0,0,21.9,21.9,20.9,20.9,20.4,20.4,21.9,21.9,21.5,21.5,21.5,21.6,21.6,22.4,0,0,0,0,0,0,0,0,0,0,0,0,0,0,0,-0.5,0.866025404
123,Waiting,447.4,109503.3,0,403.8,99390.4,228.6,225.8,228.4,132.9,130.7,130.6,0,0,0,59.9,1,28.7,38.4,30.8,0,28,0,0,0,0,0/0,0,0,0,2586,9,0,0,0,21.9,20.9,20.4,21.9,21.5,21.5,21.6,22.3,0,0,0,0,0,0,0,0,0,0,0,0,0,0,0,0,21.9,21.9,20.9,20.9,20.4,20.4,21.9,21.9,21.5,21.5,21.5,21.6,21.6,22.3,0,0,0,0,0,0,0,0,0,0,0,0,0,0,0,-0.5,0.866025404
123,Waiting,447.4,109503.3,0,403.8,99390.4,228.4,225.6,228,132.7,130.6,130.5,0,0,0,59.9,1,28.6,38.4,30.7,0,28,0,0,0,0,0/0,0,0,0,2586,9,0,0,0,22.1,21.1,20.6,22,21.6,21.6,21.8,22.5,0,0,0,0,0,0,0,0,0,0,0,0,0,0,0,0,22,22,21.1,21.1,20.6,20.6,22,22,21.6,21.6,21.7,21.8,21.8,22.5,0,0,0,0,0,0,0,0,0,0,0,0,0,0,0,-0.5,0.866025404
123,Waiting,447.4,109503.3,0,403.8,99390.4,228.4,225.5,228,132.7,130.6,130.5,0,0,0,60,1,28.6,38.3,30.6,0,27.9,0,0,0,0,0/0,0,0,0,2586,9,0,0,0,22.2,21.2,20.7,22.2,21.8,21.8,21.9,22.6,0,0,0,0,0,0,0,0,0,0,0,0,0,0,0,0,22.2,22.2,21.2,21.2,20.7,20.7,22.2,22.2,21.8,21.8,21.8,21.9,21.9,22.7,0,0,0,0,0,0,0,0,0,0,0,0,0,0,0,-0.5,0.866025404
123,Waiting,447.4,109503.3,0,403.8,99390.4,228.3,225.4,227.9,132.6,130.5,130.4,0,0,0,60,1,28.6,38.2,30.6,0,27.9,0,0,0,0,0/0,0,0,0,2586,9,0,0,0,22.2,21.3,20.8,22.3,21.8,21.9,22,22.7,0,0,0,0,0,0,0,0,0,0,0,0,0,0,0,0,22.2,22.2,21.2,21.2,20.8,20.8,22.2,22.2,21.8,21.8,21.9,22,22,22.7,0,0,0,0,0,0,0,0,0,0,0,0,0,0,0,-0.5,0.866025404
123,Waiting,447.4,109503.3,0,403.8,99390.4,228.3,225.3,228,132.7,130.5,130.4,0,0,0,60,1,28.5,38.2,30.5,0,27.8,0,0,0,0,0/0,0,0,0,2586,9,0,0,0,22.4,21.4,20.9,22.4,22,22,22.1,22.8,0,0,0,0,0,0,0,0,0,0,0,0,0,0,0,0,22.3,22.3,21.4,21.4,20.8,20.8,22.4,22.4,21.9,21.9,22,22.1,22.1,22.8,0,0,0,0,0,0,0,0,0,0,0,0,0,0,0,-0.5,0.866025404
123,Waiting,447.4,109503.3,0,403.8,99390.4,228.3,225.4,227.9,132.6,130.5,130.4,0,0,0,60,1,28.4,38.1,30.5,0,27.8,0,0,0,0,0/0,0,0,0,2586,9,0,0,0,22.5,21.5,21,22.5,22.1,22.1,22.2,22.9,0,0,0,0,0,0,0,0,0,0,0,0,0,0,0,0,22.5,22.5,21.5,21.5,21,21,22.5,22.5,22,22,22.1,22.2,22.2,22.9,0,0,0,0,0,0,0,0,0,0,0,0,0,0,0,-0.5,0.866025404
123,Waiting,447.4,109503.3,0,403.8,99390.4,227.9,225,227.6,132.4,130.2,130.2,0,0,0,60,1,28.4,38.1,30.4,0,27.7,0,0,0,0,0/0,0,0,0,2586,9,0,0,0,22.6,21.6,21.1,22.6,22.2,22.3,22.3,23,0,0,0,0,0,0,0,0,0,0,0,0,0,0,0,0,22.6,22.6,21.6,21.6,21.1,21.1,22.6,22.6,22.2,22.2,22.3,22.4,22.4,23.1,0,0,0,0,0,0,0,0,0,0,0,0,0,0,0,-0.5,0.866025404
123,Waiting,447.4,109503.3,0,403.8,99390.4,228.2,225.3,228,132.6,130.4,130.4,0,0,0,60,1,28.3,38,30.3,0,27.7,0,0,0,0,0/0,0,0,0,2586,9,0,0,0,22.7,21.7,21.2,22.7,22.3,22.4,22.4,23.2,0,0,0,0,0,0,0,0,0,0,0,0,0,0,0,0,22.7,22.7,21.7,21.7,21.2,21.2,22.7,22.7,22.3,22.3,22.4,22.4,22.4,23.2,0,0,0,0,0,0,0,0,0,0,0,0,0,0,0,-0.5,0.866025404
123,Waiting,447.4,109503.3,0,403.8,99390.4,228.2,225.3,228,132.6,130.4,130.4,0,0,0,60,1,28.3,38,30.3,0,27.6,0,0,0,0,0/0,0,0,0,2586,9,0,0,0,22.8,21.8,21.3,22.8,22.4,22.4,22.5,23.2,0,0,0,0,0,0,0,0,0,0,0,0,0,0,0,0,22.8,22.8,21.8,21.8,21.3,21.3,22.8,22.8,22.4,22.4,22.4,22.5,22.5,23.2,0,0,0,0,0,0,0,0,0,0,0,0,0,0,0,-0.5,0.866025404
123,Waiting,447.4,109503.3,0,403.8,99390.4,228.3,225.4,227.8,132.6,130.5,130.3,0,0,0,60,1,28.3,37.9,30.2,0,27.6,0,0,0,0,0/0,0,0,0,2586,9,0,0,0,22.9,21.9,21.4,22.9,22.5,22.5,22.6,23.3,0,0,0,0,0,0,0,0,0,0,0,0,0,0,0,0,22.8,22.8,21.9,21.9,21.4,21.4,22.9,22.9,22.5,22.5,22.5,22.6,22.6,23.3,0,0,0,0,0,0,0,0,0,0,0,0,0,0,0,-0.5,0.866025404
123,Waiting,447.4,109503.3,0,403.8,99390.4,228.2,225.2,227.8,132.6,130.4,130.3,0,0,0,60,1,28.2,37.9,30.2,0,27.6,0,0,0,0,0/0,0,0,0,2586,9,0,0,0,23,22.1,21.5,23,22.6,22.7,22.8,23.5,0,0,0,0,0,0,0,0,0,0,0,0,0,0,0,0,23,23,22.1,22.1,21.6,21.6,23,23,22.6,22.6,22.7,22.8,22.8,23.5,0,0,0,0,0,0,0,0,0,0,0,0,0,0,0,-0.258819045,0.965925826
123,Waiting,447.4,109503.3,0,403.8,99390.4,227.9,225,227.7,132.4,130.3,130.2,0,0,0,60,1,28.1,37.8,30.2,0,27.5,0,0,0,0,0/0,0,0,0,2586,9,0,0,0,23.2,22.3,21.7,23.2,22.8,22.9,22.9,23.6,0,0,0,0,0,0,0,0,0,0,0,0,0,0,0,0,23.2,23.2,22.3,22.3,21.7,21.7,23.2,23.2,22.8,22.8,22.9,22.9,22.9,23.6,0,0,0,0,0,0,0,0,0,0,0,0,0,0,0,-0.258819045,0.965925826
123,Waiting,447.4,109503.3,0,403.8,99390.4,228.1,225.2,228,132.6,130.3,130.3,0,0,0,60,1,28.1,37.8,30.1,0,27.5,0,0,0,0,0/0,0,0,0,2586,9,0,0,0,23.2,22.3,21.7,23.2,22.8,22.9,22.9,23.7,0,0,0,0,0,0,0,0,0,0,0,0,0,0,0,0,23.2,23.2,22.3,22.3,21.7,21.7,23.2,23.2,22.8,22.8,22.9,22.9,22.9,23.7,0,0,0,0,0,0,0,0,0,0,0,0,0,0,0,-0.258819045,0.965925826
123,Waiting,447.4,109503.3,0,403.8,99390.4,228,224.8,227.7,132.5,130.2,130.2,0,0,0,60,1,28.1,37.7,30.1,0,27.4,0,0,0,0,0/0,0,0,0,2586,9,0,0,0,23.4,22.5,21.9,23.4,23,23.1,23.1,23.8,0,0,0,0,0,0,0,0,0,0,0,0,0,0,0,0,23.4,23.4,22.5,22.5,21.9,21.9,23.4,23.4,23,23,23,23.1,23.1,23.8,0,0,0,0,0,0,0,0,0,0,0,0,0,0,0,-0.258819045,0.965925826
123,Waiting,447.4,109503.3,0,403.8,99390.4,228,224.9,227.7,132.5,130.3,130.2,0,0,0,60,1,28.1,37.7,30.1,0,27.4,0,0,0,0,0/0,0,0,0,2586,9,0,0,0,23.4,22.5,22,23.4,23,23.1,23.2,23.9,0,0,0,0,0,0,0,0,0,0,0,0,0,0,0,0,23.4,23.4,22.5,22.5,21.9,21.9,23.4,23.4,23,23,23.1,23.2,23.2,23.9,0,0,0,0,0,0,0,0,0,0,0,0,0,0,0,-0.258819045,0.965925826
123,Waiting,447.4,109503.3,0,403.8,99390.4,228.2,225.1,227.8,132.6,130.4,130.2,0,0,0,60,1,28.1,37.7,30,0,27.4,0,0,0,0,0/0,0,0,0,2586,9,0,0,0,23.5,22.6,22,23.5,23.1,23.2,23.2,24,0,0,0,0,0,0,0,0,0,0,0,0,0,0,0,0,23.5,23.5,22.6,22.6,22,22,23.5,23.5,23.1,23.1,23.2,23.2,23.2,24,0,0,0,0,0,0,0,0,0,0,0,0,0,0,0,-0.258819045,0.965925826
123,Waiting,447.4,109503.3,0,403.8,99390.4,227.1,224,226.5,131.8,129.8,129.5,0,0,0,60,1,28,37.6,30,0,27.4,0,0,0,0,0/0,0,0,0,2586,9,0,0,0,53.6,35.8,52.3,53.6,53.2,40.9,53.3,51,0,0,0,0,0,0,0,0,0,0,0,0,0,0,0,0,53.3,53.3,35.8,35.8,52,52,53.3,53.3,52.9,52.9,40.8,53,53,50.9,0,0,0,0,0,0,0,0,0,0,0,0,0,0,0,-0.258819045,0.965925826
123,Waiting,447.4,109503.3,0,403.8,99390.4,228.3,225.1,227.9,132.7,130.4,130.3,0,0,0,60,1,28,37.6,30,0,27.4,0,0,0,0,0/0,0,0,0,2586,9,0,0,0,59.2,36.8,58,59.2,58.9,44,59,52.5,0,0,0,0,0,0,0,0,0,0,0,0,0,0,0,0,59.2,59.2,36.8,36.8,58,58,59.2,59.2,58.8,58.8,44,59,59,52.6,0,0,0,0,0,0,0,0,0,0,0,0,0,0,0,-0.258819045,0.965925826
123,Waiting,447.4,109503.3,0,403.8,99390.4,228.4,225.3,227.9,132.7,130.5,130.3,0,0,0,60,1,28,37.6,30,0,27.4,0,0,0,0,0/0,0,0,0,2586,9,0,0,0,61,37.5,59.8,61,60.6,44.5,60.7,53.1,0,0,0,0,0,0,0,0,0,0,0,0,0,0,0,0,60.9,60.9,37.5,37.5,59.8,59.8,61,61,60.6,60.6,44.4,60.8,60.8,53.2,0,0,0,0,0,0,0,0,0,0,0,0,0,0,0,-0.258819045,0.965925826
123,Waiting,447.4,109503.3,0,403.8,99390.4,227.6,224.5,226.8,132.1,130.1,129.8,0,0,0,60,1,28,37.6,30,0,27.4,0,0,0,0,0/0,0,0,0,2586,9,0,0,0,60.9,37.8,59.7,61,60.6,44.6,60.7,53.2,0,0,0,0,0,0,0,0,0,0,0,0,0,0,0,0,60.9,60.9,37.8,37.8,59.7,59.7,61,61,60.6,60.6,44.7,60.7,60.7,53.2,0,0,0,0,0,0,0,0,0,0,0,0,0,0,0,-0.258819045,0.965925826
123,Waiting,447.4,109503.3,0,403.8,99390.4,227.7,224.6,227,132.2,130.2,129.9,0,0,0,60,1,28,37.6,30,0,27.4,0,0,0,0,0/0,0,0,0,2586,9,0,0,0,60.6,37.8,59.4,60.6,60.3,44.6,60.4,53.3,0,0,0,0,0,0,0,0,0,0,0,0,0,0,0,0,60.6,60.6,37.7,37.7,59.4,59.4,60.6,60.6,60.3,60.3,44.6,60.4,60.4,53.3,0,0,0,0,0,0,0,0,0,0,0,0,0,0,0,-0.258819045,0.965925826
123,Waiting,447.4,109503.3,0,403.8,99390.4,227.5,224.5,226.9,132.1,130.1,129.8,0,0,0,60,1,28,37.5,30,0,27.3,0,0,0,0,0/0,0,0,0,2586,9,0,0,0,60.3,38,59.1,60.4,60,44.7,60.1,53.3,0,0,0,0,0,0,0,0,0,0,0,0,0,0,0,0,60.3,60.3,38,38,59.1,59.1,60.4,60.4,60,60,44.7,60.1,60.1,53.3,0,0,0,0,0,0,0,0,0,0,0,0,0,0,0,-0.258819045,0.965925826
