model,requested_max_depth,actual_tree_depth,n_leaves,train_score,test_score,train_error,test_error
Shallow Tree,2,2,4,0.05453530109962279,-0.00920474664096238,0.28043687909201603,0.2993222669466318
Best Tree,4,4,15,0.12924531190980482,-0.0018609576068506772,0.26912892517168246,0.29823122318106327
Deep Tree,10,10,244,0.5755535404663665,-0.269118964270741,0.187898764264783,0.3356607420751366
