model,requested_max_depth,actual_tree_depth,n_leaves,train_score,test_score,train_error,test_error
Shallow Tree,2,2,4,0.2853236712735444,0.1812338408177273,3.825776615146434,4.242424970704259
Best Tree,2,2,4,0.2853236712735444,0.1812338408177273,3.825776615146434,4.242424970704259
Deep Tree,10,10,80,0.4341878731138077,0.11855969809617017,3.4040900095819167,4.40180379069233
